<ID|readonly|noverify>;<NewLanguage>
weapons/cannonMGC30L;2 cm-Flugabwehrkanone C/30L;
weapons/cannonType5;五式3cm固定機銃;
weapons/cannonType5_external;五式3cm固定機銃;
weapons/gunType97;九七式7.7mm固定機銃;
weapons/gunType97_turret;九七式7.7mm固定機銃;
weapons/cannonType99;九九式二十粍機銃一号;
weapons/cannonType99_turret;九九式二十粍機銃一号;
weapons/cannonType99Mod2_mark3_turret;九九式二十粍機銃二号三型;
weapons/cannonType99Mod2_mark5_turret;九九式二十粍機銃二号五型;
weapons/gunMAC34;7,5 mm Mitrailleuse d'Aviation MAC modèle 1934;
weapons/gunMAC34_turret;7,5 mm Mitrailleuse d'Aviation MAC modèle 1934;
weapons/gunMAC34T_turret;7,5 mm Mitrailleuse d'Aviation MAC modèle 1934T;
weapons/gunDarne23;7,5 mm Mitrailleuse légère Darne modèle 1923;
weapons/gunDarne23_turret;7,5 mm Mitrailleuse légère Darne modèle 1923;
weapons/cannonHispano_hs9;20 mm Hispano-Suiza Tipo HS.9;
weapons/cannonHispano_hs825;30 mm Hispano-Suiza Tipo HS.825;
weapons/cannonHispano_hs825/short;HS.825;
weapons/cannonHo3;試製20mm固定機関砲;
weapons/cannonT15E1;Gun, 75-mm, T15E1;
weapons/cannonType97;試製20mm固定機銃;
weapons/cannonType_23L;23毫米3L型航空机关炮
weapons/cannonType_23_1;23毫米1型航空机关炮
weapons/cannonType_23_1_plane;23毫米1型航空机关炮
weapons/cannonType97_turret;試製20mm固定機銃;
weapons/gunBredaSAFAT127;Breda-SAFAT da 12,7 mm;
weapons/gunBredaSAFAT127_turret;Breda-SAFAT da 12,7 mm;
weapons/gunBredaSAFAT77;Breda-SAFAT da 7,7 mm;
weapons/gunBredaSAFAT77_turret;Breda-SAFAT da 7,7 mm;
weapons/gunScotti127_turret;Mitragliatrice Scotti-Isotta Fraschini da 12,7;
weapons/gunDarne33;7,5 mm Mitrailleuse Darne modèle 1933;
weapons/gunMle38;7,5 mm FN modèle 1938;
weapons/gunBrowning303;.303” Machine Gun, Browning Mk. II;
weapons/gunBrowning303_turret;.303” Machine Gun, Browning Mk. II;
weapons/gunBrowning303_raf;.303” Machine Gun, Browning Mk. II;
weapons/gunBrowning30_usaaf;Machine Gun, Caliber .50: AN/M2, Aircraft, Basic;
weapons/gunBrowning30_usaaf_1935;Machine Gun, Caliber .50: AN/M2, Aircraft, Basic;
weapons/gunBrowning30_turret;Machine Gun, Caliber .50: AN/M2, Aircraft, Basic;
weapons/gunBrowning50_M3;Machine Gun, Caliber .50: AN/M3, Aircraft, Basic;
weapons/gunFN_M3P;12,7 mm FN M3P;
weapons/gunfn_60_30;7,62 mm FN MAG 60-30;
weapons/gunfn_60_30_mgp;7,62 mm FN MAG 60-40;
weapons/gunFN_M3P_cwp;12,7 mm FN M3P;
weapons/gunFN_M3M;12,7 mm FN M3M;
weapons/gunBrowning50_M3_underwing;Machine Gun, Caliber .50: AN/M3, Aircraft, Basic;
weapons/gunBrowning50_early;Machine Gun, Caliber .50: AN/M2, Aircraft, Basic;
weapons/gunBrowning50_early_1935;Machine Gun, Caliber .50: AN/M2, Aircraft, Basic;
weapons/gunBrowning50_M2;Machine Gun, Caliber .50: AN/M2, Aircraft, Basic;
weapons/gunLKk_42;VKT 12,70 Lento-Konekivääri/42;
weapons/gunLKk_42/short;Lento-Konekivääri/42;
weapons/gunBrowning50_M2_late;Machine Gun, Caliber .50: AN/M2, Aircraft, Basic;
weapons/gunBrowning50_M2_underwing;Machine Gun, Caliber .50: AN/M2, Aircraft, Basic;
weapons/gunBrowning50;Machine Gun, Caliber .50: AN/M2, Aircraft, Basic;
weapons/gunBrowning50_raf;.50” Machine Gun, Browning M2;
weapons/gunBrowning50_raf_tutorial;.50” Machine Gun, Browning M2;
weapons/gunBrowning50_raf_tutorial/short;Browning M2;
weapons/gunBrowning50_raf_turret;.50” Machine Gun, Browning M2;
weapons/gunBrowning50_usaaf;Browning Machine Gun, Caliber .50, AN/M2 (Aircraft);
weapons/gunBrowning50_turret;Browning Machine Gun, Caliber .50, AN/M2 (Aircraft);
weapons/gunBrowning50_turret_late;Browning Machine Gun, Caliber .50, AN/M2 (Aircraft);
weapons/gunDA762;7,62-мм авиационный пулемёт ДА;
weapons/cannonHispanoMkI;20 mm Hispano-Suiza Mk. I;
weapons/cannonHispano404;20 mm Hispano-Suiza Tipo 404;
weapons/gunBrowningM36No3;7,7 mm FN-Browning M. 36 No. 3;
weapons/gunBrowningM36No3/short;M. 36 No. 3;
weapons/gunBrowningM36No3Holand;7,7 mm FN-Browning M. 36 No. 3;
weapons/gunBrowningM36No3Holand/short;M. 36 No. 3;
weapons/gunBrowningM36No4Holand_turret;7,7 mm FN-Browning M. 36 No. 4;
weapons/gunBrowningM36No4Holand_turret/short;M. 36 No. 4;
weapons/cannonOerliconFF;20 mm Oerlikon FF;
weapons/cannonOerliconFF/short;FF;
weapons/cannonHispano404_turret;20 mm Hispano-Suiza Tipo 404;
weapons/cannonHispanoMkII;20 mm Hispano-Suiza Mk. II;
weapons/cannonHispanoMkII_tutorial;20 mm Hispano-Suiza Mk. II;
weapons/cannonHispanoMkII_tutorial/short;Mk. II;
weapons/cannonHispanoMkV;20 mm Hispano-Suiza Mk. V;
weapons/cannonHispanoMkV_turret;20 mm Hispano-Suiza Mk. V;
weapons/cannonSAA;Cannone da 102/40 Mod. 14;
weapons/cannonVickers_S;40 mm Gun, Vickers S;
weapons/cannonVickers_S_underwing;40 mm Gun, Vickers S;
weapons/cannonVickers_P;47 mm Gun, Vickers P;
weapons/gunVikkersMkI;Machine Gun, .303”, Vickers Mk. I
weapons/gunLMG0815;7,92-mm Leichte-Maschinengewehr 08/15
weapons/cannonAN_M2;Gun, 20-mm, Automatic: AN/M2 (Aircraft);
weapons/cannonRollsRoyceBH;40 mm Rolls-Royce BH;
weapons/cannonT31;20 mm Automatic Gun, T31;
weapons/cannonAN_M3;Gun, 20-mm, Automatic: AN/M3 (Aircraft);
weapons/cannonT_160;Gun, 20-mm, Automatic: FMC T-160;
weapons/cannonM39;Gun, 20-mm, Automatic: M39;
weapons/cannonM24A1;Gun, 20-mm, Automatic: M24A1;
weapons/cannonGLAT_M621;20 mm GIAT M621;
weapons/cannonGLAT_M791;30 mm GIAT M791;
weapons/gunHo103;一式12,7mm固定機銃;
weapons/gunHo104_turret;一式12,7mm固定機関砲;
weapons/gunHo103_turret;一式12,7mm旋回機関砲;
weapons/cannonM4;Gun, 37-mm, Automatic: AN/M4 (Aircraft);
weapons/cannonM9;Gun, 37-mm, Automatic: AN/M9;
weapons/gunMG131;13 mm-Flugzeugmaschinengewehr 131;
weapons/gunMG131_turret;13 mm-Flugzeugmaschinengewehr 131;
weapons/cannonMG15115;15 mm-Flugzeugmaschinengewehr 151;
weapons/cannonMG15115_underwing;15 mm-Flugzeugmaschinengewehr 151;
weapons/cannonMG15120;20 mm-Flugzeugmaschinengewehr 151/20;
weapons/cannonMG15120_underwing;20 mm-Flugzeugmaschinengewehr 151/20;
weapons/cannon_ff_k_45;20 mm Flugzeugflügelkanone HS 45
weapons/cannon_ff_k_45/short;FFK HS 45
weapons/cannon_fm_k_45;20 mm Flugzeugmotorkanone HS 45
weapons/cannon_fm_k_45/short;FMK HS 45
weapons/gun_fl_mg_27;7,5 mm Flieger-Maschinengewehr 29
weapons/gun_fl_mg_27/short;Fl.Mg. 29
weapons/gun_mg_29_turret;7,5 mm Beobachtungs-Doppel-Maschinengewehr. 29
weapons/gun_mg_29_turret/short;Beob.Doppel.Mg. 29
weapons/gunMG15;7,92 mm-Flugzeugmaschinengewehr 15;
weapons/gunMG14_turret7,92-mm Maschinengewehr 14
weapons/gunMG14_turret/short;MG 14
weapons/gunMG17_turret;7,92 mm-Flugzeugmaschinengewehr 17;
weapons/gunMG15_turret;7,92 mm-Flugzeugmaschinengewehr 15;
weapons/gunType98_turret;九八式7,92mm旋回機関銃;
weapons/gun_type1_turret;一式7,92mm旋回機銃;
weapons/gunType98;九八式7,92mm旋回機関銃;
weapons/gunMG17;7,92 mm-Flugzeugmaschinengewehr 17;
weapons/gunMG81;7,92 mm-Flugzeugmaschinengewehr 81;
weapons/gunMG81_turret;7,92 mm-Flugzeugmaschinengewehr 81;
weapons/gunMG81_underwing;7,92 mm-Flugzeugmaschinengewehr 81;
weapons/cannonMGFF;20 mm-Flugzeugmaschinengewehr FF;
weapons/cannonMGFF_turret;20 mm-Flugzeugmaschinengewehr FF;
weapons/cannonMGFFM;20 mm-Flugzeugmaschinengewehr FF/M;
weapons/cannonMK103;3 cm-Flugzeugmaschinenkanone 103;
weapons/cannonMK101;3 cm-Flugzeugmaschinenkanone 101;
weapons/cannonMK101/short;MK 101;
weapons/cannonMK108;3 cm-Flugzeugmaschinenkanone 108;
weapons/cannonMK103_underwing;3 cm-Flugzeugmaschinenkanone 103;
weapons/cannonMK103_underwing_go229;3 cm-Flugzeugmaschinenkanone 103;
weapons/cannonMK108_underwing;3 cm-Flugzeugmaschinenkanone 108;
weapons/cannonNR23;23-мм авиационная пушка НР-23;
weapons/cannonNR23_turret;23-мм авиационная пушка НР-23;
weapons/cannonType_23_1_plane_turret;23毫米1型航空机关炮;
weapons/cannonNS23;23-мм авиационная пушка НC-23;
weapons/cannonNS23k;23-мм авиационная пушка НC-23K;
weapons/cannonNS37;37-мм авиационная пушка НC-37;
weapons/cannonNS37_su_6;37-мм авиационная пушка НC-37;
weapons/cannonNS37_assault;37-мм авиационная пушка НC-37;
weapons/cannonSH37;37-мм авиационная пушка Ш-37;
weapons/cannonSH37/short;Ш-37;
weapons/cannonNS45;45-мм авиационная пушка НC-45;
weapons/cannonNS45_heavy_aircrafts;45-мм авиационная пушка НC-45;
weapons/cannonNS45_heavy_aircrafts/short;НC-45;
weapons/cannonN37D;37-мм авиационная пушка Н-37Д;
weapons/cannonType37_1;37-1型航空机炮;
weapons/cannonN37;37-мм авиационная пушка Н-37;
weapons/cannonB20;20-мм авиационная пушка Б-20;
weapons/cannonB20S;20-мм авиационная пушка Б-20C;
weapons/cannonB20M;20-мм авиационная пушка Б-20М;
weapons/cannonB20_turret;20-мм авиационная пушка УБ-20;
weapons/cannonBT20_turret;20-мм авиационная пушка БТ-20;
weapons/gunShKAS;7,62-мм авиационный пулемёт ШКАС;
weapons/gunShKAS_turret;7,62-мм авиационный пулемёт ШКАС;
weapons/cannonShVAK;20-мм авиационная пушка ШВАК;
weapons/cannonShVAKS;20-мм авиационная пушка ШВАК;
weapons/cannonShVAK_turret;20-мм авиационная пушка ШВАК;
weapons/cannonShVAK_early;20-мм авиационная пушка ШВАК;
weapons/gunUB;12,7-мм авиационный пулемёт УБС;
weapons/gunUBK;12,7-мм авиационный пулемёт УБK;
weapons/gunUBK_turret;12,7-мм авиационный пулемёт УБK;
weapons/gunUB_turret;12,7-мм авиационный пулемёт УБТ;
weapons/gunTe-1_turret;7,7mm試製単銃身旋回機関銃一型;
weapons/gunVikkersK;Machine Gun, .303”, Vickers, GO, No. 2, Mk. I;
weapons/gunVikkersK_turret;Machine Gun, .303”, Vickers, GO, No. 2, Mk. I;
weapons/gunVikkersE;Machine Gun, .303”, Vickers E;
weapons/cannonVYa;23-мм авиационная пушка ВЯ;
weapons/gunUBS;12,7-мм авиационный пулемёт УБС;
weapons/gunType89;八九式7,7mm固定機関銃;
weapons/gunType89_turret;八九式7,7mm旋回機関銃;
weapons/gunTe4;7,7mm試製単銃身旋回機関銃二型;
weapons/gunType89s_turret;八九式7,7mm旋回機関銃改良;
weapons/gunType92;九二式7,7mm機銃;
weapons/gunType92_turret;九二式7,7mm機銃;
weapons/cannonType99Mk2;九九式二十粍機銃二号;
weapons/gunMAC39;7,5 mm Mitrailleuse d'Aviation MAC modèle 1934 modifié 39;
weapons/gunMAC39_turret;7,5 mm Mitrailleuse d'Aviation MAC modèle 1934 modifié 39;
weapons/cannonM10;Gun, 37-mm, Automatic: M10 (Aircraft);
weapons/cannonmk103;3 cm-Flugzeugmaschinenkanone 103;
weapons/cannonmk108;3 cm-Flugzeugmaschinenkanone 108;
weapons/cannonBK5;5 cm-Bordkanone 5;
weapons/gunPV1;7,62-мм авиационный пулемёт ПВ-1;
weapons/gunBrowningFN_french;Mitrailleuse d'Avion Browning-FN Calibre 7,5 mm;
weapons/gunFNBrowning_romania;.303” FN-Browning;
weapons/gunFNBrowning303;.303” FN-Browning;
weapons/gunLewis;.303” Machine Gun, Lewis Mk. III;
weapons/gunLewis_turret;.303” Machine Gun, Lewis Mk. III;
weapons/cannon_for_pony;Friend Mk. 3;
weapons/pony_rocket;Cracker Mk. 4;
weapons/de_sc50;50 kg SC 50JA;
weapons/de_sc50_default;50 kg SC 50JA;
weapons/de_sc50_default/short;SC 50;
weapons/de_sc250;250 kg SC 250JA;
weapons/de_sc250_default;250 kg SC 250JA;
weapons/de_sc250_default;SC 250JA
weapons/de_sc500;500 kg SC 500K;
weapons/de_sc_ag300;300 kg SC AG;
weapons/de_sc_ag300/short;SC AG
weapons/de_sc250_87;250 kg SC 250JA;
weapons/de_fx1400;1400 kg PC 1400X;
weapons/de_hs_293a1;Hs 293 A-1
weapons/de_hs_293a1/short;Hs 293 A-1
weapons/de_sc500_87;500 kg SC 500K;
weapons/de_sc1800b;1800 kg SC 1800B;
weapons/de_sc1000;1000 kg SC 1000L2;
weapons/de_sc1000_default;1000 kg SC 1000L2
weapons/de_sc1000_default/short;SC 1000
weapons/de_sd10a;10 kg SD 10C;
weapons/de_sd50;50 kg SD 50;
weapons/de_sd50/short;SD 50;
weapons/de_sd70;70 kg SD 70;
weapons/de_sd70/short;SD 70;
weapons/de_pc500_ap;500 kg PC 500;
weapons/de_pc500_ap/short;PC 500;
weapons/de_pd500_ap;500 kg PD 500;
weapons/de_pd500_ap/short;PD 500;
weapons/de_pc500_rs_ap;500 kg PC 500 RS;
weapons/de_pc500_rs_ap/short;PC 500 RS;
weapons/de_pc1000_ap;1000 kg PC 1000;
weapons/de_pc1000_ap/short;PC 1000;
weapons/de_pc1000_rs_ap;1000 kg PC 1000 RS;
weapons/de_pc1000_rs_ap/short;PC 1000 RS;
weapons/de_pc1600_ap;1000 kg PC 1600;
weapons/de_pc1600_ap/short;PC 1600;
weapons/de_pc1800_rs_ap;1000 kg PC 1800 RS;
weapons/de_pc1800_rs_ap/short;PC 1800 RS;
weapons/de_250_matra_25e;250 kg Matra 25E;
weapons/de_250_matra_25e/short;250 kg Matra 25E;
weapons/de_sc2500;2500 kg SC 2500;
weapons/de_sc2500/short;SC 2500
weapons/de_sb2500;2500 kg SB 2500
weapons/de_sb2500/short;SB 2500
weapons/de_x4_ruhrstahl;RK 344
weapons/de_x4_ruhrstahl/short;RK 344
weapons/fr_50kg_type_61c;50 kg Type 61C;
weapons/fr_50kg_type_61c/short;50 kg Type 61;
weapons/fr_750lb_m117_cone_90;Bomb, General Purpose: 750-lb, M117;
weapons/fr_750lb_m117_cone_45;Bomb, General Purpose: 750-lb, M117;
weapons/fr_750lb_m117_cone_90/short;750-lb M117;
weapons/fr_750lb_m117_cone_45/short;750-lb M117;
weapons/us_750lb_m117_cone_45;Bomb, General Purpose: 750-lb, M117;
weapons/us_750lb_m117_cone_45/short;750-lb M117;
weapons/us_750lb_m117_cone_45_japan;Bomb, General Purpose: 750-lb, JM117;
weapons/us_750lb_m117_cone_45_japan/short;750-lb JM117;
weapons/fr_matra_t_10_121b;T10 121;
weapons/fr_matra_t_10_121a;T10 121;
weapons/fr_matra_t_10_140b;T10 140;
weapons/fr_matra_t_10_140a;T10 140;
weapons/fr_matra_t_10_151b;T10 151;
weapons/fr_matra_t_10_151a;T10 151;
weapons/fr_sneb_type23;SNEB Type 23;
weapons/fr_sneb_type23_expo;SNEB Type 23;
weapons/fr_sneb_type23_late;SNEB Type 23;
weapons/fr_sneb_type23_late/short;SNEB Type 23;
weapons/fr_sneb_type23_md_460;SNEB Type 23;
weapons/fr_sneb_type23_md_460/short;SNEB Type 23;
weapons/fr_sneb_type26;SNEB Type 26;
weapons/fr_sneb_type26/short;SNEB Type 26;
weapons/fr_sneb_type23s;SNEB Type 23
weapons/fr_sneb_type23s/short;SNEB Type 23
weapons/fr_50kg_gammn;50 kg GA MMN 50;
weapons/fr_50kg_dt2;50 kg DT No. 2;
weapons/fr_100kg;100 kg No. 1;
weapons/fr_200kg;200 kg No. 1;
weapons/fr_500kg_3_1;500 kg No. 2;
weapons/fr_250_samp_type_25;250 kg SAMP Type 25;
weapons/fr_250_samp_type_25/short;250 kg SAMP Type 25;
weapons/fr_250_samp_type_25_default;250 kg SAMP Type 25;
weapons/fr_250_samp_type_25_default/short;250 kg SAMP Type 25;
weapons/fr_400_samp_type_21;400 kg SAMP Type 21;
weapons/fr_400_samp_type_21/short;400 kg SAMP Type 21;
weapons/fr_250_samp_type_25_200;250 kg SAMP Type 25 (Parachute);
weapons/fr_250_samp_type_25_200/short;250 kg SAM Type 21 (P);
weapons/fr_400_samp_type_21_200;400 kg SAMP Type 21 (Parachute);
weapons/fr_400_samp_type_21_200/short;400 kg SAMP Type 21 (P);
weapons/it_800kg_gp;800 kg GP 800;
weapons/fr_75kg_g2_navale;75 kg G2 Navale;
weapons/fr_75kg_g2_navale/short;75 kg G2;
weapons/fr_150kg_i2_navale;150 kg I2 Navale;
weapons/fr_150kg_i2_navale/short;150 kg I2;
weapons/it_250kg_gp;250 kg GP 250;
weapons/it_150kg_ap;150 kg AP 160;
weapons/it_100kg_m_vert;100 kg SAP 100;
weapons/it_100kg_m;100 kg SAP 100;
weapons/it_100kg_t_vert;100 kg GP 100;
weapons/it_100kg_t;100 kg GP 100;
weapons/it_50kg_t;50 kg GP 50;
weapons/it_50kg_t_vert;50 kg GP 50;
weapons/it_500kg_gp;500 kg GP 500;
weapons/it_160kg_ap;160 kg AP 160;
weapons/it_160kg_ap/short;AP 160;
weapons/it_250kg_gp_stuka;250 kg GP 250;
weapons/it_250kg_gp_stuka/short;GP 250;
weapons/it_500kg_gp_stuka;500 kg GP 500;
weapons/it_500kg_gp_stuka/short;GP 500;
weapons/it_630kg_ap;630 kg PD 630;
weapons/it_630kg_ap/short;PD 630;
weapons/nld_50kg;Vliegtuigbom 50;
weapons/nld_50kg/short;50 kg;
weapons/nld_100kg;Vliegtuigbom 100;
weapons/nld_100kg/short;100 kg;
weapons/nld_300kg;Vliegtuigbom 300;
weapons/nld_300kg/short;300 kg;
weapons/nld_400kg;Vliegtuigbom 400;
weapons/nld_400kg/short;400 kg;
weapons/jp_mod25mark2;250 kg 海軍二五番二型通常爆弾;
weapons/jp_mod50mark1;500 kg 海軍五〇番二型通常爆弾;
weapons/jp_mod50mark2;500 kg 海軍五〇番一型通常爆弾;
weapons/jp_mod80mark1;800 kg 海軍八〇番一型通常爆弾;
weapons/jp_type92mod25;250 kg 陸軍九二式陸用爆弾;
weapons/jp_type92mod50;500 kg 陸軍九二式陸用爆弾;
weapons/jp_type94mod10;100 kg 陸軍九四式陸用爆弾;
weapons/jp_type94mod5;50 kg 陸軍九四式陸用爆弾;
weapons/jp_navy_type97mod6_60kg;60 kg 海軍九七式六番陸用爆弾;
weapons/jp_navy_mod50mark1_500kg;500 kg 海軍五〇番一型通常爆弾;
weapons/jp_type97mod6;60 kg 海軍九七式六番陸用爆弾;
weapons/jp_type98mod25;250 kg 海軍九八式二五番陸用爆弾;
weapons/jp_type99mod25;250 kg 海軍九九式二五番一型通常爆弾;
weapons/jp_type99mod80;800 kg 海軍九九式二五番五型徹甲爆弾;
weapons/jp_navy_mod25mark2_250kg;250 kg 海軍二五番二型通常爆弾;
weapons/jp_navy_mod50mark2_500kg;250 kg 海軍二五番二型通常爆弾;
weapons/jp_navy_mod80mark1_800kg;800 kg 海軍八〇番一型通常爆弾;
weapons/jp_navy_type99mod25_250kg;250 kg 海軍九九式二五番通常爆弾;
weapons/jp_navy_type99mod80_800kg;800 kg 海軍九九式八〇番徹甲爆弾;
weapons/jp_navy_mod25mark2_250kg_default;250 kg 海軍二五番二型通常爆弾;
weapons/jp_navy_mod25mark2_250kg_default/short;250 kg 二五番;
weapons/su_rds4;Ядерная бомба РДС-4;
weapons/su_rds4/short;РДС-4;
weapons/us_mk6;Bomb, Nuclear, Mk. 6;
weapons/us_mk6/short;Mk. 6;
weapons/us_mk7;Bomb, Nuclear, Mk. 7;
weapons/us_mk7/short;Mk. 7;
weapons/fr_an52;AN-52;
weapons/fr_an52/short;AN-52;
weapons/su_rn_28;РН-28
weapons/su_rn_28/short;РН-28
weapons/us_b61;B61
weapons/us_b61/short;B61
weapons/jp_ijnaf_type_3_number_150_1500kg_ap;1500 kg 海軍三式一五〇番徹甲爆弾;
weapons/jp_ijnaf_type_3_number_150_1500kg_ap/short;1500 kg 三式;
weapons/su_fab100;100 kg авиационная бомба ФАБ-100М-43;
weapons/su_fab_3000m_46;3000 kg авиационная бомба ФАБ-3000М-46;
weapons/su_fab_1500m_46;1500 kg авиационная бомба ФАБ-1500М-46;
weapons/su_fab_1000m_44;1000 kg авиационная бомба ФАБ-1000М-44;
weapons/su_fab_1000m_44/short;ФАБ-1000М-44;
weapons/su_fab_1000m_43;1000 kg авиационная бомба ФАБ-1000М-43;
weapons/su_fab_1000m_43/short;ФАБ-1000М-43;
weapons/su_fab_500m_44;500 kg авиационная бомба ФАБ-500М-44;
weapons/su_fab_500m_44/short;ФАБ-500М-44;
weapons/su_fab_500m_43;500 kg авиационная бомба ФАБ-500М-43;
weapons/su_fab_500m_43/short;ФАБ-500М-43;
weapons/su_fab_1500m_54;1500 kg авиационная бомба ФАБ-1500М-54
weapons/su_fab_1500m_54/short;ФАБ-1500М-54
weapons/su_fab_3000m_54;3000 kg авиационная бомба ФАБ-3000М-54
weapons/su_fab_3000m_54/short;ФАБ-3000М-54
weapons/us_special_weapon;Sani-Flush;
weapons/us_special_weapon/short;Sani-Flush;
weapons/su_zb_500;500 kg зажигательный бак ЗБ-500;
weapons/su_zb_500/short;ЗБ-500;
weapons/su_zb_360;360 kg зажигательный бак ЗБ-360;
weapons/su_zb_360/short;ЗБ-360;
weapons/us_blu27b;Bomb, Fire: 750-lb, BLU-27/B;
weapons/us_blu27b/short;BLU-27/B;
weapons/us_blu_1;Bomb, Fire: 750-lb, BLU-1/B;
weapons/us_blu_1/short;BLU-1/B;
weapons/br_binc_300;Bombas Incendiárias 300;
weapons/br_binc_300/short;BINC-300;
weapons/sws_400kg_febb_napalmbombe;400 kg FeBb Napalmbombe;
weapons/sws_400kg_febb_napalmbombe/short;400 kg FeBb;
weapons/us_500lb_mk77_mod2;Bomb, Fire: 750-lb, Mk 77 Mod 2;
weapons/us_500lb_mk77_mod2/short;500-lb Mk 77;
weapons/us_500lb_mk77_mod4;Bomb, Fire: 750-lb, Mk 77 Mod 4;
weapons/us_500lb_mk77_mod4/short;500-lb Mk 77;
weapons/de_flam_250;250 kg C. 250;
weapons/de_flam_250/short;C. 250;
weapons/de_flam_500;500 kg C. 500;
weapons/de_flam_500/short;C. 500;
weapons/fr_460l_secan_63;SECAN 63;
weapons/fr_460l_secan_63/short;SECAN 63;
weapons/il_380l_mk2_fire_bomb;Mk. 2;
weapons/il_380l_mk2_fire_bomb/short;Mk. 2;
weapons/it_250kg_napalm_aerea_559g1;250 kg Aerea 559G1;
weapons/it_250kg_napalm_aerea_559g1/short;559G1;
weapons/sw_500kg_brandbomb_m58;500 kg brandbomb m/58;
weapons/sw_500kg_brandbomb_m58/short;m/58;
weapons/us_250_lb_blu_10b;Bomb, Fire: 250-lb BLU-10/B;
weapons/us_250_lb_blu_10b/short;BLU-10/B;
weapons/us_500_lb_blu_23b;Bomb, Fire: 500-lb BLU-23/B;
weapons/us_500_lb_blu_23b/short;BLU-23/B;
weapons/us_750_lb_m116a2;Bomb, Fire: 750-lb M116A2;
weapons/us_750_lb_m116a2/short;M116A2;
weapons/us_750lb_mk_78_mod_2;Bomb, Fire: 750-lb Mk 78 Mod 2;
weapons/us_750lb_mk_78_mod_2/short;Mk 78 Mod 2;
weapons/us_750lb_mk77_mod0;Bomb, Fire: 750-lb Mk 77 Mod 0;
weapons/us_750lb_mk77_mod0/short;Mk 77 Mod 0;
weapons/us_1000_lb_mk_79_mod_0;Bomb, Fire: 1000-lb Mk 79 Mod 0;
weapons/us_1000_lb_mk_79_mod_0/short;Mk 79 Mod 0;
weapons/su_fab_250m_44;250 kg авиационная бомба ФАБ-250М-44;
weapons/su_fab_250m_44/short;ФАБ-250М-44;
weapons/su_fab_250m_43;250 kg авиационная бомба ФАБ-250М-43;
weapons/su_fab_250m_43/short;ФАБ-250М-43;
weapons/su_fab_100m_43;100 kg авиационная бомба ФАБ-100М-43;
weapons/su_fab_100m_43/short;ФАБ-100М-43;
weapons/su_fab_250m_46;250 kg авиационная бомба ФАБ-250М-46;
weapons/su_fab_250m_46/short;ФАБ-250М-46;
weapons/su_fab_500m_46;500 kg авиационная бомба ФАБ-500М-46;
weapons/su_fab_500m_46/short;ФАБ-500М-46;
weapons/su_fab1000;1000 kg авиационная бомба ФАБ-1000;
weapons/su_fab250;250 kg авиационная бомба ФАБ-250св;
weapons/su_fab50x;50 kg авиационная бомба ФАБ-50св;
weapons/su_fab50x/short;ФАБ-50св;
weapons/su_fab100x;100 kg авиационная бомба ФАБ-100св;
weapons/su_fab100x/short;ФАБ-100св;
weapons/su_fab250x;250 kg авиационная бомба ФАБ-250св;
weapons/su_fab250x/short;ФАБ-250св;
weapons/su_fab500x;500 kg авиационная бомба ФАБ-500св;
weapons/su_fab500x/short;ФАБ-500св;
weapons/su_fab1000x;1000 kg авиационная бомба ФАБ-1000св;
weapons/su_fab1000x/short;ФАБ-1000св;
weapons/su_fab500_m54;500 kg авиационная бомба ФАБ-500М-54;
weapons/su_fab500_m54/short;ФАБ-500М-54;
weapons/su_fab250_m54;500 kg авиационная бомба ФАБ-250М-54;
weapons/su_fab250_m54/short;ФАБ-250М-54;
weapons/su_fab250_270;250 kg авиационная бомба OФАБ-250-270;
weapons/su_fab250_270/short;OФАБ-250-270;
weapons/su_fab_250m_62;250 kg авиационная бомба ФАБ-250М-62;
weapons/su_fab_250m_62/short;ФАБ-250М-62;
weapons/su_brab_250_ap;250 kg авиационная бомба БрАБ-250;
weapons/su_brab_250_ap/short;БрАБ-250;
weapons/su_brab_500m43_ap;500 kg авиационная бомба БрАБ-500М-43;
weapons/su_brab_500m43_ap/short;БрАБ-500М-43;
weapons/su_brab_1000m43_ap;1000 kg авиационная бомба БрАБ-1000М-43;
weapons/su_brab_1000m43_ap/short;БрАБ-1000М-43;
weapons/su_fab_500m_62t;500 kg авиационная бомба ФАБ-500М-62;
weapons/su_fab_500m_62t/short;ФАБ-500М-62;
weapons/su_fab500_m54_china;500 kg авиационная бомба ФАБ-500М-54;
weapons/su_fab500_m54_china/short;ФАБ-500М-54;
weapons/su_ofab250_olive;250公斤2型航空爆破炸弹;
weapons/su_ofab250_olive/short;250-2型
weapons/su_ofab100_120;100 kg авиационная бомба OФАБ-100-120;
weapons/su_ofab100_120/short;OФAB-100-120;
weapons/su_ofab_100_120;100 kg авиационная бомба OФАБ-100
weapons/su_ofab_100_120/short;OФАБ-100
weapons/su_ofab_250_270;250 kg авиационная бомба OФАБ-250-270
weapons/su_ofab_250_270/short;OФАБ-250-270
weapons/su_ofab100m;100 kg авиационная бомба OФАБ-100М
weapons/su_ofab100m/short;OФАБ-100М
weapons/su_ofab250;250 kg авиационная бомба OФАБ-250св;
weapons/su_ao_25m_1;25 kg авиационная бомба AO-25М-1;
weapons/su_brab_220_1930_ap;220 kg авиационная бомба БрАБ-220;
weapons/su_brab_220_1930_ap/short;БрАБ-220;
weapons/su_brab_500_1938_ap;500 kg авиационная бомба БрАБ-500;
weapons/su_brab_500_1938_ap/short;БрАБ-500;
weapons/su_brab_1000_1938_ap;1000 kg авиационная бомба БрАБ-1000;
weapons/su_brab_1000_1938_ap/short;БрАБ-1000;
weapons/su_fab50;50 kg авиационная бомба ФАБ-50св;
weapons/su_fab50_default;50 kg авиационная бомба ФАБ-50св;
weapons/su_fab50_default/short;ФАБ-50св;
weapons/su_zab50fp;50 kg Зажигательный Бомба ЗАБ-50ФП;
weapons/su_zab50fp/short;ЗАБ-50ФП;
weapons/su_fab500;500 kg авиационная бомба ФАБ-500св;
weapons/su_ofab250sh;250 kg штурмовая авиационная бомба ОФАБ-250Ш;
weapons/su_ofab250sh/short;ОФАБ-250Ш;
weapons/su_fab500sh;500 kg штурмовая авиационная бомба ФАБ-500Ш;
weapons/su_fab500sh/short;ФАБ-500Ш;
weapons/su_kab_50tv;50 kg коррекция авиационная бомба КАБ-50ТВ;
weapons/su_kab_50tv/short;КАБ-50ТВ;
weapons/su_kab_50s;50 kg коррекция авиационная бомба КАБ-50С;
weapons/su_kab_50s/short;КАБ-50С;
weapons/su_kab_50l;50 kg коррекция авиационная бомба КАБ-50Л;
weapons/su_kab_50l/short;КАБ-50Л;
weapons/su_kab_500kr;500 kg коррекция авиационная бомба КАБ-500Кр;
weapons/su_kab_500kr/short;КАБ-500Кр;
weapons/su_kab_500kr_m;500 kg коррекция авиационная бомба КАБ-500Кр-М
weapons/su_kab_500kr_m/short;КАБ-500Кр-М
weapons/su_kab_500kr_e;500 kg коррекция авиационная бомба КАБ-500Кр-Э;
weapons/su_kab_500kr_e/short;КАБ-500Кр-Э;
weapons/su_kab_500s;500 kg коррекция авиационная бомба КАБ-500С;
weapons/su_kab_500s/short;КАБ-500С;
weapons/su_kab_500l;500 kg коррекция авиационная бомба КАБ-500Л;
weapons/su_kab_500l/short;КАБ-500Л;
weapons/su_kab_500lg;500 kg коррекция авиационная бомба КАБ-500ЛГ
weapons/su_kab_500lg/short;КАБ-250ЛГ
weapons/su_kab_250lg;250 kg коррекция авиационная бомба КАБ-250ЛГ
weapons/su_kab_250lg/short;КАБ-250ЛГ
weapons/su_kab_1500kr;1500 kg коррекция авиационная бомба КАБ-1500Кр;
weapons/su_kab_1500kr/short;КАБ-1500Кр;
weapons/su_upab_500b;500 kg управляемая планирующая авиационная бомба УПАБ-500Б
weapons/su_upab_500b/short;УПАБ-500Б
weapons/su_upab_1500b;1500 kg управляемая планирующая авиационная бомба УПАБ-1500Б
weapons/su_upab_1500b/short;УПАБ-1500Б
weapons/su_kab_1500l;500 kg коррекция авиационная бомба КАБ-1500Л;
weapons/su_kab_1500l/short;КАБ-1500Л;
weapons/su_kab_1500lg;1500 kg коррекция авиационная бомба КАБ-1500ЛГ
weapons/su_kab_1500lg/short;КАБ-1500ЛГ
weapons/su_umpk_3000;3000 kg авиационная бомба ФАБ-3000М-54 (УМПК)
weapons/su_umpk_3000/short;ФАБ-3000М-54 (УМПК)
weapons/su_umpk_500m62;3000 kg авиационная бомба ФАБ-500М-62 (УМПК)
weapons/su_umpk_500m62/short;ФАБ-500М-62 (УМПК)
weapons/fr_bgl_400;BGL-400;
weapons/fr_bgl_400/short;BGL-400;
weapons/fr_bgl_1000;BGL-1000;
weapons/fr_bgl_1000/short;BGL-1000;
weapons/fr_aj_168;AJ.168 Martel;
weapons/fr_aj_168/short;AJ.168;
weapons/uk_pgm_500;PGM 500;
weapons/uk_pgm_500/short;PGM 500;
weapons/uk_pgm_2000;PGM 2000;
weapons/uk_pgm_2000/short;PGM 2000;
weapons/uk_pgm_500_iir;PGM 500/3
weapons/uk_pgm_500_iir/short;PGM 500/3
weapons/uk_pgm_2000_iir;PGM 2000/3
weapons/uk_pgm_2000_iir/short;PGM 2000/3
weapons/il_spice_250;SPICE 250
weapons/il_spice_250/short;SPICE 250
weapons/il_spice_1000;SPICE 1000
weapons/il_spice_1000/short;SPICE 1000
weapons/il_spice_2000;SPICE 2000
weapons/il_spice_2000/short;SPICE 2000
weapons/cn_ls_500j;LT-2激光制导炸弹;
weapons/cn_ls_500j/short;LT-2;
weapons/cn_ls_1000j;GB1000激光制导炸弹;
weapons/cn_ls_1000j/short;GB1000;
weapons/cn_ts_250;GB250激光制导炸弹;
weapons/cn_ts_250/short;GB250;
weapons/cn_ls_6_250;LS-6 250 kg Guided Glide Bomb;
weapons/cn_ls_6_250/short;LS-6/250;
weapons/cn_ls_6_500;LS-6 500 kg Guided Glide Bomb;
weapons/cn_ls_6_500/short;LS-6/500;
weapons/us_2000lb_agm_130a;AGM-130A;
weapons/us_2000lb_agm_130a/short;AGM-130A;
weapons/us_2000lb_agm_130a_12;AGM-130A-12;
weapons/us_2000lb_agm_130a_12/short;AGM-130A-12;
weapons/kr_kggb;Korean GPS Guided Bomb
weapons/kr_kggb/short;KGGB
weapons/us_gbu_12_paveway_2;Bomb Unit, Guided, GBU-12/B Paveway II;
weapons/us_gbu_12_paveway_2/short;GBU-12/B;
weapons/us_gbu_49_paveway_2;Bomb Unit, Guided, GBU-49(V)1/B Paveway II
weapons/us_gbu_49_paveway_2/short;GBU-49(V)1/B
weapons/us_gbu_48_paveway_2;Bomb Unit, Guided, GBU-48(V)1/B Paveway II
weapons/us_gbu_48_paveway_2/short;GBU-48(V)1/B
weapons/us_gbu_50_paveway_2;Bomb Unit, Guided, GBU-50/B Paveway II
weapons/us_gbu_50_paveway_2/short;GBU-50/B
weapons/us_gbu_16_paveway_2;Bomb Unit, Guided, GBU-16/B Paveway II;
weapons/us_gbu_16_paveway_2/short;GBU-16/B;
weapons/us_gbu_10_paveway_2;Bomb Unit, Guided, GBU-10C/B Paveway II;
weapons/us_gbu_10_paveway_2/short;GBU-10C/B;
weapons/us_2000lb_gbu_24;Bomb Unit, Guided, GBU-24/B Paveway III;
weapons/us_2000lb_gbu_24/short;GBU-24/B;
weapons/us_2000lb_gbu_27;Bomb Unit, Guided, GBU-27/B Paveway III
weapons/us_2000lb_gbu_27/short;GBU-27/B
weapons/us_gbu_22_paveway_3;Bomb Unit, Guided, GBU-22/B Paveway III
weapons/us_gbu_22_paveway_3/short;GBU-22/B
weapons/fr_250kg_aasm_250_hammer_gps;AASM HAMMER 250 kg (NATO SBU 38)
weapons/fr_250kg_aasm_250_hammer_gps/short;HAMMER 250 kg (SBU 38)
weapons/fr_250kg_aasm_250_hammer_ir;AASM HAMMER 250 kg (NATO SBU 64)
weapons/fr_250kg_aasm_250_hammer_ir/short;HAMMER 250 kg (SBU 64)
weapons/fr_250kg_aasm_250_hammer_laser;AASM HAMMER 250 kg (NATO SBU 54)
weapons/fr_250kg_aasm_250_hammer_laser/short;HAMMER 250 kg (SBU 54)
weapons/fr_500kg_aasm_500_hammer_ir;AASM HAMMER 500 kg (NATO SBU 66)
weapons/fr_500kg_aasm_500_hammer_ir/short;HAMMER 500 kg (SBU 66)
weapons/fr_500kg_aasm_500_hammer_laser;AASM HAMMER 500 kg (NATO SBU 56)
weapons/fr_500kg_aasm_500_hammer_laser/short;HAMMER 500 kg (SBU 56)
weapons/us_gbu_39;Bomb Unit, Guided, GBU-39/B
weapons/us_gbu_39/short;GBU-39/B
weapons/us_agm_123;AGM-123A Skipper II;
weapons/us_agm_123/short;AGM-123A;
weapons/us_agm_119a_penguin;AGM-119A Penguin
weapons/us_agm_119a_penguin/short;AGM-119A
weapons/us_2000lb_egbu_24_paveway_3;Bomb Unit, Guided, GBU-24E/B Paveway III
weapons/us_2000lb_egbu_24_paveway_3/short;GBU-24E/B
weapons/uk_paveway_iv;Paveway IV
weapons/uk_paveway_iv/short;Paveway IV
weapons/fr_mk18;Bomb, HE MC, 1000-lb, Mk. 18 (LGB Paveway);
weapons/fr_mk18/short;1000-lb Mk. 18 (Paveway);
weapons/fr_mk13;Bomb, HE MC, 1000-lb, Mk. 13 (LGB Paveway);
weapons/fr_mk13/short;1000-lb Mk. 13 (Paveway);
weapons/br_lizard_2;Bombas Aéreas de Fins Gerais 230 (Lizard II);
weapons/br_lizard_2/short;BAFG-230 (Lizard II);
weapons/br_lizard_3;Bombas Aéreas de Fins Gerais 230 (Lizard III)
weapons/br_lizard_3/short;BAFG-230 (Lizard III)
weapons/us_2000lb_gbu_15v1;Bomb Unit, Guided, GBU-15(V)1/B;
weapons/us_2000lb_gbu_15v1/short;GBU-15(V)1/B;
weapons/us_2000lb_gbu_15v2;Bomb Unit, Guided, GBU-15(V)2/B;
weapons/us_2000lb_gbu_15v2/short;GBU-15(V)2/B;
weapons/us_2000lb_gbu_8_hobos;Bomb Unit, Guided, GBU-8/B;
weapons/us_2000lb_gbu_8_hobos/short;GBU-8/B;
weapons/us_500lb_gbu38_usaf;Bomb Unit, Guided, GBU-38(V)2/B JDAM;
weapons/us_500lb_gbu38_usaf/short;GBU-38;
weapons/us_500lb_gbu38_usnavy;Bomb Unit, Guided, GBU-38(V)2/B JDAM;
weapons/us_500lb_gbu38_usnavy/short;GBU-38;
weapons/us_500lb_gbu_54b;Bomb Unit, Guided, GBU-54(V)1/B LJDAM
weapons/us_500lb_gbu_54b/short;GBU-54(V)1/B
weapons/us_500lb_gbu_54b_navy;Bomb Unit, Guided, GBU-54(V)1/B LJDAM
weapons/us_500lb_gbu_54b_navy/short;GBU-54(V)1/B
weapons/us_500lb_gbu_62_jdam_er;Bomb Unit, Guided, GBU-62(V)1/B JDAM-ER
weapons/us_500lb_gbu_62_jdam_er/short;GBU-62(V)1/B
weapons/us_500lb_gbu_62_ljdam_er;Bomb Unit, Guided, GBU-62(V)1/B LJDAM-ER
weapons/us_500lb_gbu_62_ljdam_er/short;GBU-62(V)1/B
weapons/us_2000lb_gbu_64_jdam_er;Bomb Unit, Guided, GBU-64(V)1/B JDAM-ER
weapons/us_2000lb_gbu_64_jdam_er/short;GBU-64(V)1/B
weapons/us_2000lb_gbu31_usaf;Bomb Unit, Guided, GBU-31(V)1/B JDAM;
weapons/us_2000lb_gbu31_usaf/short;GBU-31;
weapons/us_2000lb_gbu31_usnavy;Bomb Unit, Guided, GBU-31(V)1/B JDAM;
weapons/us_2000lb_gbu31_usnavy/short;GBU-31;
weapons/us_1000lb_gbu32_usaf;Bomb Unit, Guided, GBU-32(V)1/B JDAM
weapons/us_1000lb_gbu32_usaf/short;GBU-32(V)1/B
weapons/us_1000lb_gbu32_navy;Bomb Unit, Guided, GBU-32(V)1/B JDAM
weapons/us_1000lb_gbu32_navy/short;GBU-32(V)1/B
weapons/us_agm_62a_er;AGM-62A Walleye I ER;
weapons/us_agm_62a_er/short;AGM-62A ER;
weapons/us_agm_62a;AGM-62A Walleye I;
weapons/us_agm_62a/short;AGM-62A;
weapons/us_agm_62a_2_erdl;AGM-62A Walleye I ERDL;
weapons/us_agm_62a_2_erdl/short;AGM-62A ER/DL
weapons/jp_500lb_mk82_gcs_1;Bomb, Low-Drag, Mk 82 Mod 1 (GCS-1);
weapons/jp_500lb_mk82_gcs_1/short;500-lb Mk 82 (GCS-1);
weapons/jp_750lb_m117_gcs_1;Bomb, General Purpose: 750-lb, JM117 (GCS-1);
weapons/jp_750lb_m117_gcs_1/short;750-lb JM117 (GCS-1);
weapons/uk_230lbs;Bomb, HE, RFC, 230 lb, Mk. III
weapons/uk_230lbs/short;230 lb Mk. III
weapons/uk_250lbs;Bomb, GP, 250 lb, Mk. IV;
weapons/uk_250lbs_43;Bomb, GP, 250 lb, Mk. IV;
weapons/uk_500lbs;Bomb, GP, 500 lb, Mk. IV;
weapons/uk_500lbs_default;Bomb, GP, 500 lb, Mk. IV;
weapons/uk_500lbs_default/short;500 lb Mk. IV;
weapons/uk_500lb_as_mk4;Bomb, HE, Aircraft, AS, 500 lb, Mk. IV;
weapons/uk_500lb_as_mk4/short;500 lb Mk. IV;
weapons/uk_540lbs;Bomb, HE, MC, 540 lb, Mk. I;
weapons/uk_540lbs/short;540 lb Mk. I;
weapons/uk_540lb_mc_mk2_retarded;Bomb, HE, MC 540 lb, Mk. I (Tail Unit, No. 118)
weapons/uk_540lb_mc_mk2_retarded/short;540 lb Mk. I (No. 118);
weapons/uk_250lbs_default;Bomb, GP, 250 lb, Mk. IV;
weapons/uk_250lbs_default/short;250 lb Mk. IV;
weapons/uk_500lbs_43_default;Bomb, GP, 500 lb, Mk. IV;
weapons/uk_500lbs_43_default/short;500 lb Mk. IV;
weapons/uk_500lb_sap_mkII_ap;Bomb, HE, SAP, 500 lb, Mk. II;
weapons/uk_500lb_sap_mkII_ap/short;500 lb Mk. II;
weapons/uk_2000lb_ap_mkI;Bomb, HE, AP, 2000 lb, Mk. I;
weapons/uk_2000lb_ap_mkI/short;2000 lb Mk. I:
weapons/uk_mk2_cookie;Bomb, HC, 4000 lb, Mk. II;
weapons/us_1000lb_anm65_cone;Bomb, General Purpose: 1000-lb, AN/M65A1 (M129 Fin);
weapons/us_2000lbs_anm66;Bomb, General Purpose: 2000-lb, AN/M66A2;
weapons/us_2000lbs_anm66_cone;Bomb, General Purpose: 2000-lb, AN/M66A2;
weapons/us_2000lbs_anm66_cone/short;2000-lb AN/M66A2;
weapons/us_1600lb_ap_an_mk1;Bomb, Armor-Piercing: 1600-lb, AN/Mk 1 Mod 1;
weapons/us_1600lb_ap_an_mk1/short;1600-lb AN/Mk 1 Mod 0;
weapons/us_1600lb_ap_an_mk1_45;Bomb, Armor-Piercing: 1600-lb, AN/Mk 1 Mod 1;
weapons/us_1600lb_ap_an_mk1_45/short;1600-lb AN/Mk 1 Mod 0;
weapons/uk_1000lb_ld_he_mc_mk_1;Bomb, LD, HE, MC, 1000 lb, Mk. I;
weapons/uk_1000lb_ld_he_mc_mk_1/short;1000 lb Mk. I;
weapons/uk_1000lbs_gp;Bomb, GP, 1000 lb, Mk. 13;
weapons/uk_1000lbs_gp_mk1;Bomb, GP, 1000 lb, Mk. I;
weapons/uk_1000lbs_gp_default;Bomb, GP, 1000 lb, Mk. 13;
weapons/uk_1000lbs_gp_default/short;1000 lb Mk. 13;
weapons/uk_1000lbs_gp_n117;Bomb, GP, 1000 lb, Mk. 13 (Tail Unit, No. 117);
weapons/uk_1000lbs_gp_n117/short;1000 lb Mk. 13 (No. 117);
weapons/uk_1000lbs_mc_mk1;Bomb, MC, 1000 lb, Mk. I;
weapons/uk_500lb_he_mc_mk2;Bomb, HE, MC, 500 lb, Mk. II;
weapons/uk_500lb_he_mc_mk2/short;500 lb Mk. II;
weapons/us_1000lbs;Bomb, General Purpose: 1000-lb, AN/M65A1;
weapons/us_100lbs;Bomb, General Purpose: 100-lb, AN/M30A1;
weapons/us_2000lbs;Bomb, General Purpose: 2000-lb, AN/M66A2;
weapons/us_500lbs;Bomb, General Purpose: 500-lb, AN/M64A1;
weapons/us_500lb_mk_82_ldgp_air;Bomb, Low-Drag, Mk 82 Mod 1 (BSU-49);
weapons/us_500lb_mk_82_ldgp_air/short;500-lb Mk 82 (BSU-49);
weapons/us_250lb_mk_81_ldgp_snakeye;Bomb, Low-Drag, Mk 81 Mod 1 Snakeye;
weapons/us_250lb_mk_81_ldgp_snakeye/short;250-lb Mk 81 Snakeye;
weapons/us_500lb_mk_82_ldgp_snakeye;Bomb, Low-Drag, Mk 82 Mod 1 Snakeye;
weapons/us_500lb_mk_82_ldgp_snakeye/short;500-lb Mk 82 Snakeye;
weapons/us_500lb_mk_82_ldgp_snakeye_default;Bomb, Low-Drag, Mk 82 Mod 1 Snakeye;
weapons/us_500lb_mk_82_ldgp_snakeye_default/short;500-lb Mk 82 Snakeye;
weapons/fr_samp_mk_82_250_ldgp_snakeye;Bombe SAMP 250 kg Mk 82 Snakeye;
weapons/fr_samp_mk_82_250_ldgp_snakeye/short;250 kg Mk 82 Snakeye;
weapons/us_1000lb_mk_83_ldgp_air;Bomb, Low-Drag, Mk 83 Mod 1 (BSU-49);
weapons/us_1000lb_mk_83_ldgp_air/short;1000-lb Mk 83 (BSU-49);
weapons/ijnaf_60kg;三式六番二七号爆弾;
weapons/de_br20;Wurfgranate 21;
weapons/su_rs132;Неуправляемая авиационная ракета РС-132;
weapons/su_rs82;Неуправляемая авиационная ракета РС-82;
weapons/su_ros_82;Неуправляемая авиационная ракета РОС-82;
weapons/su_ros_82/short;РОС-82;
weapons/su_ros_82op_event/short;РОС-82;
weapons/su_ros132;Неуправляемая авиационная ракета РОС-132;
weapons/su_ros132/short;РОС-132;
weapons/su_m8;Неуправляемая авиационная ракета М-8;
weapons/su_m8/short;М-8;
weapons/su_rofs132;Неуправляемая авиационная ракета РОФС-132;
weapons/su_rofs132/short;РОФС-132;
weapons/su_m13uk;Неуправляемая авиационная ракета М-13УК;
weapons/su_m13uk/short;М-13УК;
weapons/su_s8_ko_rocket;Неуправляемая авиационная ракета С-8KО;
weapons/su_s8_ko_rocket/short;С-8KО;
weapons/su_s_8m_rocket;Неуправляемая авиационная ракета С-8М;
weapons/su_s_8m_rocket/short;С-8М;
weapons/cn_fs_70;Fire Snake 70 Aerial Rocket;
weapons/cn_fs_70/short;FS70;
weapons/cn_type90_he;90毫米1型航空火箭杀伤爆破弹;
weapons/cn_type90_he/short;90-1型 (杀伤);
weapons/cn_type90_heat;90毫米1型航空火箭破甲弹;
weapons/cn_type90_heat/short;90-1型 (破甲);
weapons/cn_type130_ap;130毫米2型航空火箭杀伤爆破弹;
weapons/cn_type130_ap/short;130-2型;
weapons/su_c1of_rocket;Неуправляемая авиационная ракета С-1ОФ;
weapons/su_c1of_rocket/short;С-1OФ;
weapons/su_s_8ko_rocket;Неуправляемая авиационная ракета С-8KО;
weapons/su_s_8ko_rocket/short;С-8KO;
weapons/su_s_13df_rocket;Неуправляемая авиационная ракета С-13ДФ;
weapons/su_s_13df_rocket/short;С-13ДФ;
weapons/su_s_13of_rocket;Неуправляемая авиационная ракета С-13OФ;
weapons/su_s_13of_rocket/short;С-13OФ;
weapons/it_snia_bpd_50mm_type_arf8m_at_ap;ARF/8M3 (AP-AT);
weapons/it_snia_bpd_50mm_type_arf8m_at_ap/short;ARF/8M3;
weapons/swd_rb_05a;Robot 05A;
weapons/swd_rb_05a/short;Rb 05A;
weapons/swd_75mm_m57b;7,5 cm srak m/57B;
weapons/swd_75mm_m57b/short;m/57B;
weapons/swd_75mm_frida;7,5 cm srak m/55;
weapons/swd_75mm_frida/short;m/55;
weapons/swd_135mm_srak_m56d;13,5 cm srak m/56D;
weapons/swd_135mm_srak_m56d/short;m/56D;
weapons/swd_145mm_psrak_m49a;14,5 cm psrak m/49A;
weapons/swd_145mm_psrak_m49a/short;m/49A;
weapons/swd_145mm_psrak_m49a_mount;14,5 cm psrak m/49A;
weapons/swd_145mm_psrak_m49a_mount/short;m/49A;
weapons/swd_145mm_psrak_m49_56;14,5 cm psrak m/49-56;
weapons/swd_145mm_psrak_m49_56/short;m/49-56;
weapons/swd_150mm_srak_m51;15 cm srak m/51;
weapons/swd_150mm_srak_m51/short;m/51;
weapons/swd_150mm_srak_m51_mount;15 cm srak m/51;
weapons/swd_150mm_srak_m51_mount/short;m/51;
weapons/swd_180mm_hpsrak_m49;18 cm hpsrak m/49;
weapons/swd_180mm_hpsrak_m49/short;m/49;
weapons/us_2_75_in_ffar_mighty_mouse;Rocket, High-Explosive Dual-Purpose, 2.75” w/ Warhead, M247 (Rocket Motor Mk 4 Mod 10);
weapons/us_2_75_in_ffar_mighty_mouse/short;2.75” HE-DP (M247 | Mk 4);
weapons/us_2_75_in_ffar_mighty_mouse_fn_m3p;Rocket, High-Explosive Dual-Purpose, 2.75” w/ Warhead, M247 (Rocket Motor Mk 4 Mod 10);
weapons/us_2_75_in_ffar_mighty_mouse_fn_m3p/short;2.75” HE-DP (M247 | Mk 4);
weapons/us_2_75_in_ffar_mighty_mouse_fn_m3p_cwp;Rocket, High-Explosive Dual-Purpose, 2.75” w/ Warhead, M247 (Rocket Motor Mk 4 Mod 10);
weapons/us_2_75_in_ffar_mighty_mouse_fn_m3p_cwp/short;2.75” HE-DP (M247 | Mk 4);
weapons/us_2_75_in_ffar_mighty_mouse_m429;Rocket, HE, 2.75” w/ Warhead, M151 (Fuze, Rocket, Proximity, M429 | Rocket Motor Mk 4 Mod 10);
weapons/us_2_75_in_ffar_mighty_mouse_m429/short;2.75” HE (M151 | Mk 4);
weapons/us_2_75_in_ffar_mighty_mouse_m439;Rocket, HE, 2.75” w/ Warhead, M151 (Fuze, Rocket, Proximity, M429 | Rocket Motor Mk 4 Mod 10);
weapons/us_2_75_in_ffar_mighty_mouse_m439/short;2.75” HE (M151 | Mk 4);
weapons/us_2_75_in_ffar_mighty_mouse_default;Rocket, High-Explosive Dual-Purpose, 2.75” w/ Warhead, M247 (Rocket Motor Mk 4 Mod 10);
weapons/us_2_75_in_ffar_mighty_mouse_default/short;2.75” HE-DP (M247 | Mk 4);
weapons/fr_fz49;FZ49;
weapons/fr_fz49/short;FZ49;
weapons/swd_135mm_psrak_m70_pshu;13,5 cm psrak m/70;
weapons/swd_135mm_psrak_m70_pshu/short;m/70;
weapons/us_agm_12b_bullpup;AGM-12B Bullpup;
weapons/us_agm_12b_bullpup/short;AGM-12B;
weapons/us_agm_12b_bullpup_heli;AGM-12B Bullpup;
weapons/us_agm_12b_bullpup_heli/short;AGM-12B;
weapons/us_agm_12c_bullpup;AGM-12C Bullpup;
weapons/us_agm_12c_bullpup/short;AGM-12C;
weapons/su_kh_23m;Управляемая ракета «воздух-поверхность» Х-23М;
weapons/su_kh_23m/short;Р «В-П» Х-23М;
weapons/su_projector_1;Прожектор-1;
weapons/su_projector_1/short;Прожектор-1;
weapons/su_delta_ng_station;Дельта-НГ;
weapons/su_delta_ng_station/short;Дельта-НГ;
weapons/uk_data_lin_pod;Data-link Pod;
weapons/uk_data_lin_pod/short;DL Pod;
weapons/rls_kopio_25;Н027 Копьё-25;
weapons/rls_kopio_25/short;Копьё-25;
weapons/cn_k_pzs_01_targeting_pod;K/PZS-01瞄准吊舱;
weapons/cn_k_pzs_01_targeting_pod/short;K/PZS-01;
weapons/cn_k_adc03a_targeting_pod;K/JDC03A瞄准吊舱;
weapons/cn_k_adc03a_targeting_pod/short;K/JDC03A;
weapons/it_aspide_control_station;Aspide (Targeting Pod);
weapons/it_aspide_control_station/short;Aspide (TP);
weapons/uk_tiald_targeting_pod;Thermal Imaging Airborne Laser Designator;
weapons/uk_tiald_targeting_pod/short;TIALD;
weapons/an_aaq_25_lantirn;AN/AAQ-25 LANTIRN;
weapons/an_aaq_25_lantirn/short;AN/AAQ-25;
weapons/ntps_mercury;НТПС Меркурий;
weapons/ntps_mercury/short;Меркурий;
weapons/us_agm_12b_station;AGM-12B (Targeting Pod);
weapons/us_agm_12b_station/short;AGM-12B (TP);
weapons/us_lana_flir_pod;AN/AAR-45 Low Altitude Night Attack;
weapons/us_lana_flir_pod/short;AN/AAR-45 LANA;
weapons/uk_atlis2_targeting_pod;Automatic Tracking and Laser Integration System II;
weapons/uk_atlis2_targeting_pod/short;ATLIS II;
weapons/it_pdlct_s_pod_targeting_pod;Convertible Laser Designator Pod;
weapons/it_pdlct_s_pod_targeting_pod/short;CLDP;
weapons/it_cldp_targeting_pod;Convertible Laser Designator Pod
weapons/it_cldp_targeting_pod/short;CLDP
weapons/gr_litening_pod_targeting_pod;LITENING II Advanced Targeting Pod;
weapons/gr_litening_pod_targeting_pod/short;LITENING II;
weapons/gr_litening_iii_targeting_pod;LITENING III Advanced Targeting Pod;
weapons/gr_litening_iii_targeting_pod/short;LITENING III
weapons/us_sniper_atp_targeting_pod;AN/AAQ-33 Sniper Advanced Targeting Pod
weapons/us_sniper_atp_targeting_pod/short;AN/AAQ-33
weapons/an_aas_38;FLIR/LD Pod, AN/AAS-38 NITE Hawk
weapons/an_aas_38/short;AN/AAS-38
weapons/an_aas_38a;FLIR/LD Pod, AN/AAS-38A NITE Hawk
weapons/an_aas_38a/short;AN/AAS-38A
weapons/an_aas_38b;FLIR/LD Pod, AN/AAS-38B NITE Hawk
weapons/an_aas_38b/short;AN/AAS-38B
weapons/an_asq_228_pod;Multipurpose FLIR Pod, AN/ASQ-228 ATFLIR
weapons/an_asq_228_pod/short;AN/ASQ_228
weapons/tr_aselpod;ASELPOD Advanced Targeting Pod;
weapons/tr_aselpod/short;ASELPOD;
weapons/us_pave_spike_targeting_pod;AN/ASQ-153 Pave Spike;
weapons/us_pave_spike_targeting_pod/short;AN/ASQ-153;
weapons/us_pave_tack_targeting_pod;AN/AVQ-26 Pave Tack;
weapons/us_pave_tack_targeting_pod/short;AN/AVQ-26;
weapons/fr_damocles_pod_targeting_pod;Damocles;
weapons/fr_damocles_pod_targeting_pod/short;Damocles;
weapons/su_t_220_targeting_pod;T 220
weapons/su_t_220_targeting_pod/short;T 220
weapons/jp_i_aaq2_targeting_pod;外装型FLIR装置J/AAQ-2
weapons/jp_i_aaq2_targeting_pod/short;J/AAQ-2
weapons/mirage_3c_sepr_841_rocket;SEPR 841;
weapons/mirage_3c_sepr_841_rocket/short;SEPR 841;
weapons/jato_booster_left;JATO rocket booster
weapons/jato_booster_left/short;JATO booster
weapons/jato_booster_right;JATO rocket booster
weapons/jato_booster_right/short;JATO booster
weapons/mirage_3c_fuel_tank_7_8;Oxidizer tank;
weapons/mirage_3c_fuel_tank_7_8/short;Oxidizer;
weapons/mirage_3c_fuel_tank_8;Oxidizer tank
weapons/mirage_3c_fuel_tank_8/short;Oxidizer
weapons/mirage_3e_fuel_tank_7_8;Oxidizer tank;
weapons/mirage_3e_fuel_tank_7_8/short;Oxidizer;
weapons/mirage_3s_fuel_tank_6;Conformal Fuel Tank
weapons/mirage_3s_fuel_tank_6/short;CFT
weapons/mirage_3s_sepr_tank_7;SEPR 844
weapons/mirage_3s_sepr_tank_7/short;SEPR 844
weapons/mirage_3s_sepr_tank_8;SEPR 844
weapons/mirage_3s_sepr_tank_8/short;SEPR 844
weapons/mirage_3c_sepr_844_rocket;SEPR 844;
weapons/mirage_3c_sepr_844_rocket/short;SEPR 844;
weapons/us_300_gal_fuse_f_16_blok_10;300 gal. Drop Tank;
weapons/us_300_gal_fuse_f_16_blok_10/short;Drop Tank;
weapons/jp_300_gal_fuse_f_2;300 gal. Drop Tank;
weapons/jp_300_gal_fuse_f_2/short;Drop Tank
weapons/us_330gal_fa_18_drop_tank_wing_left;330 gal. Drop Tank
weapons/us_330gal_fa_18_drop_tank_wing_left/short;Drop Tank
weapons/us_330gal_fa_18_drop_tank_wing_right;330 gal. Drop Tank
weapons/us_330gal_fa_18_drop_tank_wing_right/short;Drop Tank
weapons/us_330gal_fa_18_drop_tank_fuse;330 gal. Drop Tank
weapons/us_330gal_fa_18_drop_tank_fuse/short;Drop Tank
weapons/us_280gal_drop_tank;280 gal. Drop Tank;
weapons/us_280gal_drop_tank/short;Drop Tank;
weapons/us_280gal_drop_tank_1;280 gal. Drop Tank;
weapons/us_280gal_drop_tank_1/short;Drop Tank;
weapons/us_280gal_drop_tank_light;280 gal. Drop Tank;
weapons/us_280gal_drop_tank_light/short;Drop Tank;
weapons/us_280gal_drop_tank_light_1;280 gal. Drop Tank;
weapons/us_280gal_drop_tank_light_1/short;Drop Tank;
weapons/uk_264gal_drop_tank_1;264 gal. Drop Tank;
weapons/uk_264gal_drop_tank_1/short;Drop Tank;
weapons/uk_264gal_drop_tank_2;264 gal. Drop Tank;
weapons/uk_264gal_drop_tank_2/short;Drop Tank;
weapons/uk_264gal_drop_tank_3;264 gal. Drop Tank;
weapons/uk_264gal_drop_tank_3/short;Drop Tank;
weapons/us_370_gal_wing_f_16;370 gal. Drop Tank;
weapons/us_370_gal_wing_f_16/short;Drop Tank;
weapons/us_370_gal_wing_f_16_1;370 gal. Drop Tank;
weapons/us_370_gal_wing_f_16_1/short;Drop Tank;
weapons/us_200_gal_wing_f2h_2_left;200 gal. Drop Tank;
weapons/us_200_gal_wing_f2h_2_left/short;Drop Tank;
weapons/us_200_gal_wing_f2h_2_right;200 gal. Drop Tank;
weapons/us_200_gal_wing_f2h_2_right/short;Drop Tank;
weapons/us_600_gal_fuse_f_4;600 gal. Drop Tank;
weapons/us_600_gal_fuse_f_4/short;Drop Tank;
weapons/us_610_gal_f_15_left_wing;610 gal. Drop Tank;
weapons/us_610_gal_f_15_left_wing/short;Drop Tank;
weapons/us_610_gal_f_15_left_wing_dark;610 gal. Drop Tank;
weapons/us_610_gal_f_15_left_wing_dark/short;Drop Tank;
weapons/us_750_gal_fastpack_f_15c_left;750 gal. Conformal Fuel Tank;
weapons/us_750_gal_fastpack_f_15c_left/short;Conformal Fuel Tank;
weapons/us_750_gal_fastpack_f_15c_right;750 gal. Conformal Fuel Tank;
weapons/us_750_gal_fastpack_f_15c_right/short;Conformal Fuel Tank;
weapons/il_fastpack_f_16i_right;Conformal Fuel Tank;
weapons/il_fastpack_f_16i_right/short;CFT
weapons/il_fastpack_f_16i_left;Conformal Fuel Tank;
weapons/il_fastpack_f_16i_left/short;CFT
weapons/us_610_gal_f_15_fuse;610 gal. Drop Tank;
weapons/us_610_gal_f_15_fuse/short;Drop Tank;
weapons/us_610_gal_f_15_fuse_dark;610 gal. Drop Tank;
weapons/us_610_gal_f_15_fuse_dark/short;Drop Tank;
weapons/us_610_gal_f_15_right_wing;610 gal. Drop Tank;
weapons/us_610_gal_f_15_right_wing/short;Drop Tank;
weapons/us_610_gal_f_15_right_wing_dark;610 gal. Drop Tank;
weapons/us_610_gal_f_15_right_wing_dark/short;Drop Tank;
weapons/us_600_gal_f_111a_2;600 gal. Drop Tank;
weapons/us_600_gal_f_111a_2/short;Drop Tank;
weapons/us_600_gal_f_111a_3;600 gal. Drop Tank;
weapons/us_600_gal_f_111a_3/short;Drop Tank;
weapons/us_600_gal_f_111a_4;600 gal. Drop Tank;
weapons/us_600_gal_f_111a_4/short;Drop Tank;
weapons/us_600_gal_f_111a_5;600 gal. Drop Tank;
weapons/us_600_gal_f_111a_5/short;Drop Tank;
weapons/il_600_gal_fuse_f_4;600 gal. Drop Tank;
weapons/il_600_gal_fuse_f_4/short;Drop Tank;
weapons/jp_600gal_drop_tank_1;600 gal. Drop Tank;
weapons/jp_600gal_drop_tank_1/short;Drop Tank
weapons/jp_600gal_drop_tank_2;600 gal. Drop Tank;
weapons/jp_600gal_drop_tank_2/short;Drop Tank
weapons/su_1500_liters_fuse_mig_29;Подвесной топливный бак ПТБ-1500;
weapons/su_1500_liters_fuse_mig_29/short;ПТБ-1500;
weapons/su_1500_liters_fuse_mig_29smt;Подвесной топливный бак ПТБ-1500;
weapons/su_1500_liters_fuse_mig_29smt/short;ПТБ-1500;
weapons/su_2000_liters_fuse_mig_29smt;Подвесной топливный бак ПТБ-2000;
weapons/su_2000_liters_fuse_mig_29smt/short;ПТБ-2000;
weapons/sw_1100_gal_fuse_saab_jas39;1100 L Fällbar extratank;
weapons/sw_1100_gal_fuse_saab_jas39/short;Fälltank;
weapons/sw_1100_gal_fuse_saab_jas39_left_wing;1100 L Fällbar extratank;
weapons/sw_1100_gal_fuse_saab_jas39_left_wing/short;Fälltank;
weapons/sw_1100_gal_fuse_saab_jas39_right_wing;1100 L Fällbar extratank;
weapons/sw_1100_gal_fuse_saab_jas39_right_wing/short;Fälltank;
weapons/sw_1100_gal_fuse_saab_jas39_puma;1100 L Fällbar extratank;
weapons/sw_1100_gal_fuse_saab_jas39_puma/short;Fälltank;
weapons/sw_1100_gal_fuse_saab_jas39_left_wing_puma;1100 L Fällbar extratank;
weapons/sw_1100_gal_fuse_saab_jas39_left_wing_puma/short;Fälltank;
weapons/sw_1100_gal_fuse_saab_jas39_right_wing_puma;1100 L Fällbar extratank;
weapons/sw_1100_gal_fuse_saab_jas39_right_wing_puma/short;Fälltank;
weapons/sw_1250l_late_saab_ja37d;1250 L Fällbar extratank;
weapons/sw_1250l_late_saab_ja37d/short;Fälltank;
weapons/gr_1500l_tornado_assta1_1;1500 L Abwurftank;
weapons/gr_1500l_tornado_assta1_1/short;Abwurftank;
weapons/cn_800l_fyx800_drop_tank_1;FYX-800标准副油箱;
weapons/cn_800l_fyx800_drop_tank_1/short;FYX-800;
weapons/cn_800l_central_fyx800_drop_tank;FYX-800标准副油箱;
weapons/cn_800l_central_fyx800_drop_tank/short;FYX-800;
weapons/cn_800l_fyx800_drop_tank_2;FYX-800标准副油箱;
weapons/cn_800l_fyx800_drop_tank_2/short;FYX-800;
weapons/cn_800l_fyx800_j_10_drop_tank_1;FYX-800标准副油箱;
weapons/cn_800l_fyx800_j_10_drop_tank_1/short;FYX-800;
weapons/cn_800l_fyx800_j_10_drop_tank_2;FYX-800标准副油箱;
weapons/cn_800l_fyx800_j_10_drop_tank_2/short;FYX-800;
weapons/gr_1500l_tornado_assta1_2;1500 L Abwurftank;
weapons/gr_1500l_tornado_assta1_2/short;Abwurftank;
weapons/gr_1500l_tornado_ids_mfg_1;1500 L Abwurftank;
weapons/gr_1500l_tornado_ids_mfg_1/short;Abwurftank;
weapons/gr_1500l_tornado_ids_mfg_2;1500 L Abwurftank;
weapons/gr_1500l_tornado_ids_mfg_2/short;Abwurftank;
weapons/buccaneer_s2b_baydoor_tank;440 Gallon External Fuel Tank;
weapons/buccaneer_s2b_baydoor_tank/short;External Fuel Tank;
weapons/it_580l_amx_1;580 L Serbatoio sganciabile;
weapons/it_580l_amx_1/short;Serbatoio sganciabile;
weapons/it_580l_amx_2;580 L Serbatoio sganciabile;
weapons/it_580l_amx_2/short;Serbatoio sganciabile;
weapons/br_580l_amx_1;580 L Tanque Extra;
weapons/br_580l_amx_1/short;Tanque Extra;
weapons/br_580l_amx_2;580 L Tanque Extra;
weapons/br_580l_amx_2/short;Tanque Extra;
weapons/it_1500l_tornado_ids_mod_95_1;1500 L Serbatoio sganciabile;
weapons/it_1500l_tornado_ids_mod_95_1/short;Serbatoio sganciabile;
weapons/it_1500l_tornado_ids_mod_95_2;1500 L Serbatoio sganciabile;
weapons/it_1500l_tornado_ids_mod_95_2/short;Serbatoio sganciabile;
weapons/uk_1500l_tornado_gr1_1;1500 Litre External Fuel Tank;
weapons/uk_1500l_tornado_gr1_1/short;External Fuel Tank;
weapons/uk_1500l_tornado_gr1_2;1500 Litre External Fuel Tank;
weapons/uk_1500l_tornado_gr1_2/short;External Fuel Tank;
weapons/uk_1500l_tornado_gr4_1;1500 Litre External Fuel Tank;
weapons/uk_1500l_tornado_gr4_1/short;External Fuel Tank;
weapons/uk_1500l_tornado_gr4_2;1500 Litre External Fuel Tank;
weapons/uk_1500l_tornado_gr4_2/short;External Fuel Tank;
weapons/gr_1500l_tornado_f3_1;1500 Litre External Fuel Tank;
weapons/gr_1500l_tornado_f3_1/short;External Fuel Tank;
weapons/gr_1500l_tornado_f3_2;1500 Litre External Fuel Tank;
weapons/gr_1500l_tornado_f3_2/short;External Fuel Tank;
weapons/gr_2250l_tornado_f3_1;2250 Litre External Fuel Tank;
weapons/gr_2250l_tornado_f3_1/short;External Fuel Tank;
weapons/gr_2250l_tornado_f3_2;2250 Litre External Fuel Tank;
weapons/gr_2250l_tornado_f3_2/short;External Fuel Tank;
weapons/fr_1300l_rp522_mirage_2000d_r1;Réservoir Pendulaire RP 522 (1300 L);
weapons/fr_1300l_rp522_mirage_2000d_r1/short;RP 522;
weapons/fr_2500l_m4000_drop_tank_1;2500 L Réservoir Pendulaire;
weapons/fr_2500l_m4000_drop_tank_1/short;Réservoir Pendulaire;
weapons/fr_2500l_m4000_drop_tank_2;2500 L Réservoir Pendulaire;
weapons/fr_2500l_m4000_drop_tank_2/short;Réservoir Pendulaire;
weapons/fr_2000l_rpl_741_rafale_drop_tank_left;Réservoir Pendulaire RP 741 (2000 L)
weapons/fr_2000l_rpl_741_rafale_drop_tank_left/short;RP 741
weapons/fr_2000l_rpl_741_rafale_drop_tank_fuse;Réservoir Pendulaire RP 741 (2000 L)
weapons/fr_2000l_rpl_741_rafale_drop_tank_fuse/short;RP 741
weapons/fr_2000l_rpl_741_rafale_drop_tank_right;Réservoir Pendulaire RP 741 (2000 L)
weapons/fr_2000l_rpl_741_rafale_drop_tank_right/short;RP 741
weapons/fr_500l_m4000_drop_tank_1;500 L Réservoir Pendulaire;
weapons/fr_500l_m4000_drop_tank_1/short;Réservoir Pendulaire;
weapons/fr_500l_m4000_drop_tank_2;500 L Réservoir Pendulaire;
weapons/fr_500l_m4000_drop_tank_2/short;Réservoir Pendulaire;
weapons/fr_625l_drop_tank;675 L Réservoir Pendulaire;
weapons/fr_625l_drop_tank/short;Réservoir Pendulaire;
weapons/sw_510l_drop_tank;510 L Fällbar extratank;
weapons/sw_510l_drop_tank/short;Fälltank;
weapons/sw_510l_drop_tank_x2;510 L Fällbar extratank;
weapons/sw_510l_drop_tank_x2/short;Fälltank;
weapons/sw_510l_wdns_drop_tank;510 L Drop Tank
weapons/sw_510l_wdns_drop_tank/short;Drop Tank
weapons/sw_510l_wdns_drop_tank_x2;510 L Drop Tank
weapons/sw_510l_wdns_drop_tank_x2/short;Drop Tank
weapons/sw_275gal_fuse_drop_tank;275 gal Drop Tank
weapons/sw_275gal_fuse_drop_tank/short;Drop Tank
weapons/sw_275gal_drop_tank_1;275 gal Drop Tank
weapons/sw_275gal_drop_tank_1/short;Drop Tank
weapons/sw_275gal_drop_tank_2;275 gal Drop Tank
weapons/sw_275gal_drop_tank_2/short;Drop Tank
weapons/sws_675l_hunter_f58_1;675 L Abwurftank;
weapons/sws_675l_hunter_f58_1/short;Abwurftank;
weapons/sws_675l_hunter_f58_2;675 L Abwurftank;
weapons/sws_675l_hunter_f58_2/short;Abwurftank;
weapons/nl_150gal_early_fuse_drop_tank;150 gal Centreline Tank
weapons/nl_150gal_early_fuse_drop_tank/short;Centreline Tank
weapons/nl_150gal_early_drop_tank_1;150 gal Wing Tank
weapons/nl_150gal_early_drop_tank_1/short;Wing Tank
weapons/nl_150gal_early_drop_tank_2;150 gal Wing Tank
weapons/nl_150gal_early_drop_tank_2/short;Wing Tank
weapons/nl_50gal_wingtip_tank_1;50 gal Tip Tank
weapons/nl_50gal_wingtip_tank_1/short;Tip Tank
weapons/nl_50gal_wingtip_tank_2;50 gal Tip Tank
weapons/nl_50gal_wingtip_tank_2/short;Tip Tank
weapons/su_800l_su_17_right_wing;Подвесной топливный бак ПТБ-800;
weapons/su_800l_su_17_right_wing/short;ПТБ-800;
weapons/su_800l_su_17_right_wing_1;Подвесной топливный бак ПТБ-800;
weapons/su_800l_su_17_right_wing_1/short;ПТБ-800;
weapons/su_800l_su_17_left_wing;Подвесной топливный бак ПТБ-800;
weapons/su_800l_su_17_left_wing/short;ПТБ-800;
weapons/su_800l_su_17_left_wing_1;Подвесной топливный бак ПТБ-800;
weapons/su_800l_su_17_left_wing_1/short;ПТБ-800;
weapons/su_800l_su_17_silver_left_wing;Подвесной топливный бак ПТБ-800;
weapons/su_800l_su_17_silver_left_wing/short;ПТБ-800;
weapons/su_800l_su_17_silver_left_wing_1;Подвесной топливный бак ПТБ-800;
weapons/su_800l_su_17_silver_left_wing_1/short;ПТБ-800;
weapons/su_800l_su_17_silver_right_wing;Подвесной топливный бак ПТБ-800;
weapons/su_800l_su_17_silver_right_wing/short;ПТБ-800;
weapons/su_800l_su_17_silver_right_wing_1;Подвесной топливный бак ПТБ-800;
weapons/su_800l_su_17_silver_right_wing_1/short;ПТБ-800;
weapons/su_800l_su_25tm_silver_right_wing;Подвесной топливный бак ПТБ-800;
weapons/su_800l_su_25tm_silver_right_wing/short;ПТБ-800;
weapons/su_800l_su_25tm_silver_right_wing_1;Подвесной топливный бак ПТБ-800;
weapons/su_800l_su_25tm_silver_right_wing_1/short;ПТБ-800;
weapons/su_800l_su_25tm_silver_left_wing;Подвесной топливный бак ПТБ-800;
weapons/su_800l_su_25tm_silver_left_wing/short;ПТБ-800;
weapons/su_800l_su_25tm_silver_left_wing_1;Подвесной топливный бак ПТБ-800;
weapons/su_800l_su_25tm_silver_left_wing_1/short;ПТБ-800;
weapons/su_800l_su_25t_left_wing;Подвесной топливный бак ПТБ-800;
weapons/su_800l_su_25t_left_wing/short;ПТБ-800;
weapons/su_800l_su_25t_left_wing_1;Подвесной топливный бак ПТБ-800;
weapons/su_800l_su_25t_left_wing_1/short;ПТБ-800;
weapons/su_800l_su_25t_right_wing;Подвесной топливный бак ПТБ-800;
weapons/su_800l_su_25t_right_wing/short;ПТБ-800;
weapons/su_800l_su_25t_right_wing_1;Подвесной топливный бак ПТБ-800;
weapons/su_800l_su_25t_right_wing_1/short;ПТБ-800;
weapons/su_800l_su_25_right_wing;Подвесной топливный бак ПТБ-800;
weapons/su_800l_su_25_right_wing/short;ПТБ-800;
weapons/su_800l_su_25_right_wing_1;Подвесной топливный бак ПТБ-800;
weapons/su_800l_su_25_right_wing_1/short;ПТБ-800;
weapons/su_800l_su_25_left_wing;Подвесной топливный бак ПТБ-800;
weapons/su_800l_su_25_left_wing/short;ПТБ-800;
weapons/su_800l_su_25_left_wing_1;Подвесной топливный бак ПТБ-800;
weapons/su_800l_su_25_left_wing_1/short;ПТБ-800;
weapons/su_800l_mig_23_27_silver_fuse;Подвесной топливный бак ПТБ-800;
weapons/su_800l_mig_23_27_silver_fuse/short;ПТБ-800;
weapons/su_800l_mig_21_silver_fuse;FYX-800;
weapons/su_800l_mig_21_silver_fuse/short;FYX-800;
weapons/cn_720l_drop_tank;720升亚音速副油箱;
weapons/cn_720l_drop_tank/short;副油箱;
weapons/su_800l_mig_23m_silver_fuse;Подвесной топливный бак ПТБ-800;
weapons/su_800l_mig_23m_silver_fuse/short;ПТБ-800;
weapons/su_800l_mig_23ml_silver_fuse;Подвесной топливный бак ПТБ-800;
weapons/su_800l_mig_23ml_silver_fuse/short;ПТБ-800;
weapons/su_490l_mig_21;Подвесной топливный бак ПТБ-500;
weapons/su_490l_mig_21/short;ПТБ-500;
weapons/su_490l_mig_21_left_wing;Подвесной топливный бак ПТБ-500;
weapons/su_490l_mig_21_left_wing/short;ПТБ-500;
weapons/su_490l_mig_21_left_wing_1;Подвесной топливный бак ПТБ-500;
weapons/su_490l_mig_21_left_wing_1/short;ПТБ-500;
weapons/su_490l_j_7_left_wing;Подвесной топливный бак ПТБ-500;
weapons/su_490l_j_7_left_wing/short;ПТБ-500;
weapons/su_490l_j_7_right_wing;Подвесной топливный бак ПТБ-500;
weapons/su_490l_j_7_right_wing/short;ПТБ-500;
weapons/cn_480l_drop_tank_1;FYX-500;
weapons/cn_480l_drop_tank_1/short;FYX-500;
weapons/cn_480l_drop_tank_2;FYX-500;
weapons/cn_480l_drop_tank_2/short;FYX-500;
weapons/su_490l_mig_21_fuse_1;Подвесной топливный бак ПТБ-500;
weapons/su_490l_mig_21_fuse_1/short;ПТБ-500;
weapons/su_490l_mig_21_right_wing_1;Подвесной топливный бак ПТБ-500;
weapons/su_490l_mig_21_right_wing_1/short;ПТБ-500;
weapons/su_490l_mig_21_fuse;Подвесной топливный бак ПТБ-500;
weapons/su_490l_mig_21_fuse/short;ПТБ-500;
weapons/su_490l_mig_21_right_wing;Подвесной топливный бак ПТБ-500;
weapons/su_490l_mig_21_right_wing/short;ПТБ-500;
weapons/jp_330_liters_a6m;300 L Drop Tank;
weapons/jp_330_liters_a6m/short;Drop Tank;
weapons/su_490l_mig_21_bison_fuse;Drop Tank PTB-500;
weapons/su_490l_mig_21_bison_fuse/short;PTB-500;
weapons/su_490l_mig_21_bison_left_wing;Drop Tank PTB-500;
weapons/su_490l_mig_21_bison_left_wing/short;PTB-500;
weapons/su_490l_mig_21_bison_right_wing;Drop Tank PTB-500;
weapons/su_490l_mig_21_bison_right_wing/short;PTB-500;
weapons/310l_alpha_jet_1;310 L Abwurftank;
weapons/310l_alpha_jet_1/short;Abwurftank;
weapons/310l_alpha_jet_2;310 L Abwurftank;
weapons/310l_alpha_jet_2/short;Abwurftank;
weapons/310l_alpha_jet_france_1;310 L Réservoir Pendulaire;
weapons/310l_alpha_jet_france_1/short;Réservoir Pendulaire;
weapons/310l_alpha_jet_france_2;310 L Réservoir Pendulaire;
weapons/310l_alpha_jet_france_2/short;Réservoir Pendulaire;
weapons/us_150gal_early_drop_tank_1;150 gal. Drop Tank;
weapons/us_150gal_early_drop_tank_1/short;Drop Tank;
weapons/us_150gal_early_drop_tank_2;150 gal. Drop Tank;
weapons/us_150gal_early_drop_tank_2/short;Drop Tank;
weapons/us_150gal_early_fuse_drop_tank;150 gal. Drop Tank;
weapons/us_150gal_early_fuse_drop_tank/short;Drop Tank;
weapons/us_150gal_fuse_drop_tank;150 gal. Drop Tank;
weapons/us_150gal_fuse_drop_tank/short;Drop Tank;
weapons/us_150gal_late_drop_tank_1;150 gal. Drop Tank;
weapons/us_150gal_late_drop_tank_1/short;Drop Tank;
weapons/us_150gal_late_drop_tank_2;150 gal. Drop Tank;
weapons/us_150gal_late_drop_tank_2/short;Drop Tank;
weapons/us_150gal_early_f_20_drop_tank_1;150 gal. Drop Tank;
weapons/us_150gal_early_f_20_drop_tank_1/short;Drop Tank;
weapons/us_150gal_early_f_20_drop_tank_2;150 gal. Drop Tank;
weapons/us_150gal_early_f_20_drop_tank_2/short;Drop Tank;
weapons/us_150gal_fuse_f_20_drop_tank;150 gal. Drop Tank;
weapons/us_150gal_fuse_f_20_drop_tank/short;Drop Tank;
weapons/cn_1140l_drop_tank_1;1140升副油箱;
weapons/cn_1140l_drop_tank_1/short;副油箱;
weapons/cn_1140l_drop_tank_2;1140升副油箱;
weapons/cn_1140l_drop_tank_2/short;副油箱;
weapons/cn_1400l_fyx1400_drop_tank_1;FYX-1400标准副油箱;
weapons/cn_1400l_fyx1400_drop_tank_1/short;FYX-1400;
weapons/cn_1400l_fyx1400_drop_tank_2;FYX-1400标准副油箱;
weapons/cn_1400l_fyx1400_drop_tank_2/short;FYX-1400;
weapons/cn_1400l_fyx1400_drop_tank_3;FYX-1400标准副油箱;
weapons/cn_1400l_fyx1400_drop_tank_3/short;FYX-1400;
weapons/cn_1400l_fyx1400_j_8_fuse_drop_tank;FYX-1400标准副油箱;
weapons/cn_1400l_fyx1400_j_8_fuse_drop_tank/short;FYX-1400;
weapons/cn_1600l_drop_tank;FYX-1600标准副油箱;
weapons/cn_1600l_drop_tank/short;FYX-1600;
weapons/cn_1600l_drop_tank_1;FYX-1600标准副油箱;
weapons/cn_1600l_drop_tank_1/short;FYX-1600;
weapons/cn_1600l_drop_tank_2;FYX-1600标准副油箱;
weapons/cn_1600l_drop_tank_2/short;FYX-1600;
weapons/fr_1200l_rp35_drop_tank_1;Réservoir Pendulaire RP 35 (1200 L);
weapons/fr_1200l_rp35_drop_tank_1/short;RP 35;
weapons/fr_1200l_rp35_drop_tank_2;Réservoir Pendulaire RP 35 (1200 L);
weapons/fr_1200l_rp35_drop_tank_2/short;RP 35;
weapons/fr_1200l_rp35_drop_tank_fuse;Réservoir Pendulaire RP 35 (1200 L);
weapons/fr_1200l_rp35_drop_tank_fuse/short;RP 35;
weapons/fr_1200l_rp35_drop_tank_aluminium_1;Réservoir Pendulaire RP 35 (1200 L);
weapons/fr_1200l_rp35_drop_tank_aluminium_1/short;RP 35;
weapons/fr_1200l_rp35_drop_tank_aluminium_2;Réservoir Pendulaire RP 35 (1200 L);
weapons/fr_1200l_rp35_drop_tank_aluminium_2/short;RP 35;
weapons/fr_1200l_rp35_drop_tank_aluminium_fuse;Réservoir Pendulaire RP 35 (1200 L);
weapons/fr_1200l_rp35_drop_tank_aluminium_fuse/short;RP 35;
weapons/fr_1200l_rp35_drop_tank_gray_1;Réservoir Pendulaire RP 35 (1200 L);
weapons/fr_1200l_rp35_drop_tank_gray_1/short;RP 35;
weapons/fr_1200l_rp35_drop_tank_gray_2;Réservoir Pendulaire RP 35 (1200 L);
weapons/fr_1200l_rp35_drop_tank_gray_2/short;RP 35;
weapons/fr_1200l_rp35_drop_tank_gray_fuse;Réservoir Pendulaire RP 35 (1200 L);
weapons/fr_1200l_rp35_drop_tank_gray_fuse/short;RP 35;
weapons/fr_1200l_rp36_drop_tank_1;Réservoir Pendulaire RP 36 (1200 L);
weapons/fr_1200l_rp36_drop_tank_1/short;RP 36;
weapons/fr_1200l_rp36_drop_tank_2;Réservoir Pendulaire RP 36 (1200 L);
weapons/fr_1200l_rp36_drop_tank_2/short;RP 36;
weapons/fr_1200l_rp36_drop_tank_3;Réservoir Pendulaire RP 36 (1200 L);
weapons/fr_1200l_rp36_drop_tank_3/short;RP 36;
weapons/fr_1200l_rp36_drop_tank_aluminium_1;Réservoir Pendulaire RP 36 (1200 L);
weapons/fr_1200l_rp36_drop_tank_aluminium_1/short;RP 36;
weapons/fr_1200l_rp36_drop_tank_aluminium_2;Réservoir Pendulaire RP 36 (1200 L);
weapons/fr_1200l_rp36_drop_tank_aluminium_2/short;RP 36;
weapons/fr_1200l_rp36_drop_tank_aluminium_3;Réservoir Pendulaire RP 36 (1200 L);
weapons/fr_1200l_rp36_drop_tank_aluminium_3/short;RP 36;
weapons/fr_1200l_rp36_drop_tank_desert_1;Réservoir Pendulaire RP 36 (1200 L);
weapons/fr_1200l_rp36_drop_tank_desert_1/short;RP 36;
weapons/fr_1200l_rp36_drop_tank_desert_2;Réservoir Pendulaire RP 36 (1200 L);
weapons/fr_1200l_rp36_drop_tank_desert_2/short;RP 36;
weapons/fr_1200l_rp36_drop_tank_desert_3;Réservoir Pendulaire RP 36 (1200 L);
weapons/fr_1200l_rp36_drop_tank_desert_3/short;RP 36;
weapons/fr_1200l_rp36_drop_tank_gray_1;Réservoir Pendulaire RP 36 (1200 L);
weapons/fr_1200l_rp36_drop_tank_gray_1/short;RP 36;
weapons/fr_1200l_rp36_drop_tank_gray_2;Réservoir Pendulaire RP 36 (1200 L);
weapons/fr_1200l_rp36_drop_tank_gray_2/short;RP 36;
weapons/fr_1200l_rp36_drop_tank_gray_3;Réservoir Pendulaire RP 36 (1200 L);
weapons/fr_1200l_rp36_drop_tank_gray_3/short;RP 36;
weapons/fr_1300l_rp62_drop_tank_1;Réservoir Pendulaire RP 62 (1300 L);
weapons/fr_1300l_rp62_drop_tank_1/short;RP 62;
weapons/fr_1300l_rp62_drop_tank_2;Réservoir Pendulaire RP 62 (1300 L);
weapons/fr_1300l_rp62_drop_tank_2/short;RP 62;
weapons/fr_1700l_rp30_drop_tank_1;Réservoir Pendulaire RP 30 (1700 L);
weapons/fr_1700l_rp30_drop_tank_1/short;RP 30;
weapons/fr_1700l_rp30_drop_tank_2;Réservoir Pendulaire RP 30 (1700 L);
weapons/fr_1700l_rp30_drop_tank_2/short;RP 30;
weapons/bl_1700l_rp30_drop_tank_1;Réservoir Pendulaire RP 30 (1700 L);
weapons/bl_1700l_rp30_drop_tank_1/short;RP 30;
weapons/bl_1700l_rp30_drop_tank_2;Réservoir Pendulaire RP 30 (1700 L);
weapons/bl_1700l_rp30_drop_tank_2/short;RP 30;
weapons/meteor_f_mk8_100_tank_1;100 gal. Drop Tank;
weapons/meteor_f_mk8_100_tank_1/short;Drop Tank;
weapons/meteor_f_mk8_100_tank_3;100 gal. Drop Tank;
weapons/meteor_f_mk8_100_tank_3/short;Drop Tank;
weapons/meteor_f_mk8_180_tank_2;100 gal. Drop Tank;
weapons/meteor_f_mk8_180_tank_2/short;Drop Tank;
weapons/fr_1700l_rp30_mirage_3e_drop_tank_1;Réservoir Pendulaire RP 30 (1700 L);
weapons/fr_1700l_rp30_mirage_3e_drop_tank_1/short;RP 30;
weapons/fr_1700l_rp30_mirage_3e_drop_tank_2;Réservoir Pendulaire RP 30 (1700 L);
weapons/fr_1700l_rp30_mirage_3e_drop_tank_2/short;RP 30;
weapons/il_880l_rp825_drop_tank_1;Réservoir Pendulaire RP 825 (880 L);
weapons/il_880l_rp825_drop_tank_1/short;RP 825;
weapons/il_880l_rp825_drop_tank_2;Réservoir Pendulaire RP 825 (880 L);
weapons/il_880l_rp825_drop_tank_2/short;RP 825;
weapons/il_880l_rp825_drop_tank_3;Réservoir Pendulaire RP 825 (880 L);
weapons/il_880l_rp825_drop_tank_3/short;RP 825;
weapons/il_880l_rp825_drop_tank_ghost_grey_1;Réservoir Pendulaire RP 825 (880 L);
weapons/il_880l_rp825_drop_tank_ghost_grey_1/short;RP 825;
weapons/il_880l_rp825_drop_tank_ghost_grey_2;Réservoir Pendulaire RP 825 (880 L);
weapons/il_880l_rp825_drop_tank_ghost_grey_2/short;RP 825;
weapons/il_880l_rp825_drop_tank_ghost_grey_3;Réservoir Pendulaire RP 825 (880 L);
weapons/il_880l_rp825_drop_tank_ghost_grey_3/short;RP 825;
weapons/il_880l_rp825_drop_tank_mirage_3cj;Réservoir Pendulaire RP 825 (880 L);
weapons/il_880l_rp825_drop_tank_mirage_3cj/short;RP 825;
weapons/il_880l_rp825_drop_tank_ghost_grey_mirage_3cj;Réservoir Pendulaire RP 825 (880 L);
weapons/il_880l_rp825_drop_tank_ghost_grey_mirage_3cj/short;RP 825;
weapons/sw_880l_rp825_drop_tank_mirage_iiis;Réservoir Pendulaire RP 825 (730 L)
weapons/sw_880l_rp825_drop_tank_mirage_iiis/short;RP 825
weapons/il_1300l_rp62_drop_tank_1;Réservoir Pendulaire RP 62 (1300 L)
weapons/il_1300l_rp62_drop_tank_1/short;RP 62
weapons/il_1300l_rp62_drop_tank_2;Réservoir Pendulaire RP 62 (1300 L)
weapons/il_1300l_rp62_drop_tank_2/short;RP 62
weapons/il_1300l_rp62_drop_tank_3;Réservoir Pendulaire RP 62 (1300 L)
weapons/il_1300l_rp62_drop_tank_3/short;RP 62
weapons/il_1300l_rp62_drop_tank_ghost_grey_1;Réservoir Pendulaire RP 62 (1300 L)
weapons/il_1300l_rp62_drop_tank_ghost_grey_1/short;RP 62
weapons/il_1300l_rp62_drop_tank_ghost_grey_2;Réservoir Pendulaire RP 62 (1300 L)
weapons/il_1300l_rp62_drop_tank_ghost_grey_2/short;RP 62
weapons/il_1300l_rp62_drop_tank_ghost_grey_3;Réservoir Pendulaire RP 62 (1300 L)
weapons/il_1300l_rp62_drop_tank_ghost_grey_3/short;RP 62
weapons/us_600_gal_a_10c_1;600 gal. Drop Tank;
weapons/us_600_gal_a_10c_1/short;Drop Tank;
weapons/us_600_gal_a_10c_2;600 gal. Drop Tank;
weapons/us_600_gal_a_10c_2/short;Drop Tank;
weapons/us_600_gal_a_10c_3;600 gal. Drop Tank;
weapons/us_600_gal_a_10c_3/short;Drop Tank;
weapons/su_su24m_2000l_drop_tank;Подвесной топливный бак ПТБ-2000;
weapons/su_su24m_2000l_drop_tank/short;ПТБ-2000;
weapons/su_su24m_3000l_drop_tank_left;Подвесной топливный бак ПТБ-3000;
weapons/su_su24m_3000l_drop_tank_left/short;ПТБ-3000;
weapons/su_su24m_3000l_drop_tank_right;Подвесной топливный бак ПТБ-3000;
weapons/su_su24m_3000l_drop_tank_right/short;ПТБ-3000;
weapons/su_su34_3000l_drop_tank;Подвесной топливный бак ПТБ-3000;
weapons/su_su34_3000l_drop_tank/short;ПТБ-3000;
weapons/su_su34_3000l_drop_tank_left;Подвесной топливный бак ПТБ-3000;
weapons/su_su34_3000l_drop_tank_left/short;ПТБ-3000;
weapons/su_su34_3000l_drop_tank_right;Подвесной топливный бак ПТБ-3000;
weapons/su_su34_3000l_drop_tank_right/short;ПТБ-3000;
weapons/cn_800l_rx3_drop_tank;FYX-800标准副油箱;
weapons/cn_800l_rx3_drop_tank/short;FYX-800;
weapons/cn_1100l_rx3_drop_tank_1;FYX-1100标准副油箱;
weapons/cn_1100l_rx3_drop_tank_1/short;FYX-1100;
weapons/cn_1100l_rx3_drop_tank_2;FYX-1100标准副油箱;
weapons/cn_1100l_rx3_drop_tank_2/short;FYX-1100;
weapons/uk_1000l_ef_2000_2;1000 L Fuel Tank
weapons/uk_1000l_ef_2000_2/short;1000 L Fuel Tank
weapons/uk_1000l_ef_2000_1;1000 L Fuel Tank
weapons/uk_1000l_ef_2000_1/short;1000 L Fuel Tank
weapons/uk_1000l_ef_2000_3;1000 L Fuel Tank
weapons/uk_1000l_ef_2000_3/short;1000 L Fuel Tank
weapons/in_100gal_marut_drop_tank_l;100 gal Drop Tank
weapons/in_100gal_marut_drop_tank_l/short;Drop Tank
weapons/in_100gal_marut_drop_tank_r;100 gal Drop Tank
weapons/in_100gal_marut_drop_tank_r/short;Drop Tank
weapons/in_100gal_marut_drop_tank_l_2;100 gal Drop Tank
weapons/in_100gal_marut_drop_tank_l_2/short;Drop Tank
weapons/in_100gal_marut_drop_tank_r_2;100 gal Drop Tank
weapons/in_100gal_marut_drop_tank_r_2/short;Drop Tank
weapons/us_358gal_f_106_1;358 gal. Drop Tank
weapons/us_358gal_f_106_1/short;Drop Tank
weapons/us_358gal_f_106_2;358 gal. Drop Tank
weapons/us_358gal_f_106_2/short;Drop Tank
weapons/us_275gal_fuse_clip_drop_tank_1;275 gal. Drop Tank
weapons/us_275gal_fuse_clip_drop_tank_1/short;Drop Tank
weapons/su_kh_66;Управляемая ракета «воздух-поверхность» Х-66;
weapons/su_kh_66/short;Р «В-П» Х-66;
weapons/su_kh_25;Управляемая ракета «воздух-поверхность» Х-25;
weapons/su_kh_25/short;Р «В-П» Х-25;
weapons/su_kh_25_haslaserchannel;Управляемая ракета «воздух-поверхность» Х-25;
weapons/su_kh_25_haslaserchannel/short;Р «В-П» Х-25;
weapons/su_kh_29l;Управляемая ракета «воздух-поверхность» Х-29Л;
weapons/su_kh_29l/short;Р «В-П» Х-29Л;
weapons/su_grom_1;Х-36 Гром-1
weapons/su_grom_1/short;Х-36 Гром-1
weapons/su_grom_2;Х-36 Гром-1
weapons/su_grom_2/short;Х-36 Гром-1
weapons/su_kh_25mr;Управляемая ракета «воздух-поверхность» Х-25МР;
weapons/su_kh_25mr/short;Р «В-П» Х-25МР;
weapons/su_kh_29l_notlaserchannel;Управляемая ракета «воздух-поверхность» Х-29Л;
weapons/su_kh_29l_notlaserchannel/short;Р «В-П» Х-29Л;
weapons/uk_2_inch_rocket;Rocket Projectile, 2”;
weapons/uk_2_inch_rocket/short;RP-2;
weapons/uk_2_inch_rocket_expo;Rocket Projectile, 2”;
weapons/uk_2_inch_rocket_expo/short;RP-2;
weapons/uk_180lb_triplex;Triplex Rocket Projectile, 180-lb;
weapons/uk_180lb_triplex/short;Triplex RP, 180-lb;
weapons/uk_uncle_tom_a;Uncle Tom;
weapons/uk_uncle_tom_a/short;Uncle Tom;
weapons/uk_uncle_tom_b;Uncle Tom;
weapons/uk_uncle_tom_b/short;Uncle Tom;
weapons/uk_1000lb_ap_redangel;Red Angel;
weapons/uk_1000lb_ap_redangel/short;Red Angel;
weapons/fr_as20;AS.20;
weapons/fr_as20/short;AS.20;
weapons/fr_as30;AS.30;
weapons/fr_as30/short;AS.30;
weapons/fr_as30l;AS.30L;
weapons/fr_as30l/short;AS.30L;
weapons/fr_as30_switzerland;Flugzeug-Lenkwaffe Luft-Boden 66
weapons/fr_as30_switzerland/short;Flz.Lwf. LB 66
weapons/gr_as34_kormoran;AS.34 Kormoran;
weapons/gr_as34_kormoran/short;AS.34;
weapons/jp_asm1;ASM-1
weapons/jp_asm1/short;ASM-1
weapons/jp_asm2;ASM-2
weapons/jp_asm2/short;ASM-2
weapons/us_zuni_wafar_mk32;Rocket, Anti-Tank Anti-Personnel, 5” w/ 5” Warhead Mk 32 Mod 0 (Rocket Motor Mk 71 Mod 0);
weapons/us_zuni_wafar_mk32/short;5” ATAP (Mk 32 | Mk 71);
weapons/us_zuni_wafar_mk32_cwp;Rocket, Anti-Tank Anti-Personnel, 5” w/ 5” Warhead Mk 32 Mod 0 (Rocket Motor Mk 71 Mod 0);
weapons/us_zuni_wafar_mk32_cwp/short;5” ATAP (Mk 32 | Mk 71);
weapons/us_zuni_wafar_mk32_left;Rocket, Anti-Tank Anti-Personnel, 5” w/ 5” Warhead Mk 32 Mod 0 (Rocket Motor Mk 71 Mod 0);
weapons/us_zuni_wafar_mk32_left/short;5” ATAP (Mk 32 | Mk 71);
weapons/us_zuni_wafar_mk32_right;Rocket, Anti-Tank Anti-Personnel, 5” w/ 5” Warhead Mk 32 Mod 0 (Rocket Motor Mk 71 Mod 0);
weapons/us_zuni_wafar_mk32_right/short;5” ATAP (Mk 32 | Mk 71);
weapons/us_zuni_wafar_mk34;Rocket, Smoke, 5” w/ 5” Warhead Mk 34 Mod 0 (Rocket Motor Mk 71 Mod 0)
weapons/us_zuni_wafar_mk34/short;5” Smk (Mk 32 | Mk 71);
weapons/su_rbs132;Неуправляемая авиационная ракета РБС-132;
weapons/su_rbs82;Неуправляемая авиационная ракета РБС-82;
weapons/jp_navy_rocket_type3_number1_9kg;三式一番二八号爆弾一型;
weapons/jp_navy_rocket_type5_number1_13kg;五式一番九号爆弾一型;
weapons/jp_navy_rocket_type3_number6_66kg;三式六番二七号爆弾;
weapons/jp_navy_rocket_type5_number6_84kg;五式六番九号爆弾;
weapons/jp_navy_type98mod25_250kg;250 kg 海軍九八式二五番陸用爆弾;
weapons/jp_ki_148_i_go_1b;イ号一型乙無線誘導弾;
weapons/jp_ki_148_i_go_1b/short;キ148;
weapons/jp_ki_148_i_go_1b_event_broken_warhead/short;キ148;
weapons/jp_ki_148_i_go_1b_event_broken_engine/short;キ148;
weapons/jp_ki_148_i_go_1b_event/short;キ148;
weapons/jp_ki_148_i_go_1b_event_broken_air_ballon/short;キ148;
weapons/jp_ki_148_i_go_1b_event_broken_pipe/short;キ148;
weapons/jp_ki_148_i_go_1b_event_broken_servo_controll/short;キ148;
weapons/jp_ki_148_i_go_1b_event_broken_guidance/short;キ148;
weapons/jp_ki_148_i_go_1b_event_broken_fuel_leak/short;キ148;
weapons/fr_tba_ecc;TBA 100 Emploi Contre-Chars;
weapons/fr_tba_ecc/short;TBA 100 ECC;
weapons/fr_tba_multidart_ab;TBA Multi-Dart 100 Anti-Blindés Légers;
weapons/fr_tba_multidart_ab/short;TBA Multi-Dart 100 ABL;
weapons/us_5_in_hvar;5” Aircraft Rocket (5” Rocket Head Mk 6 Mod 1 | 5” Rocket Motor Mk 2 Mod 0);
weapons/us_5_in_hvar_c;5” Aircraft Rocket (5” Rocket Head Mk 6 Mod 1 | 5” Rocket Motor Mk 2 Mod 0);
weapons/us_5_in_hvar_c_default;5” Aircraft Rocket (5” Rocket Head Mk 6 Mod 1 | 5” Rocket Motor Mk 2 Mod 0);
weapons/us_5_in_hvar_d;5” Aircraft Rocket (5” Rocket Head Mk 6 Mod 1 | 5” Rocket Motor Mk 2 Mod 0);
weapons/us_5_in_hvar_2;5” Aircraft Rocket (5” Rocket Head Mk 6 Mod 1 | 5” Rocket Motor Mk 2 Mod 0);
weapons/su_s_5k_rocket;Неуправляемая авиационная ракета С-5К;
weapons/su_s_5k_rocket_ub16;Неуправляемая авиационная ракета С-5К;
weapons/su_s_5kp_rocket;Неуправляемая авиационная ракета С-5КП;
weapons/su_s_5kp_rocket/short;С-5КП;
weapons/cn_hf5_rocket;Неуправляемая авиационная ракета С-5К;
weapons/su_s_3k_rocket;Неуправляемая авиационная ракета С-3K;
weapons/su_s_3k_rocket/short;С-3K;
weapons/su_s_5m_rocket;Неуправляемая авиационная ракета С-5М;
weapons/su_s_21_rocket;Неуправляемая авиационная ракета С-21;
weapons/su_s_24_rocket;Неуправляемая авиационная ракета С-24;
weapons/su_s_24b_rocket;Неуправляемая авиационная ракета С-24Б;
weapons/su_s_24b_rocket/short;С-24Б;
weapons/in_nasser_240;Nasser 240
weapons/in_nasser_240/short;Nasser 240
weapons/su_s_25l_rocket;Неуправляемая авиационная ракета С-25Л;
weapons/su_s_25l_rocket/short;С-25Л;
weapons/su_s_25ld;Неуправляемая авиационная ракета С-25ЛД;
weapons/su_s_25ld/short;С-25ЛД;
weapons/su_s_25ofm_rocket;Неуправляемая авиационная ракета С-25ОФМ;
weapons/su_s_25ofm_rocket/short;С-25ОФМ;
weapons/su_s_25of_rocket;Неуправляемая авиационная ракета С-25О;
weapons/su_s_25of_rocket/short;С-25О;
weapons/su_s_25o_rocket;Неуправляемая авиационная ракета С-25О;
weapons/su_s_25o_rocket/short;С-25О;
weapons/us_11_75_in_tiny_tim;11.75” Aircraft Rocket (11.75” Rocket Head Mk 4 Mod 0 | 11.75” Rocket Motor Mk 3 Mod 4);
weapons/us_5_in_hvar_a;5” Aircraft Rocket (5” Rocket Head Mk 6 Mod 1 | 5” Rocket Motor Mk 2 Mod 0);
weapons/us_5_in_hvar_b;5” Aircraft Rocket (5” Rocket Head Mk 6 Mod 1 | 5” Rocket Motor Mk 2 Mod 0);
weapons/us_5_in_hvar_a_default;5” Aircraft Rocket (5” Rocket Head Mk 6 Mod 1 | 5” Rocket Motor Mk 2 Mod 0);
weapons/us_5_in_hvar_b_default;5” Aircraft Rocket (5” Rocket Head Mk 6 Mod 1 | 5” Rocket Motor Mk 2 Mod 0);
weapons/us_11_75_in_tiny_tim_army;11.75” Aircraft Rocket (11.75” Rocket Head Mk 4 Mod 0 | 11.75” Rocket Motor Mk 3 Mod 4);
weapons/uk_hvar;5” Aircraft Rocket (5” Rocket Head Mk 6 Mod 1 | 5” Rocket Motor Mk 2 Mod 0);
weapons/uk_rocket;5” Aircraft Rocket (5” Rocket Head Mk 6 Mod 1 | 5” Rocket Motor Mk 2 Mod 0);
weapons/us_5_in_ar_mk1;5” Aircraft Rocket (5” Rocket Head Mk 6 Mod 1 | 5” Rocket Motor Mk 2 Mod 0);
weapons/us_5_in_ar_mk1/short;5” AR (Mk 6);
weapons/uk_rp3;Rocket Projectile, 3”, 60 lb Shell, HE/SAP;
weapons/uk_rp3_2;Rocket Projectile, 3”, 60 lb Shell, HE/SAP;
weapons/uk_rp3_3;Rocket Projectile, 3”, 60 lb Shell, HE/SAP;
weapons/uk_rp3_4a;Rocket Projectile, 3”, 60 lb Shell, HE/SAP;
weapons/uk_rp3_4a_late;Rocket Projectile, 3”, 60 lb Shell, HE/SAP;
weapons/uk_rp3_4a_late/short;RP-3, 60 lb, HE/SAP;
weapons/uk_rp3_4a_default;Rocket Projectile, 3”, 60 lb Shell, HE/SAP;
weapons/uk_rp3_4a_default/short;RP-3, 60 lb, HE/SAP;
weapons/de_r4m_pb2_rocket;Panzerblitz II;
weapons/uk_rp3_4b;Rocket Projectile, 3”, 60 lb Shell, HE/SAP;
weapons/uk_rp3_4b_late;Rocket Projectile, 3”, 60 lb Shell, HE/SAP;
weapons/uk_rp3_4b_late/short;RP-3, HE/SAP;
weapons/uk_rp3_2_late;Rocket Projectile, 3”, 60 lb Shell, HE/SAP;
weapons/uk_rp3_2_late/short;RP-3, 60 lb, HE/SAP;
weapons/uk_rp3_late;Rocket Projectile, 3”, 60 lb Shell, HE/SAP;
weapons/uk_rp3_late/short;RP-3, 60 lb, HE/SAP;
weapons/swd_m41_torpedo;Torped m/41;
weapons/swd_m41_torpedo/short;m/41;
weapons/swd_m36_torpedo;Torped m/36;
weapons/swd_m36_torpedo/short;m/36;
weapons/swd_m38_torpedo;Torped m/38;
weapons/swd_m38_torpedo/short;m/38;
weapons/il_100_50_kg_gp;100/50 kg GP;
weapons/il_100_50_kg_gp/short;100/50 GP;
weapons/il_250_50_kg_gp;250/50 kg GP;
weapons/il_250_50_kg_gp/short;250/50 GP;
weapons/il_360_50_kg_gp;360/50 kg GP;
weapons/il_360_50_kg_gp/short;360/50 GP;
weapons/il_500_50_kg_gp;500/50 kg GP;
weapons/il_500_50_kg_gp/short;500/50 GP;
weapons/br_bafg_230;Bombas Aéreas de Fins Gerais 230;
weapons/br_bafg_230/short;BAFG-230;
weapons/br_bafg_230_default;Bombas Aéreas de Fins Gerais 230;
weapons/br_bafg_230_default/short;BAFG-230;
weapons/br_bafg_230_2;Bomba com Freio Aerodinâmico 230/2;
weapons/br_bafg_230_2/short;BFA-230/2;
weapons/br_bafg_230_2_default;Bomba com Freio Aerodinâmico 230/2;
weapons/br_bafg_230_2_default/short;BFA-230/2;
weapons/br_bafg_460;Bombas Aéreas de Fins Gerais 460;
weapons/br_bafg_460/short;BAFG-460;
weapons/br_bafg_460_2;Bomba com Freio Aerodinâmico 460/2;
weapons/br_bafg_460_2/short;BFA-460/2;
weapons/br_bafg_460_2_default;Bomba com Freio Aerodinâmico 460/2;
weapons/br_bafg_460_2_default/short;BFA-460/2;
weapons/br_bafg_920;Bombas Aéreas de Fins Gerais 920;
weapons/br_bafg_920/short;BAFG-920;
weapons/jp_type91mod2_torpedo;450mm九一式航空魚雷改2;
weapons/jp_type91mod3_torpedo;450mm九一式航空魚雷改3;
weapons/uk_mk12_torpedo;18” Torpedo Mk 12 Mod 0;
weapons/us_mk13_torpedo;22.5” Torpedo Mk 13 Mod 7;
weapons/us_mk13_torpedo_tutorial;22.5” Torpedo Mk 13 Mod 7;
weapons/us_mk13_torpedo_no_case;22.5” Torpedo Mk 13 Mod 3;
weapons/us_mk13_mod1;22.5” Torpedo Mk 13 Mod 1;
weapons/us_mk13_mod1/short;Mk 13 Mod 1;
weapons/us_mk13_torpedo_weak;22.5” Torpedo Mk 13 Mod 3;
weapons/su_45_36an_1939_torpedo;450-мм торпеда 45-36AН;
weapons/su_45_36man_1952_torpedo;450-мм торпеда 45-36МAН;
weapons/it_f200_450_torpedo;W 170/450X5,46;
weapons/it_f200_450_torpedo_no_fin;W 170/450X5,46;
weapons/su_45_54vt_1954_torpedo;450-мм торпеда 45-54ВТ
weapons/su_45_54vt_1954_torpedo/short;45-54ВТ
weapons/uk_mk15_torpedo;Torpedo, 18”, Mk. XV;
weapons/uk_mk15_torpedo_no_stab;Torpedo, 18”, Mk. XV;
weapons/uk_mk15_torpedo_no_stab/short;Mk. XV
weapons/us_1000lb_anm65a1;Bomb, General Purpose: 1000-lb, AN/M65A1;
weapons/us_1000lb_anm65a1_default;Bomb, General Purpose: 1000-lb, AN/M65A1;
weapons/us_1000lb_anm65a1_default/short;1000-lb AN/M65A1;
weapons/us_100lb_anm30;Bomb, General Purpose: 100-lb, AN/M30A1;
weapons/us_250lb_anm57;Bomb, General Purpose: 250-lb, AN/M57;
weapons/us_250lb_anm57_default;Bomb, General Purpose: 250-lb, AN/M57;
weapons/us_250lb_anm57_default/short;250-lb AN/M57
weapons/us_500lb_anm64a1;Bomb, General Purpose: 500-lb, AN/M64A1;
weapons/us_1000lb_anm65a1_rod;Bomb, General Purpose: 1000-lb, AN/M65A1;
weapons/us_500lb_anm64a1_rod;Bomb, General Purpose: 500-lb, AN/M64A1;
weapons/us_250lb_mk_81_ldgp;Bomb, Low-Drag, Mk 81 Mod 1;
weapons/us_500lb_mk_82_ldgp;Bomb, Low-Drag, Mk 82 Mod 1;
weapons/us_500lb_mk_82_ldgp_default;Bomb, Low-Drag, Mk 82 Mod 1;
weapons/us_1000lb_mk_83_ldgp;Bomb, 1000-lb, LD GP, Mk 83 Mod 1;
weapons/us_1000lb_mk_83_ldgp_default;Bomb, Low-Drag, Mk 83 Mod 1;
weapons/us_2000lb_mk_84_ldgp;Bomb, Low-Drag, Mk 84 Mod 1;
weapons/us_3000lb_m118;Bomb, General Purpose: 3000-lb, M118;
weapons/us_3000lb_m118/short;3000-lb M118;
weapons/us_3000lb_m118_90;Bomb, General Purpose: 3000-lb, M118;
weapons/us_3000lb_m118_90/short;3000-lb M118;
weapons/us_4000lb_anm56_box;Bomb, Large-Capacity: 4000-lb, AN/M56;
weapons/us_4000lb_anm56_box/short;4000-lb AN/M56;
weapons/us_250lb_mk_81_ldgp/short;250-lb Mk 81;
weapons/us_500lb_mk_82_ldgp/short;500-lb Mk 82;
weapons/us_500lb_mk_82_ldgp_default/short;500-lb Mk 82;
weapons/us_1000lb_mk_83_ldgp/short;1000-lb Mk 83;
weapons/us_1000lb_mk_83_ldgp_default/short;1000-lb Mk 83;
weapons/us_2000lb_mk_84_ldgp/short;2000-lb Mk 84;
weapons/us_2000lb_mk_84_ldgp_air;Bomb, Low-Drag, Mk 84 Mod 1 (BSU-50);
weapons/us_2000lb_mk_84_ldgp_air/short;2000-lb Mk 84 (BSU-50);
weapons/cannonBK37;3,7 cm-Bordkanone 3,7;
weapons/cannonBK37_underwing;3,7 cm-Bordkanone 3,7;
weapons/cannonHo155;3cmホ155;
weapons/cannonHo203;3,7cmホ203;
weapons/cannonHo204;3,7cmホ204;
weapons/cannonType94;九四式三十七粍速射砲;
weapons/cannonType98;九八式三十七粍速射砲;
weapons/cannonHo5;二式二十粍固定機銃;
weapons/cannonHo5_turret;二式二十粍固定機関砲;
weapons/cannonHo401;5,7cmホ401;
weapons/china_250kg_mk_82;Bomb, Low-Drag, Mk 82 Mod 1;
weapons/china_250kg_mk_82/short;500-lb Mk 82;
weapons/us_300lb_m_31;Bomb, Demolition, 300-lb, M31;
weapons/us_300lb_m_31/short;300-lb M31;
weapons/us_600lb_m_32;Bomb, Demolition, 600-lb, M32;
weapons/us_600lb_m_32/short;600-lb M32;
weapons/us_1000lb_anm_44;Bomb, General-Purpose: 1000-lb, AN/M44;
weapons/us_1000lb_anm_44/short;1000-lb AN/M44;
weapons/us_600lb_m62_ap;Bomb, Armor-Piercing, 600-lb, M62;
weapons/us_600lb_m62_ap/short;600-lb M62;
weapons/us_1000lb_anmk33_box_ap;Bomb, Armor-Piercing, 1600-lb, AN/Mk 33 Mod 1;
weapons/us_1000lb_anmk33_box_ap/short;1000-lb AN/Mk 33;
weapons/us_1000lb_anmk33_box_ap_45;Bomb, Armor-Piercing, 1600-lb, AN/Mk 33 Mod 1;
weapons/us_1000lb_anmk33_box_ap_45/short;1000-lb AN/Mk 33;
weapons/us_1400lb_m63_ap;Bomb, Armor-Piercing, 1400-lb, M63;
weapons/us_1400lb_m63_ap/short;1400-lb M63;
weapons/us_1000lb_gp_mk9;Bomb, General-Purpose: 1000-lb, Mk 9 Mod 0;
weapons/us_1000lb_gp_mk9/short;100-lb Mk 9;
weapons/us_2000lbs_m_34;Bomb, General-Purpose: 2000-lb, AN/M34;
weapons/us_2000lbs_m_34/short;2000-lb AN/M34;
weapons/fr_130kg_samp_mk81;Bombe SAMP 130 kg Mk 81;
weapons/fr_130kg_samp_mk81/short;130 kg Mk 81;
weapons/fr_250kg_samp_mk82;Bombe SAMP 250 kg Mk 82;
weapons/fr_250kg_samp_mk82/short;250 kg Mk 82;
weapons/fr_500kg_samp_mk83;Bombe SAMP 5000 kg Mk 83;
weapons/fr_500kg_samp_mk83/short;500 kg Mk 83;
weapons/fr_1000kg_samp_mk84;Bombe SAMP 1000 kg Mk 84;
weapons/fr_1000kg_samp_mk84/short;1000 kg Mk 84;
weapons/lau_131a_x3;LAU-131/A;
weapons/lau_131a_x3/short;LAU-131/A;
weapons/us_500lb_mk_82_x3_ter9a_1;Bomb, Low-Drag, Mk 82 Mod 1;
weapons/us_500lb_mk_82_x3_ter9a_1/short;500-lb Mk 82;
weapons/dra_lau_105a_aim_9l_lm;AIM-9L Sidewinder;
weapons/dra_lau_105a_aim_9l_lm/short;AIM-9L;
weapons/dra_lau_105a_aim_9l_rm;AIM-9L Sidewinder;
weapons/dra_lau_105a_aim_9l_rm/short;AIM-9L;
weapons_types/short/guns;M;
weapons_types/short/cannons;C;
weapons_types/short/turrets;T;
weapons_types/short/rockets;R;
weapons_types/short/bombs;B;
weapons_types/short/torpedoes;T;
weapons_types/short/separator;/;
weapons_types/short/separatorVertical;|;
weapons_types/guns;MG;
weapons_types/additional gun;MG;
weapons_types/cannons;Cannon;
weapons_types/turrets;Turret;
weapons_types/in_turret;in turret;
weapons_types/bombs;Bomb;
weapons_types/torpedoes;Torpedo;
weapons_types/rockets;Rocket;
weapons/counter; x%d;
weapons/counter/left/short;%dx;
weapons/counter/right/short; x%d;
weapons/drop_speed_range;Speed recommended for torpedo drop: %s
weapons/drop_height_range;Altitude recommended for torpedo drop: %s
weapons/drop_speed_range_text;Speed recommended for torpedo drop
weapons/drop_height_range_text;Altitude recommended for torpedo drop
weapons/88mm_Flak41_user_cannon;8,8 cm-Flugabwehrkanone 41 (L/71);
weapons/128mm_KwK44_user_cannon;12,8 cm-Kampfwagenkanone 44 (L/55);
128mm_pzgr_ts;12,8/8,8 Panzergranate-Treibspiegel;
weapons/128mm_PaK44_user_cannon;12,8 cm-Panzerjagdkanone 80 (L/55);
weapons/100mm_LB1_user_cannon;100-мм танковая пушка ЛБ-1;
weapons/100mm_C34_user_cannon;100-мм танковая пушка С-34;
weapons/100mm_D10S_user_cannon;100-мм самоходная пушка обр. 1944 г. (Д-10СУ);
weapons/100mm_D10T_user_cannon;100-мм танковая пушка обр. 1944 г. (Д-10T);
weapons/105mm_Kwk46_user_cannon;10,5 cm-Kampfwagenkanone (L/68);
weapons/105mm_M4_user_cannon;Howitzer, 105-mm, M4;
weapons/380mm_RW_61_user_cannon;38 cm-Raketenwerfer 61 (L/5,4);
380mm_sprgr4581;Raketen-Sprengranate 4581;
weapons/380mm_sprgr4581/short;R.Spr.Gr. 4581;
weapons/105mm_StuH42_user_cannon;10,5 cm-Sturmhaubitze 42 (L/28);
weapons/105mm_GT_8_user_cannon;105 mm GT8;
weapons/105mm_GT_7_user_cannon;105 mm GT7;
weapons/105mm_GT3_user_cannon;105 mm GT3;
weapons/105mm_GT3_TTD_user_cannon;105 mm GT3;
weapons/90mm_GT_2_user_cannon;90 mm GT2;
weapons/76mm_GT_4_user_cannon;76,2 mm GT4;
weapons/20mm_GI_2_user_cannon;20 mm GI2;
weapons/35mm_GA_35_user_cannon;35 mm GA35;
weapons/105mm_GT3B_user_cannon;105 mm GT3B;
76mm_gt4_he;HE;
weapons/105mm_L7A3_GA_2_user_cannon;Bordkanone 105 mm, L7 A3;
weapons/105mm_L7A3_user_cannon;Bordkanone 105 mm, L7 A3;
weapons/105mm_LRF_user_cannon;105 mm Low Recoil Force;
weapons/105mm_M68A1_E8_user_cannon;Cannon, 105-mm Gun: M68A1E8;
weapons/105mm_M68A1_AGS_user_cannon;105-mm Ex 35 Mod 0;
105mm_m900;APFSDS-T, M900;
weapons/105mm_M68_XM_user_cannon;Cannon, 105-mm Gun: M68;
weapons/105mm_M68_user_cannon;Cannon, 105-mm Gun: M68;
weapons/105mm_M68_TTS_user_cannon;Cannon, 105-mm Gun: M68;
weapons/120mm_TKG_user_cannon;10式120mm戦車砲;
120mm_type_10;10式120mm装弾筒付翼安定徹甲弾;
weapons/105mm_CN_105_57_user_cannon;Canon de 105 mm modèle 57
weapons/152mm_2A33_user_cannon;152-мм гаубица Д-22 (2А33М);
152mm_3of25;3ОФ25;
152mm_3of25_vt;3ОФ25 «Гриф»;
152mm_3of45;3ОФ45;
152mm_3of45_vt;3ОФ45-1;
weapons/152mm_pl_66_gai_user_cannon;PL66式152毫米加农榴弹炮;
152mm_ddb_1;DDB1/PL66-152;
152mm_ddb_1_vt;DDB1/PL66-152 (DRL02);
152mm_bee_7;BEE7 (ML-11A)
152mm_bee_7_vt;BEE7 (MD-81);
weapons/105mm_T15E2_user_cannon;Gun, 105-mm, T5E1;
weapons/122mm_M62T2S_user_cannon;122-мм танковая пушка М-62Т2 (2А17);
weapons/122mm_M30_user_cannon;122-мм гаубица обр. 1938 г. (М-30);
weapons/122mm_A19_user_cannon;122-мм самоходная пушка обр. 1931/44 г. (A-19C);
weapons/122mm_D25S_user_cannon;122-мм самоходная пушка обр. 1943 г. (Д-25C);
weapons/122mm_D25T_user_cannon;122-мм танковая пушка обр. 1943 г. (Д-25Т);
weapons/122mm_D25TS_user_cannon;122-мм танковая пушка обр. 1943 г. (Д-25ТC);
weapons/122mm_D30T_user_cannon;122-мм танковая пушка Д-30T;
weapons/122mm_D49_user_cannon;122-мм самоходная пушка Д-49;
weapons/130mm_B13_user_cannon;130-мм корабельная пушка обр. 1935 г. (Б-13);
weapons/152mm_M10T_user_cannon;152-мм танковая гаубица обр. 1938 г. (М-10T);
weapons/152mm_ML20S_user_cannon;152-мм самоходная гаубица-пушка обр. 1937 г. (МЛ-20С);
weapons/20mm_FlaK38_user_cannon;2 cm-Flugabwehrkanone 38 (L/65);
weapons/20mm_FlaK38_wirbelwind_user_cannon;2 cm-Flugabwehrkanone 38 (L/65)
weapons/20mm_65_c38_vierling_naval_user_cannon;2 cm-Flugabwehrkanone-Vierling C/38;
weapons/20mm_KwK30_222_user_cannon;2 cm-Kampfwagenkanone 30 (L/55);
weapons/20mm_KwK30_user_cannon;2 cm-Kampfwagenkanone 30 (L/55);
weapons/20mm_KwK38_user_cannon;2 cm-Kampfwagenkanone 38 (L/55);
weapons/20mm_65_breda_naval_user_cannon;Cannone-Mitragliera Breda da 20/65 Mod. 35;
weapons/20mm_TNSh_user_cannon;20-мм танковая пушка ТНШ-20;
weapons/25mm_72K_user_cannon;25-мм автоматическая зенитная пушка обр. 1940 г. (72-К);
weapons/37mm_Sh_37_user_cannon;37-мм пушка Ш-37;
weapons/30mm_MK103_38_user_cannon;3 cm-Flugzeugmaschinenkanone 103/38;
weapons/30mm_mk103_45_user_cannon;3 cm-Flugabwehrkanone 103/38;
weapons/30mm_38_mk103_1942_naval_user_cannon;3 cm-Flugzeugmaschinenkanone 103/38;
weapons/37mm_PaK_user_cannon;3,7 cm-Panzerabwehrkanone 36 (L/45);
weapons/37mm_KwK38_t_user_cannon;3,7 cm-Kampfwagenkanone 38(t) (L/47.8);
weapons/37mm_61_K_user_cannon;37-мм автоматическая зенитная пушка обр. 1939 г. (61-К);
weapons/37mm_FlaK43_user_cannon;3,7 cm-Flugabwehrkanone 43 (L/57);
weapons/37mm_FlaK44_user_cannon;3,7 cm-Flugabwehrkanone 44 (L/57);
weapons/37mm_gerat_341_user_cannon;3,7 cm Gerät 341
37mm_pzgr_341;Panzergranate
37mm_sprgr_341;Sprengranate
weapons/37mm_FlaK36_user_cannon;3,7 cm-Flugabwehrkanone 36 (L/57);
weapons/37mm_KwK34_t_user_cannon;3,7 cm-Kampfwagenkanone 34(t) (L/40);
weapons/37mm_KwK36_user_cannon;3,7 cm-Kampfwagenkanone 36 (L/45);
weapons/37mm_KwK36_for_nbfz_user_cannon;3,7 cm-Kampfwagenkanone 36 (L/45);
weapons/37mm_M1A2_user_cannon;Gun, Automatic, 37-mm, M1A2;
weapons/37mm_M5_early_user_cannon;Gun, 37-mm, M5;
weapons/37mm_M5_user_cannon;Gun, 37-mm, M5;
weapons/37mm_M6_user_cannon;Gun, 37-mm, M6;
weapons/37mm_M3_user_cannon;Gun, 37-mm, M3;
weapons/37mm_M5_user_cannon_for_M3_Lee;Gun, 37-mm, M5;
weapons/37mm_M3_user_cannon_for_M6A1;Gun, 37-mm, M3;
weapons/37mm_type_65_user_cannon;1965年式双管37毫米高射机关炮;
weapons/45mm_20K_for_tutorial_user_cannon;45-мм танковая пушка обр. 1932/38 г. (20-K);
weapons/88mm_Kwk43_for_tutorial_user_cannon;8,8 cm-Kampfwagenkanone 43 (L/71);
weapons/45mm_20K_user_cannon_for_T_35;45-мм танковая пушка обр. 1932/38 г. (20-K);
weapons/40mm_Bofors_L60_user_cannon;Bofors 40 mm Gun L/60;
weapons/40mm_cannone_da_40_70_user_cannon;Cannone Controaeri da 40/70;
40mm_im219_ap;APCBC-T;
40mm_m2_he;HEI-T;
weapons/40mm_M2_user_cannon;Gun, Automatic, 40-mm, M1;
weapons/45mm_20K_user_cannon;45-мм танковая пушка обр. 1932/38 г. (20-K);
weapons/50mm_KwK38_user_cannon;5 cm-Kampfwagenkanone 38 (L/42);
weapons/50mm_KwK38_open_turret_user_cannon;5 cm-Kampfwagenkanone 38 (L/42);
weapons/50mm_PaK38_user_cannon;5 cm-Panzerabwehrkanone 38 (L/60);
weapons/50mm_KwK39_user_cannon;5 cm-Kampfwagenkanone 39 (L/60);
weapons/57mm_ZIS2_user_cannon;57-мм противотанковая пушка обр. 1941 г. (ЗиС-2);
weapons/57mm_M1_user_cannon;Gun, 57-mm, M1;
weapons/57mm_M1_open_turret_user_cannon;Gun, 57-mm, M1;
weapons/57mm_S_68_user_cannon;57-мм автоматическая зенитная пушка C-68;
weapons/57mm_AU_220_user_cannon;57-мм автоматическая зенитная пушка 2А90;
weapons/57mm_AU_220M_user_cannon;57-мм автоматическая зенитная пушка 2А90;
weapons/57mm_ZIS4M_user_cannon;57-мм танковая пушка ЗиС-4;
weapons/57mm_ZIS4_user_cannon;57-мм танковая пушка ЗиС-4;
weapons/57mm_ZIS4_open_turret_user_cannon;57-мм танковая пушка ЗиС-4;
weapons/75mm_StuK37_user_cannon;7,5 cm-Sturmkanone 37 (L/24);
weapons/75mm_KwK51_user_cannon;7,5 cm-Kanone 51 (L/24);
weapons/75mm_KwK44_L36_user_cannon;7,5 cm-Kampfwagenkanone 44 (L/36.5);
weapons/75mm_KwK37_user_cannon;7,5 cm-Kampfwagenkanone 37 (L/24);
weapons/75mm_KwK37_for_nbfz_user_cannon;7,5 cm-Kampfwagenkanone 37 (L/24);
weapons/75mm_KwK40_L43_user_cannon;7,5 cm-Kampfwagenkanone 40 (L/43);
weapons/76mm_PaK36_R_user_cannon;7,62 cm-Panzerabwehrkanone 36(r) (L/51.2);
weapons/75mm_PaK39_L48_hetzer_user_cannon;7,5 cm-Panzerabwehrkanone 39 (L/48);
weapons/75mm_PaK39_L48_user_cannon;7,5 cm-Panzerabwehrkanone 39 (L/48);
weapons/75mm_PaK42_user_cannon;7,5 cm-Panzerabwehrkanone 42 (L/70);
weapons/75mm_PaK40_3_L46_user_cannon;7,5 cm-Panzerabwehrkanone 40/3 (L/46);
weapons/75mm_StuK40_L48_user_cannon;7,5 cm-Sturmkanone 40 (L/48);
weapons/75mm_StuK40_L43_user_cannon;7,5 cm-Sturmkanone 40 (L/43);
weapons/75mm_KwK40_L48_user_cannon;7,5 cm-Kampfwagenkanone 40 (L/48);
weapons/75mm_Kwk44_user_cannon;7,5 cm-Kampfwagenkanone 44/1 (L/70);
weapons/75mm_Kwk42_user_cannon;7,5 cm-Kampfwagenkanone 42 (L/70);
weapons/75mm_m1897a4_user_cannon;Gun, 75-mm, M1897A4;
weapons/75mm_M32_user_cannon;Gun, 75-mm, M32;
weapons/75mm_M2_user_cannon;Gun, 75-mm, M2;
weapons/75mm_M6_user_cannon;Gun, 75-mm, M6;
weapons/75mm_m3_user_cannon;Gun, 75-mm, M3;
weapons/75mm_m3_open_turret_user_cannon;Gun, 75-mm, M3;
weapons/30mm_ZPZ02_user_cannon;ZPZ02式30毫米自动枪;
weapons/30mm_zpt_99_user_cannon;ZPZ02式30毫米自动枪;
30mm_zpz02_hei;DTY02-30;
30mm_zpz02_apds;DTC04-30;
30mm_dtc10_30;DTC10-30
weapons/25mm_PG87_PGZ_user_cannon;PG87式双管25毫米高射机关炮;
weapons/25mm_PG87_user_cannon;PG87式双管25毫米高射机关炮;
25mm_type_87_api;DKG/PG87-25-2;
25mm_type_87_he;DKD/PG87-25-2;
weapons/57mm_WA_318_user_cannon;WA318双管57毫米高射炮;
57mm_dky_1;DKY1/PG59-57 (VTF);
type_59_he;1959年式57毫米高射炮曳光杀伤爆破弹;
type_59_ap;1959年式57毫米高射炮曳光被帽穿甲弹;
type_59_apcbc;1959年式57毫米高射炮曳光被帽穿甲弹;
weapons/76mm_M7_for_M10_user_cannon;Gun, 3-in, M7;
weapons/76mm_M7_user_cannon;Gun, 3-in, M7;
weapons/76mm_M1_user_cannon;Gun, 76-mm, M1A1C;
weapons/76mm_M1_open_turret_user_cannon;Gun, 76-mm, M1A1C;
weapons/76mm_M1_no_MB_user_cannon;Gun, 76-mm, M1A1;
weapons/76mm_M1_open_turret_no_MB_user_cannon;Gun, 76-mm, M1A1;
weapons/76mm_M1A1_user_cannon;Gun, 76-mm, M1A1;
weapons/76mm_M1A2_user_cannon;Gun, 76-mm, M1A2;
weapons/76mm_T185E1_user_cannon;Gun, 76-mm, T185E1;
weapons/76mm_M32_user_cannon;Gun, 76-mm, M32A1;
weapons/76mm_KwK_M32_user_cannon;Bordkanone 76 mm, BK M 32;
weapons/7_62mm_ksp_39_Strv_user_machinegun;7,62 mm ksp 39C;
weapons/7_62mm_ksp_58_Strv_user_machinegun;7,62 mm ksp 58;
weapons/76mm_D56_TS_user_cannon;76-мм танковая пушка Д-56ТС;
weapons/76mm_D56_T_user_cannon;76-мм танковая пушка Д-56T;
weapons/76mm_52_d56ts_naval_user_cannon;76-мм танковая пушка Д-56ТС;
weapons/76mm_KT28_for_T26_user_cannon;76-мм танковая пушка обр. 1927/32 г. (KT-28);
weapons/76mm_KT28_user_cannon;76-мм танковая пушка обр. 1927/32 г. (KT-28);
weapons/76mm_F32_user_cannon;76-мм танковая пушка обр. 1939 г. (Ф-32);
weapons/76mm_F34_user_cannon;76-мм танковая пушка обр. 1940 г. (Ф-34);
weapons/76mm_L10_user_cannon;76-мм танковая пушка обр. 1938 г. (Л-10);
weapons/76mm_L11_T34_early_user_cannon;76-мм танковая пушка обр. 1938/39 г. (Л-11);
weapons/76mm_L11_SMK_user_cannon;76-мм танковая пушка обр. 1938/39 г. (Л-11);
weapons/76mm_L11_user_cannon;76-мм танковая пушка обр. 1938/39 г. (Л-11);
weapons/76mm_ZIS3_user_cannon;76-мм дивизионная пушка обр. 1942 г. (ЗиС-3);
weapons/76mm_ZIS5_user_cannon;76-мм танковая пушка обр. 1941 г. (ЗиС-5);
weapons/76mm_F96_user_cannon;76-мм танковая пушка Ф-96;
weapons/85mm_F30_user_cannon;85-мм танковая пушка Ф-30;
weapons/85mm_D5T_user_cannon;85-мм танковая пушка обр. 1943 г. (Д-5T-85);
weapons/85mm_D5S_user_cannon;85-мм самоходная пушка обр. 1943 г. (Д-5С-85А);
weapons/85mm_ZiS_S_53_user_cannon;85-мм танковая пушка обр. 1944 г. (ЗиС-С-53);
weapons/88mm_Kwk36_user_cannon;8,8 cm-Kampfwagenkanone 36 (L/56);
weapons/88mm_Kwk43_user_cannon;8,8 cm-Kampfwagenkanone 43 (L/71);
weapons/88mm_Kwk43_for_panther_II_user_cannon;8,8 cm-Kampfwagenkanone 43 (L/71);
weapons/88mm_StuK43_user_cannon;8,8 cm-Sturmkanone 43 (L/71);
weapons/88mm_PaK43_user_cannon;8,8 cm-Panzerabwehrkanone 43 (L/71);
weapons/88mm_PaK43_open_turret_user_cannon;8,8 cm-Panzerabwehrkanone 43/1 (L/71);
weapons/90mm_T54_user_cannon;Gun, 90-mm, T54;
weapons/90mm_T15E2_user_cannon;Gun, 90-mm, T15E2;
weapons/90mm_T15E1_user_cannon;Gun, 90-mm, T15E1;
weapons/90mm_M3_user_cannon;Gun, 90-mm, M3;
weapons/90mm_T7_user_cannon;Gun, 90-mm, T7;
weapons/90mm_M3_open_turret_user_cannon;Gun, 90-mm, M3;
weapons/90mm_M3_M36B2_user_cannon;Gun, 90-mm, M3A1;
weapons/90mm_M3_without_MB_user_cannon;Gun, 90-mm, M3;
weapons/90mm_M3_open_turret_without_MB_user_cannon;Gun, 90-mm, M3;
weapons/90mm_M3A1_user_cannon;Gun, 90-mm, M3A1;
weapons/90mm_90_50_M3A1_user_cannon;Cannone da 90/50 M3A1;
weapons/90mm_M36_user_cannon;Gun, 90-mm, M36;
weapons/7_62mm_Browning_MG4_user_machinegun;7.62 mm L3;
weapons/7_62mm_M1919A4_user_machinegun;Machine Gun, Caliber .30: Browning, M1919A4;
weapons/7_62mm_SGMT_user_machinegun;7,62-мм танковый пулемёт СГМТ;
weapons/7_62mm_Maxim_user_machinegun;7,62-мм пулемёт Максима обр. 1910 г.;
weapons/14_5mm_KPVT_BTR_152_user_machinegun;14,5-мм танковый пулемёт КПВТ;
weapons/14_5mm_KPVT_user_machinegun;14,5-мм танковый пулемёт КПВТ;
weapons/12_7mm_DK_user_machinegun;12,7-мм пулемёт ДК;
weapons/12_7mm_DShK_user_machinegun;12,7-мм пулемёт обр. 1938 г. (ДШК);
weapons/12_7mm_Type_54_user_machinegun;1959年式12.7毫米坦克高射机枪;
weapons/7_62mm_Type_55_user_machinegun;1955年式7.62毫米坦克机枪;
weapons/7_62mm_Type_59_user_machinegun;1959年式7.62毫米坦克机枪;
weapons/8mm_Gebauer_34_40M_user_machinegun;8 mm 34/40M;
weapons/8mm_Hotchkiss_Mle1914_user_machinegun;8 mm Hotchkiss modèle 1914;
weapons/7_92mm_ZB_VZ37_user_machinegun;7,92 mm-Maschinengewehr 37(t);
weapons/7_92mm_MG42_user_machinegun;7,92 mm-Maschinengewehr 42;
weapons/7_92mm_MG34_user_machinegun;7,92 mm-Maschinengewehr 34;
weapons/7_92mm_mg15_1936_naval_user_machinegun;7,92 mm-Flugzeugmaschinengewehr 15;
weapons/7_92mm_BESA_user_machinegun;Machine Gun, Besa, 7.92 mm, Mk. III*;
weapons/7_92mm_BESA_AA_user_machinegun;Machine Gun, Besa, 7.92 mm, Mk. III*;
weapons/7_92mm_MG13_Dreyse_user_machinegun;7,92 mm-Maschinengewehr 13 (Dreyse);
weapons/7_62mm_M73_user_machinegun;Machine Gun, 7.62 mm: M73;
weapons/7_62mm_M60D_user_machinegun;Machine Gun, 7,62-mm: M60D;
weapons/7_62mm_M240_user_machinegun;Machine Gun, 7,62-mm: M240;
weapons/7_92mm_MG3_user_machinegun;Maschinengewehr 7,62 mm x 51, MG 3;
weapons/5_56mm_MG4_user_machinegun;Maschinengewehr 5,56 mm x 45, MG 4;
weapons/churchill_flamethrower;Crocodile;
weapons/zippo_flamethrower;Flame Thrower, Mechanized, Main Armament: APC-Mounted, M10-8;
weapons/gunMG3;Maschinengewehr 7,62 mm x 51, MG 3;
weapons/7_62mm_DT_user_machinegun;7,62-мм танковый пулемёт ДT;
weapons/120mm_M58_user_cannon;Gun, 120-mm, M58;
weapons/105mm_M68A1_user_cannon;Cannon, 105-mm Gun: M68A1;
weapons/105mm_M68A1_IP_user_cannon;Cannon, 105-mm Gun: M68A1;
weapons/12_7mm_M85_user_machinegun;Machine Gun, Caliber .50, Fixed, M85;
weapons/7_62mm_L3A1_user_machinegun;Machine Gun, Browning, Caliber .30-in, L3A1;
weapons/13_2mm_Breda_mod31_user_machinegun;Mitragliatrice Breda da 13,2 mm Mod. 31;
weapons/12_7mm_M3P_user_machinegun;12.7 mm Machine Gun, M3P;
weapons/12_7mm_M2_HB_user_machinegun;Machine Gun, Caliber .50: Browning, M2, Heavy Barrel;
weapons/12_7mm_M2_HB_user_machinegun_for_400;Machine Gun, Caliber .50: Browning, M2, Heavy Barrel
weapons/12_7mm_M2_HB_user_machinegun_for_leclerc;Mitrailleuse de 12,7 mm M2 HB CRC modèle F1
weapons/12_7mm_sMG_50_user_machinegun;12,7 mm Maschinengewehr 50;
weapons/12_7mm_ksp_m88_user_machinegun;12,7 mm ksp 88;
weapons/7_62mm_ksp_m94_user_machinegun;7,62 mm ksp 94;
weapons/12_7mm_m2_hb_t77e1_user_machinegun;Machine Gun, Caliber .50: Browning, M2, Heavy Barrel, Fixed;
weapons/12_7mm_M2_HB_user_machinegun_for_M15;Machine Gun, Caliber .50: Browning, M2, Heavy Barrel, Fixed;
weapons/7_7mm_Vikkers_user_machinegun;Machine Gun, .303”, Vickers Mk. I;
weapons/7_7mm_vickers_go_no5_naval_user_machinegun;Machine Gun, .303”, Vickers, GO, No. 5, Mk. I;
weapons/152mm_StuH_443_r_user_cannon;15,2 cm Sturmhaubitze 443(r);
weapons/20mm_KwK30_k_user_cannon;2 cm-Kampfwagenkanone 30 (L/55);
weapons/20mm_TNSh_Sh_user_cannon;20-мм шагающая пушка ТНШ-20Ш;
weapons/152mm_M10Sh_user_cannon;152-мм шагающая гаубица обр. 1938 г. (М-10Ш);
weapons/45mm_KwK_user_cannon_for_PzKmpfLfr;4,5 cm-Kampfwagenkanone 37(r) (L/46);
weapons/40mm_QF_2pdr_user_cannon;Ordnance, Q.F., 2-pr, Mk. IX;
weapons/76mm_17pdr_QF_user_cannon;Ordnance, Q.F., 17-pr, Mk. IV/VI/VII;
weapons/76mm_17pdr_QF_open_turret_user_cannon;Ordnance, Q.F., 17-pr, Mk. II/V;
weapons/90mm_BK_90_user_cannon;Bordkanone 90 mm, L 40;
mass/kg;%d kg;
mass/lbs;%d lbs;
caliber/mm;%d mm;
caliber/mm_decimals;%s mm
weapons/turret_number;Turret x%d:;
rocket/maxSpeed;Maximum speed on the trajectory;
rocket/warhead;Warhead;
rocket/warhead/tandem;HEAT (Tandem);
rocket/warhead/heat;HEAT;
rocket/warhead/he;HE;
rocket/warhead/aphe;SAPHE;
rocket/warhead/ap;AP;
rocket/warhead/smoke;Smoke;
rocket/warhead/multidart;Flechette;
missile/seekerRange;Weapon Lock range;
missile/seekerRange/rearAspect;Weapon Lock range in rear-aspect;
missile/seekerRange/allAspect;Weapon Lock range in in all-aspect;
missile/launchRange;Launch Range;
missile/loadFactorMax;Maximum overload;
missile/loadFactorLimit;Maximum overload during launch;
missile/guidance;Guidance;
missile/guidance/ir;Infrared;
missile/guidance/tv;TV;
missile/guidance/SARH;SARH;
missile/guidance/SARH+IOG;SARH+INS;
missile/guidance/SARH+IOG+DL;SARH+INS+DL;
missile/guidance/ARH;ARH;
missile/guidance/ARH+IOG;ARH+INS;
missile/guidance/ARH+IOG+DL;ARH+INS+DL;
missile/guidance/ARH+IOG+GNSS+DL;ARH+INS+GNSS+DL
missile/guidance/laser;Laser;
missile/guidance/laser+IOG;Laser+INS;
missile/guidance/laser+IOG+GNSS;Laser+INS+GNSS;
missile/guidance/ir+IOG+GNSS;IR+INS+GNSS
missile/guidance/ir+IOG+GNSS+DL;IR+INS+GNSS+DL
missile/guidance/ir+IOG+DL;IR+INS+DL;
missile/guidance/ir+IOG;IR+INS;
missile/guidance/tv+IOG;TV+INS
missile/guidance/sns;GNSS;
missile/guidance/mclos;MCLOS;
missile/guidance/saclos;SACLOS;
missile/guidance/beamRiding;Beam-Riding;
missile/aiming/beamRiding;Beam-Riding;
missile/aiming/semiautomatic;SACLOS;
missile/aiming/manual;MCLOS;
missile/aspect;Aspect;
missile/aspect/allAspect;All-Aspects;
missile/aspect/rearAspect;Rear-Aspect;
missile/radarBand;Band;
missile/radarSignal;Signal;
missile/radarSignal/pulse;Pulse;
missile/radarSignal/pulse-doppler;Pulse-Doppler;
missile/radarSignal/CW;CW;
missile/shootDown;Shoot-Down;
missile/shootDown/allAspects;All-Aspect;
missile/shootDown/headOnAspect;Front-Aspect;
missile/irccm;IRCCM;
missile/eccm;ECCM;
missile/timeGuidance;Missile guidance time;
missile/timeSelfdestruction;Self-destruction time;
torpedo/maxSpeedInWater;Maximum speed in water;
torpedo/distanceToLive;Travel distance;
torpedo/armingDistance;Arming distance;
missile/armingDistance;Arming distance;
guidanceSystemType/header;Guidance System Type:;
guidanceSystemType/beamRider;Beam Rider;
guidanceSystemType/semiAuto;Semi-Automatic (SACLOS);
guidanceSystemType/handAim;Manual (MCLOS);
sonicDamage/horAngles;Horizontal Strike Angle;
sonicDamage/verAngles;Vertical Strike Angle;
sonicDamage/distance;Operational Range;
sonicDamage/speed;Shock Velocity;
firingRange;Firing Range;
guaranteedRange;Guaranteed launch range;
launchRange;Launch range;
caliber_5.56/desc;5.56 mm machine gun shell rack filled with %s. bullets;
caliber_5.8/desc;5.8 mm machine gun shell rack filled with %s bullets;
caliber_6.5/desc;6.5 mm machine gun shell rack filled with %s bullets;
caliber_7.5/desc;7.5 mm machine gun shell rack filled with %s bullets;
caliber_7.62/desc;7.62 mm machine gun shell rack filled with %s bullets;
caliber_7.7/desc;7.7 mm machine gun shell rack filled with %s bullets;
caliber_7.92/desc;7.92 mm machine gun shell rack filled with %s bullets;
caliber_8/desc;8 mm machine gun shell rack filled with %s bullets;
caliber_8.6/desc;8.6 mm machine gun shell rack filled with %s bullets;
caliber_12.7/desc;12.7 mm machine gun shell rack filled with %s bullets;
caliber_13/desc;13 mm machine gun shell rack filled with %s bullets;
caliber_13.2/desc;13.2 mm machine gun shell rack filled with %s bullets;
caliber_14.5/desc;14.5 mm machine gun shell rack filled with %s bullets;
caliber_15/desc;15 mm machine gun shell rack filled with %s bullets;
caliber_20/desc;20 mm cannon shell rack filled with %s shells;
caliber_23/desc;23 mm cannon shell rack filled with %s shells;
caliber_25/desc;25 mm cannon shell rack filled with %s shells;
caliber_27/desc;27 mm cannon shell rack filled with %s shells;
caliber_30/desc;30 mm cannon shell rack filled with %s shells;
caliber_35/desc;35 mm cannon shell rack filled with %s shells;
caliber_37/desc;37 mm cannon shell rack filled with %s shells;
caliber_40/desc;40 mm cannon shell rack filled with %s shells;
caliber_45/desc;45 mm cannon shell rack filled with %s shells;
caliber_47/desc;47 mm cannon shell rack filled with %s shells;
caliber_50/desc;50 mm cannon shell rack filled with %s shells;
caliber_57/desc;57 mm cannon shell rack filled with %s shells;
caliber_75/desc;75 mm cannon shell rack filled with %s shells;
caliber_76.2/desc;76 mm cannon shell rack filled with %s shells;
caliber_85/desc;85 mm cannon shell rack filled with %s shells;
caliber_88/desc;88 mm cannon shell rack filled with %s shells;
caliber_100/desc;100 mm cannon shell rack filled with %s shells;
caliber_102/desc;102 mm cannon shell rack filled with %s shells;
caliber_105/desc;105 mm cannon shell rack filled with %s shells;
caliber_122/desc;122 mm cannon shell rack filled with %s shells;
caliber_128/desc;128 mm cannon shell rack filled with %s shells;
caliber_130/desc;130 mm cannon shell rack filled with %s shells;
caliber_152/desc;152 mm cannon shell rack filled with %s shells;
ball/name;Omni-Purpose bullet;
ball/name/short;Ball;
t_ball/name;Tracer bullet;
t_ball/name/short;T;
i_ball/name;Incendiary bullet;
i_ball/name/short;I;
ap_ball/name;Armor-Piercing bullet;
ap_ball/name/short;AP;
ap_t_ball/name;Armor-Piercing Tracer bullet;
ap_t_ball/name/short;AP-T;
pele_t/name;Penetrator with Enhanced Lateral Effect Tracer bullet;
pele_t/name/short;PELE-T;
ap_i_ball/name;Armor-Piercing Incendiary bullet;
ap_i_ball/name/short;API;
ap_i_t_ball/name;Armor-Piercing Incendiary Tracer bullet;
ap_i_t_ball/name/short;API-T;
apds_ball/name;Armor-Piercing Discarding Sabot;
apds_ball/name/short;APDS
apds_he_i_ball/name;Armor Piercing Discarding Sabot High Explosive Incendiary;
apds_he_i_ball/name/short;APDS-HEI;
apcr_i_ball_bs41/name;БС-41;
apcr_i_ball_bs41/name/short;API(c);
apcr_i_ball/name;Armor-Piercing Incendiary bullet (cermet core);
apcr_i_ball/name/short;API(c);
he_ball/name;Adjustment Incendiary bullet;
he_ball/name/short;AI;
he_i_ball/name;Immediate-Action Incendiary bullet;
he_i_ball/name/short;IAI;
i_ball_mdz/name;Immediate-Action Incendiary bullet
i_ball_mdz/name/short;IAI
he_i_t_ball/name;Immediate-Action Incendiary Tracer;
he_i_t_ball/name/short;IAI-T;
he_i_fuse_ball/name;High-Explosive Incindiary bullet;
he_i_fuse_ball/name/short;HEI;
he_frag_t_ball/name;High-Explosive Fragmentation Tracer bullet;
he_frag_t_ball/name/short;HEF-T;
he_frag_ball/name;High-Explosive Fragmentation bullet;
he_frag_ball/name/short;HE-F;
i_t_ball/name;Incendiary Tracer bullet;
i_t_ball/name/short;IT;
i_ball_M1/name;Cartridge, Caliber .50, Ball, Incendiary, M1;
i_ball_M1/name/short;I;
i_ball_M23/name;Cartridge, Caliber .50, Ball, Incendiary, M23;
i_ball_M23/name/short;I;
b_mk_1z/name;Cartridge, S.A., Incendiary, 7.92 mm, Mk. 1Z
b_mk_1z/name/short;I
t_ball_M48A2/name;Cartridge, Caliber .50, Spotter-Tracer, M48A2;
t_ball_M48A2/name/short;S-T;
t_ball_M48A2;M48A2;
ap_ball_M2/name;Cartridge, Caliber .50, Ball, Armor Piercing, M2;
ap_ball_M2/name/short;AP;
ball_M2/name;Cartridge, Caliber .50, Ball, M2;
ball_M2/name/short;Ball;
ap_i_t_ball_M20/name;Cartridge, Caliber .50, Armor Piercing Incendiary-Tracer, M20;
ap_i_t_ball_M20/name/short;API-T;
ap_i_t_ball_bzt_44/name;12,7 мм патрон с бронебойно-зажигательно-трассирующей пулей БЗТ-44
ap_i_t_ball_bzt_44/name/short;API-T
ap_i_ball_M8/name;Cartridge, Caliber .50, Ball, Armor Piercing Incendiary, M8;
ap_i_ball_M8/name/short;API;
ap_i_ball_b32/name;12,7 мм патрон с бронебойно-зажигательной пулей Б-32
ap_i_ball_b32/name/short;AP-I
t_ball_M1/name;Cartridge, Caliber .50, Tracer, M1;
t_ball_M1/name/short;T;
t_ball_t_38/name;12,7-мм патрон с трассирующей пулей Т-38
t_ball_t_38/name/short;T
ball_shell/name;Practice shell;
ball_shell/name/short;P;
ball_t_shell/name;Practice Tracer shell;
ball_t_shell/name/short;PT;
t_shell/name;Tracer shell;
t_shell/name/short;T;
frag_i/name;Fragmentation Incendiary shell;
frag_i/name/short;FI;
frag_i_t/name;Fragmentation Incendiary Tracer shell;
frag_i_t/name/short;FI-T;
i/name;Incendiary shell;
i/name/short;I;
i_t/name;Incendiary Tracer shell;
i_t/name/short;IT;
he_i/name;High-Explosive Incendiary shell;
he_i/name/short;HEI;
he_i_t/name;High-Explosive Incendiary Tracer shell;
he_i_t/name/short;HEI-T;
he_i_mine/name;Minengeschoß;
he_i_mine/name/short;HEI;
he_i_t_mine/name;Minengeschoß l'spur;
he_i_t_mine/name/short;HEI-T;
he_i_t_n_mine/name;Minengeschoß l'spur (nacht);
he_i_t_n_mine/name/short;HEI-T;
he_frag/name;High-Explosive Fragmentation shell;
he_frag/name/short;HE-F;
he_vt/name;High-Explosive Variable Time Fuze shell;
he_vt/name/short;HE-VT;
he_tf/name;High-Explosive Time Fuze shell;
he_tf/name/short;HE-TF;
he_frag_t/name;High-Explosive Fragmentation Tracer shell;
he_frag_t/name/short;HEF-T;
he_frag_i_t/name;High-Explosive Fragmentation Incendiary Tracer shell;
he_frag_i_t/name/short;HEFI-T;
he_frag_i/name;High-Explosive Fragmentation Incendiary shell;
he_frag_i/name/short;HEFI;
sapi/name;High-Explosive Fragmentation (Semi-Armor-Piercing Incendiary) shell;
sapi/name/short;HEF-SAPI;
ap/name;Armor-Piercing shell;
ap/name/short;AP;
aphe/name;Armor-Piercing High-Explosive shell;
aphe/name/short;APHE;
aphe_t/name;Armor-Piercing High-Explosive Tracer shell;
aphe_t/name/short;APHE-T;
apc_t/name;Armor-Piercing Capped shell;
apc_t/name/short;APC;
ap_t/name;Armor-Piercing Tracer shell;
ap_t/name/short;AP-T;
ap_i/name;Armor-Piercing Incendiary shell;
ap_i/name/short;API;
ap_i_t/name;Armor-Piercing Incendiary Tracer shell;
ap_i_t/name/short;API-T;
apcr/name;High-Velocity Armor-Piercing shell;
apcr/name/short;HVAP;
apcr_t/name;High-Velocity Armor-Piercing Tracer shell;
apcr_t/name/short;HVAP-T;
s_d/name;(self-destroying);
grenade_mp_underbarrel_launcher/name;High-Explosive Dual Purpose grenade;
grenade_mp_underbarrel_launcher/name/short;HE-DP;
he_frag_radio_fuse/name;High-Explosive Variable Time Fuze shell;
he_frag_radio_fuse/name/short;HE-VT;
he_frag_dist_fuse/name;High-Explosive Distance Fuze shell;
he_frag_base_fuse_tank/name;High-Explosive Base Fuze shell;
he_frag_base_fuse_tank/name/short;HE-BF;
he_frag_dist_fuse/name/short;HE-DF;
slap/name;Saboted Light Armor Penetrator shell;
slap/name/short;SLAP;
slap_t/name;Saboted Light Armor Penetrator Tracer shell;
slap_t/name/short;SLAP-T;
sap_tank/name;Semi-Armor-Piercing shell;
sap_tank/name/short;SAP;
sapbc_tank/name;Semi-Armor-Piercing Ballistic Capped shell;
sapbc_tank/name/short;SAPBC;
sapcbc_tank/name;Semi-Armor-Piercing Capped Ballistic Capped shell;
sapcbc_tank/name/short;SAPCBC;
sapbc_flat_nose_tank/name;Semi-Armor-Piercing Flat-Nosed Ballistic Capped shell;
sapbc_flat_nose_tank/name/short;SAPBC;
common_tank/name;Common shell;
common_tank/name/short;Common;
special_common_tank/name;Special Common shell;
special_common_tank/name/short;Special Common;
s_d/name/short; (sd);
bullet_type_separator/name;/;
universal/name;Omni-Purpose %s mm ammunition belt;
universal/name/short;Universal;
ground_targets/name;%s mm ammunition belt for ground targets;
ground_targets/name/short;Ground Targets;
all_tracers/name;%s mm ammunition belt with tracers;
all_tracers/name/short;Tracers;
stealth/name;%s mm ammunition belt for stealth attack;
stealth/name/short;Stealth;
tracers/name;%s mm ammunition belt with tracers;
tracers/name/short;Tracers;
tracer/name;%s mm ammunition belt with tracers;
tracer/name/short;Tracers;
antitank/name;%s mm ammunition belt for armored targets;
antitank/name/short;Armored Targets;
armor_targets/name;%s mm ammunition belt for armored targets;
armor_targets/name/short;Armored Targets;
armor_target/name;%s mm ammunition belt for armored targets;
armor_target/name/short;Armored Targets;
antibomber/name;%s mm ammunition belt for air targets;
antibomber/name/short;Air Targets;
air_targets/name;%s mm ammunition belt for air targets;
air_targets/name/short;Air Targets;
air_target/name;%s mm ammunition belt for air targets;
air_target/name/short;Air Targets;
fighter/name;%s mm ammunition belt for air targets;
fighter/name/short;Air Targets;
night/name;%s mm night fighters ammunition belt;
night/name/short;Night;
apit/name;%s mm ammunition belt with API-T shells;
apit/name/short;API-T;
apt/name;%s mm ammunition belt with AP-T shells;
apt/name/short;AP-T;
api_apt/name;%s mm ammunition belt with AP-T and API shells;
api_apt/name/short;APT/API;
heit/name;%s mm ammunition belt with HEIT or IAI shells;
heit/name/short;HEFI-T/IAI;
mix/name;%s mm ammunition belt with API-T and HEFI-T shells;
mix/name/short;Universal;
turret_ap/name;%s mm turret ammunition belt with AP shells;
turret_ap/name/short;Armored targets;
turret_apit/name;%s mm turret ammunition belt with API shells;
turret_apit/name/short;Universal;
turret_api/name;%s mm turret ammunition belt with API shells;
turret_api/name/short;Universal;
turret_ap_he/name;%s mm turret ammunition belt with AP and HEF shells;
turret_ap_he/name/short;Universal;
turret_het/name;%s mm turret ammunition belt with AP and HEF shells;
turret_het/name/short;Air Targets;
countermeasures_default/name;Countermeasures;
countermeasures_default/name/short;Countermeasures;
countermeasuresLarge_default/name;Countermeasures
countermeasuresLarge_default/name/short;Countermeasures
countermeasures_launcher_chaff_only/name;Сhaff only;
countermeasures_launcher_chaff_only/name/short;Сhaff only;
countermeasures_launcher_flare_only/name;Flares only;
countermeasures_launcher_flare_only/name/short;Flares only;
countermeasures_launcher_flare_priority/name;Flare priority;
countermeasures_launcher_flare_priority/name/short;Flare priority;
countermeasures_launcher_chaff_priority/name;Mixed;
countermeasures_launcher_chaff_priority/name/short;Mixed;
countermeasures_launcher_chaff_priority_unchecked/name;Mixed;
countermeasures_launcher_chaff_priority_unchecked/name/short;Mixed;
countermeasures_launcher_flare_priority_unchecked/name;Flare priority
countermeasures_launcher_flare_priority_unchecked/name/short;Flare priority;
countermeasures_launcher_flare_only_unchecked/name;Flares only;
countermeasures_launcher_flare_only_unchecked/name/short;Flares only;
countermeasures_launcher_chaff_only_unchecked/name;Chaff only;
countermeasures_launcher_chaff_only_unchecked/name/short;Chaff only;
maw_countermeasures_launcher_flare_only/name;Flares only;
maw_countermeasures_launcher_flare_only/name/short;Flares only;
maw_countermeasures_launcher_flare_priority/name;Flare priority;
maw_countermeasures_launcher_flare_priority/name/short;Flare priority;
maw_countermeasures_launcher_chaff_priority/name;Mixed;
maw_countermeasures_launcher_chaff_priority/name/short;Mixed;
maw_countermeasures_launcher_chaff_only/name;Сhaff only;
maw_countermeasures_launcher_chaff_only/name/short;Сhaff only;
maw_countermeasures_launcher_flare_only_large/name;Flares only;
maw_countermeasures_launcher_flare_only_large/name/short;Flares only;
maw_countermeasures_launcher_flare_priority_large/name;Flare priority;
maw_countermeasures_launcher_flare_priority_large/name/short;Flare priority;
maw_countermeasures_launcher_chaff_priority_large/name;Mixed;
maw_countermeasures_launcher_chaff_priority_large/name/short;Mixed;
maw_countermeasures_launcher_chaff_only_large/name;Сhaff only;
maw_countermeasures_launcher_chaff_only_large/name/short;Сhaff only;
q5_countermeasures_launcher_flare_only/name;Flares only;
q5_countermeasures_launcher_flare_only/name/short;Flares only;
q5_countermeasures_launcher_flare_priority/name;Flare priority;
q5_countermeasures_launcher_flare_priority/name/short;Flare priority;
q5_countermeasures_launcher_chaff_priority/name;Mixed;
q5_countermeasures_launcher_chaff_priority/name/short;Mixed;
q5_countermeasures_launcher_chaff_only/name;Chaff only;
q5_countermeasures_launcher_chaff_only/name/short;Chaff only;
fn_hmp400_lcc_countermeasures_launcher_flare_only/name;Flares only;
fn_hmp400_lcc_countermeasures_launcher_flare_only/name/short;Flares only;
fn_hmp400_lcc_countermeasures_launcher_flare_priority/name;Flare priority;
fn_hmp400_lcc_countermeasures_launcher_flare_priority/name/short;Flare priority;
fn_hmp400_lcc_countermeasures_launcher_chaff_priority/name;Mixed;
fn_hmp400_lcc_countermeasures_launcher_chaff_priority/name/short;Mixed;
fn_hmp400_lcc_countermeasures_launcher_chaff_only/name;Сhaff only;
fn_hmp400_lcc_countermeasures_launcher_chaff_only/name/short;Сhaff only;
countermeasures/desc;Сountermeasures;
weapons/countermeasure_launcher;Flares;
weapons/countermeasure_launcher/short;Flares/Chaff;
weapons/countermeasure_launcher_jet;Flares/Chaff;
weapons/countermeasure_launcher_jet/short;Flares/Chaff;
weapons/countermeasure_launcher_jet_bol_pod;Flares/Chaff;
weapons/countermeasure_launcher_jet_bol_pod/short;Flares/Chaff;
weapons/countermeasure_split_launcher_jet_bol;Flares/Chaff;
weapons/countermeasure_split_launcher_jet_bol/short;Flares/Chaff;
weapons/countermeasure_split_launcher_jet_bol_pod;Flares/Chaff;
weapons/countermeasure_split_launcher_jet_bol_pod/short;Flares/Chaff;
weapons/countermeasure_split_launcher_fn_hmp400_lcc;Flares/Chaff;
weapons/countermeasure_split_launcher_fn_hmp400_lcc/short;Flares/Chaff;
weapons/countermeasure_split_launcher_jet_add_pod;Flares/Chaff;
weapons/countermeasure_split_launcher_jet_add_pod/short;Flares/Chaff;
weapons/countermeasure_split_launcher_jet_only_chaff_large;Flares/Chaff;
weapons/countermeasure_split_launcher_jet_only_chaff_large/short;Flares/Chaff;
weapons/countermeasure_split_launcher_jet_only_flare_large;Flares/Chaff;
weapons/countermeasure_split_launcher_jet_only_flare_large/short;Flares/Chaff;
weapons/countermeasure_launcher_jet_bol_pod_aim9m;Flares/Chaff;
weapons/countermeasure_launcher_jet_bol_pod_aim9m/short;Flares/Chaff;
weapons/countermeasure_launcher_jet_bol_pod_aim9l;Flares/Chaff;
weapons/countermeasure_launcher_jet_bol_pod_aim9l/short;Flares/Chaff;
weapons/countermeasure_large_launcher_jet;Flares/Chaff;
weapons/countermeasure_large_launcher_jet/short;Flares/Chaff;
weapons/countermeasure_chaff_only;Chaff;
weapons/countermeasure_chaff_only/short;Chaff;
weapons/countermeasure_chaff_only_large;Chaff;
weapons/countermeasure_chaff_only_large/short;Chaff;
weapons/countermeasure_large_split_launcher_jet;Flares/Chaff;
weapons/countermeasure_large_split_launcher_jet/short;Flares/Chaff;
weapons/countermeasure_large_split_launcher_jet_maw;Flares/Chaff;
weapons/countermeasure_large_split_launcher_jet_maw/short;Flares/Chaff;
weapons/countermeasure_split_large_launcher_jet_add_pod;Flares/Chaff;
weapons/countermeasure_split_large_launcher_jet_add_pod/short;Flares/Chaff;
weapons/countermeasure_split_launcher_jet;Flares/Chaff;
weapons/countermeasure_split_launcher_jet/short;Flares/Chaff;
weapons/countermeasure_split_launcher_jet_pids;Flares/Chaff;
weapons/countermeasure_split_launcher_jet_pids/short;Flares/Chaff;
weapons/countermeasure_split_launcher_jet_maw;Flares/Chaff;
weapons/countermeasure_split_launcher_jet_maw/short;Flares/Chaff;
weapons/countermeasure_split_launcher_jet_maw_bol_pod;Flares/Chaff
weapons/countermeasure_split_launcher_jet_maw_bol_pod/short;Flares/Chaff
weapons/countermeasure_split_large_launcher_jet_maw;Flares/Chaff;
weapons/countermeasure_split_large_launcher_jet_maw/short;Flares/Chaff;
weapons/countermeasure_split_launcher_jet_bol_pod_aim9l;Flares/Chaff;
weapons/countermeasure_split_launcher_jet_bol_pod_aim9l/short;Flares/Chaff;
weapons/countermeasure_split_launcher_jet_bol_pod_aim9m;Flares/Chaff;
weapons/countermeasure_split_launcher_jet_bol_pod_aim9m/short;Flares/Chaff;
13mm_hotckiss_AP/name;Cartouche calibre 13,2 à balle traceuse perforante;
13mm_hotckiss_AP/name/short;AP-T;
12mm_usa_M2HB_common/name;Default;
12mm_usa_M2HB_common/name/short;Default;
14mm_ussr_KPVT_HEI/name;57-З-564;
14mm_ussr_KPVT_HEI/name/short;HEI;
14mm_ussr_KPVT_API/name;57-БЗТ-561М;
14mm_ussr_KPVT_API/name/short;API;
14mm_apit;API-T;
14mm_mdz;МДЗ;
7_92mm_BESA_API/name;W/B Mk. Iz;
7_92mm_BESA_API/name/short;API;
7_92mm_BESA_AP/name;W Mk. IIz;
7_92mm_BESA_AP/name/short;AP;
weapon/noSecondaryWeapon;No Secondary Armament;
weapon/noAdditionalWeapon;No Additional Armament;
weapon/noPrimaryWeapon;No Offensive Armament;
weapon/bombIcon;┓;
weapon/rocketIcon;┕;
weapon/torpedoIcon;└;
weapon/additionalGunsIcon;┖;
weapon/bigAmountNumberIcon;...;
turret_ap_t/name;%s mm turret ammunition belt with AP-T shells;
turret_ap_t/name/short;AP-T;
turret_he/name;%s mm turret ammunition belt with AP and HEF shells;
turret_he/name/short;Air Targets;
turret_apt/name;%s mm turret ammunition belt with AP shells;
turret_apt/name/short;Armored Targets;
turret_universal/name;%s mm turret ammunition belt with AP and T shells
turret_universal/name/short;AP/T
weapons/cannonHo115;3cmホ115;
weapons/gunType3;三式13mm固定機銃;
apcr_tank/name;Armor-Piercing Composite Rigid shell;
apcr_tank/name/short;APCR;
apbc_tank/name;Armor-Piercing Ballistic Capped shell;
apbc_tank/name/short;APBC;
apbc_usa_tank/name;Armor-Piercing Ballistic Capped shell;
apbc_usa_tank/name/short;APBC;
apc_tank/name;Armor-Piercing Capped shell;
apc_tank/name/short;APC;
aphe_tank/name;Armor-Piercing High Explosive shell;
aphe_tank/name/short;APHE;
aphebc_tank/name;Armor-Piercing High Explosive with Ballistic Cap shell;
aphebc_tank/name/short;APHEBC;
apc_solid_medium_caliber_tank/name;Armor-Piercing Capped shell;
apc_solid_medium_caliber_tank/name/short;APC;
apcbc_solid_medium_caliber_tank/name;Armor-Piercing Capped Ballistic Capped shell;
apcbc_solid_medium_caliber_tank/name/short;APCBC;
apcbc_tank/name;Armor-Piercing Capped Ballistic Capped shell;
apcbc_tank/name/short;APCBC;
ap_large_caliber_tank/name;Armor-Piercing shell;
ap_large_caliber_tank/name/short;AP;
ap_tank/name;Armor-Piercing shell;
ap_tank/name/short;AP;
practice_tank/name;Practice shell;
practice_tank/name/short;P;
heat_fs_tank/name;High Explosive Anti-Tank Fin Stabilized shell;
heat_fs_tank/name/short;HEAT-FS;
sonicWave/name;Sonographic Charge;
sonicWave/name/short;Sound Wave;
heat_fs_rocket/name;Unguided Rockets;
heat_fs_rocket/name/short;Rockets;
sap_hei_tank/name;Semi Armor-Piercing High-Explosive Incendiary shell;
sap_hei_tank/name/short;SAPHEI;
sap_hei/name;Semi Armor-Piercing High-Explosive Incendiary Shell;
sap_hei/name/short;SAPHEI;
sap_hei_t/name;Semi Armor-Piercing High-Explosive Incendiary Tracer shell;
sap_hei_t/name/short;SAPHEI-T;
sap_he/name;Semi Armor-Piercing High-Explosive shell;
sap_he/name/short;SAPHE;
aphe_i_sd/name;Armor-Piercing High-Explosive Incendiary shell;
aphe_i_sd/name/short;APHEI
mp/name;Multipurpose shell;
mp/name/short;MP;
fap/name;Frangible Armor-Piercing shell;
fap/name/short;FAP;
he_at/name;High Explosive Anti-Tank shell;
he_at/name/short;HEAT;
he_at_grenade/name;High Explosive Anti-Tank grenade;
he_at_grenade/name/short;HEAT-GR;
he_dp/name;High Explosive Dual-Purpose shell;
he_dp/name/short;HE-DP;
atgm_he_tank/name;Anti-Tank Guided Missile (HE);
atgm_he_tank/name/short;ATGM-HE;
atgm_vt_fuze_tank/name;Anti-Tank Guided Missile (VT);
atgm_vt_fuze_tank/name/short;ATGM-VT;
atgm_tandem_tank/name;Anti-Tank Guided Missile (tandem-charge);
atgm_tandem_tank/name/short;ATGM (tandem);
atgm_tank/name;Anti-Tank Guided Missile;
atgm_tank/name/short;ATGM;
atgm_ke_tank/name;Anti-Tank Guided Missile (kinetic energy);
atgm_ke_tank/name/short;ATGM (KE);
sam_tank/name;Surface-to-Air missile;
sam_tank/name/short;SAM;
rocket_tank/name;Rocket;
rocket_tank/name/short;R;
heat_grenade_tank/name;Anti-Tank grenade;
heat_grenade_tank/name/short;HEAT;
he_grenade_tank/name;High-Explosive Fragmentation grenade;
he_grenade_tank/name/short;HEF;
heat_tank/name;High Explosive Anti-Tank shell;
heat_tank/name/short;HEAT;
heat_mp_vt_tank/name;High Explosive Anti Tank Multi-Purpose shell (VT);
heat_mp_vt_tank/name/short;HEAT-MP-VT;
he_or_tank/name;High-Explosive Obstacle-Reduction;
he_or_tank/name/short;HE-OR;
shrapnel_tank/name;Shrapnel shell;
shrapnel_tank/name/short;Shrapnel;
ahead_tank/name;AHEAD;
ahead_tank/name/short;AHEAD;
napalm_tank/name;Incendiary mixture;
napalm_tank/name/short;Napalm;
apds_tank/name;Armor-Piercing Discarding Sabot shell;
apds_tank/name/short;APDS;
apds_early_tank/name;Armor-Piercing Discarding Sabot shell;
apds_early_tank/name/short;APDS;
apds_autocannon/name;Armor-Piercing Discarding Sabot shell;
apds_autocannon/name/short;APDS;
apds_l15_tank/name;Armor-Piercing Discarding Sabot shell;
apds_l15_tank/name/short;APDS;
apds_fs_full_body_steel_tank/name;Armor-Piercing Fin-Stabilized Discarding Sabot (steel) shot;
apds_fs_full_body_steel_tank/name/short;APFSDS;
apds_fs_tungsten_l10_l15_tank/name;Armor-Piercing Fin-Stabilized Discarding Sabot shot;
apds_fs_tungsten_l10_l15_tank/name/short;APFSDS;APFSDS;
apds_fs_tank/name;Armor-Piercing Fin-Stabilized Discarding Sabot shot;
apds_fs_tank/name/short;APFSDS;
apds_fs_tungsten_small_core_tank/name;Armor-Piercing Fin-Stabilized Discarding Sabot shot;
apds_fs_tungsten_small_core_tank/name/short;APFSDS;
ac_shell_tank/name;Anti-Concrete shell;
ac_shell_tank/name/short;AC;
hesh_tank/name;High-Explosive Squash Head shell;
hesh_tank/name/short;HESH;
smoke_tank/name;Smoke shell;
smoke_tank/name/short;Smoke;
incendiary_tank/name;Incendiary;
incendiary_tank/name/short;I;
smoke_grenade_tank/name;Smoke grenade;
smoke_grenade_tank/name/short;Smoke;
he_frag_tank/name;High-Explosive Fragmentation shell;
he_frag_tank/name/short;HE-F;
he_frag_vog/name;VOG High-Explosive Fragmentation grenade;
he_frag_vog/name/short;VOG;
he_frag_i_tank/name;High-Explosive Fragmentation Incendiary shell;
he_frag_i_tank/name/short;HEFI;
tphv_tank/name;High-Velocity Target Practice projectile;
tphv_tank/name/short;HVTP;
tp_tank/name;Target Practice projectile;
tp_tank/name/short;TP;
aam/name;Air-to-Air Missile;
aam/name/short;AAM;
agm/name;Air-to-Ground Missile;
agm/name/short;AGM;
us_2_75_in_ffar_mighty_mouse_rockets/name;Rocket, High-Explosive Dual-Purpose, 2.75” w/ Warhead, M247 (Rocket Motor Mk 4 Mod 10);
us_2_75_in_ffar_mighty_mouse_rockets/name/short;2.75” HE-DP (M247 | Mk 4);
weapons/us_2_75_in_ffar_mighty_mouse_rockets;Rocket, High-Explosive Dual-Purpose, 2.75” w/ Warhead, M247 (Rocket Motor Mk 4 Mod 10);
weapons/us_2_75_in_ffar_mighty_mouse_rockets/short;2.75” HE-DP (M247 | Mk 4);
flare_launcher/name;Flare
flare/name;Flares (countermeasure);
flare/name/short;Flares;
flare_bullet_jet/name;Flares (countermeasure);
flare_bullet_jet/name/short;Flares;
flare_bullet_maw/name;Flares (countermeasure);
flare_bullet_maw/name/short;Flares;
flare_bullet_pids/name;Flares (countermeasure);
flare_bullet_pids/name/short;Flares;
flare_bullet_jet_large_maw/name;Flares (countermeasure);
flare_bullet_jet_large_maw/name/short;Flares;
flare_bullet_bol/name;Flares (countermeasure);
flare_bullet_bol/name/short;Flares;
flare_bullet_add_pod/name;Flares (countermeasure);
flare_bullet_add_pod/name/short;Flares;
flare_bullet_large_add_pod/name;Flares (countermeasure);
flare_bullet_large_add_pod/name/short;Flares;
chaffs_launcher/name;Chaff;
chaff_bullet_jet/name;Chaff (countermeasure);
chaff_bullet_jet/name/short;Chaff;
chaff_bullet_pids/name;Chaff (countermeasure);
chaff_bullet_pids/name/short;Chaff;
chaff_bullet_maw/name;Chaff (countermeasure);
chaff_bullet_maw/name/short;Chaff;
chaff_bullet_large_maw/name;Chaff (countermeasure);
chaff_bullet_large_maw/name/short;Chaff;
chaff_bullet_bol/name;Chaff (countermeasure);
chaff_bullet_bol/name/short;Chaff;
chaff_bullet_add_pod/name;Chaff (countermeasure);
chaff_bullet_add_pod/name/short;Chaff;
chaff_bullet_large_add_pod/name;Chaff (countermeasure);
chaff_bullet_large_add_pod/name/short;Chaff;
128mm_sprgr;Sprenggranate;
128mm_pzrg_39_43;Panzergranate;
128mm_pzrg_40_43;Panzergranate 43;
105mm_sprgr;Sprenggranate L/4,4;
105mm_pzrg_40;Panzergranate 40;
105mm_pzrg;Panzergranate;
105mm_pzrg_39;Panzergranate rot;
105mm_fhgr;Feldhaubitzegranate;
105mm_grhl_39_a;Granate 38 Hohladung Ausf. A;
105mm_grhl_39_b;Granate 38 Hohladung Ausf. B;
105mm_grhl_39_c;Granate 38 Hohladung Ausf. C;
88mm_sprgr_43;Sprenggranate 43;
88mm_sprgr_flak_41;Sprenggranate L/4,7;
88mm_sprgr;Sprenggranate L/4,5;
88mm_sprgr_dist_fuse;Sprenggranat L/4,5
88mm_pzrg_40;Panzergranate 40;
88mm_pzrg_40_43;Panzergranate 40/43;
88mm_pzrg_39;Panzergranate 39;
88mm_pzrg_39_43;Panzergranate 39/43;
88mm_grhl39;Granate 39 Hohladung;
75mm_sprgr_42;Sprenggranate 42;
75mm_pzrg_40_42;Panzergranate 40/42;
75mm_pzrg_39_42;Panzergranate 39/42;
75mm_pzgr_40w;Panzergranate 40 (Weicheisen);
75mm_pzgr_40;Panzergranate 40;
75mm_pzgr_39;Panzergranate 39;
76mm_pzgr_39_rot;Panzergranate 39;
76mm_sprgr_39;Sprenggranate 39;
76mm_pzgr_40;Panzergranate 40;
76mm_grhl_38_c;Granate 38 Hohladung/C;
75mm_grhl_38_c;Granate 38 Hohladung/C;
75mm_grhl_38_b;Granate 38 Hohladung/B;
75mm_sprgr_34;Sprenggranate 34;
75mm_pzgr_rot;Kanonengranate rot Panzer;
75mm_grhl_39;Granate 38 Hohladung;
50mm_sprgr_38;Sprenggranate 38;
50mm_pzgr_40;Panzergranate 40;
50mm_pzgr_40_1;Panzergranate 40/1;
50mm_pzgr_39;Panzergranate 39;
37mm_sprgr_18;Sprenggranate 18;
37mm_sprgr_18_belt;Sprenggranate 18;
37mm_sprgr_umg;Sprenggranate 34(t);
37mm_pzgr;Panzergranate 18;
37mm_pzgr_belt;Panzergranate 18;
37mm_pzgr_t;Panzergranate 34(t);
37mm_pzgr_t_umg;Panzergranate 37(t) umg.;
37mm_pzgr_40;Panzergranate 40;
37mm_pzgr_40_37_t;Panzergranate 40;
30mm_MGr;Minengeschoßgranate;
30mm_PzGr;Panzergranate;
30mm_PzBrGr;Panzerbrandsatzgranate;
30mm_PzGr_H;Hartkern-Panzergranate L’Spur;
20mm_sprgr;Sprenggranate mit Brandsatz;
20mm_pzgr;Panzergranate L'spur;
20mm_pzgr_40;Panzergranate 40;
25mm_br_132;53-БР-132;
25mm_ozr_132;53-ОЗР-132;
25mm_br85;53-БР-85;
25mm_ozr85;53-ОЗР-85;
37mm_BT;БT;
37mm_OFZ;ОФЗ;
37mm_UBR_167P;53-БР-167П;
37mm_UBR_167;53-БР-167;
37mm_UOR_167;53-OР-167;
85mm_o_365m;53-O-365М;
85mm_o_365k;53-O-365K;
85mm_br_367p;53-БР-367П;
85mm_br_367;53-БР-367;
85mm_br_365p;53-БР-365П;
85mm_br_365k;53-БР-365K;
85mm_br_365a;53-БР-365;
85mm_br_365;53-БР-365;
76mm_sh_353;53-Ш-353;
76mm_sh_354t;53-Ш-354T;
76mm_of_350m;53-OФ-350;
76mm_br_350sp;53-БР-350СП;
76mm_br_354p;53-БР-354П;
76mm_br_350b;53-БР-350Б (МД-8);
76mm_br_350a;53-БР-350A (МД-5);
76mm_bp_350m;53-БП-350М;
76mm_bp_350a;53-БП-350А;
76mm_br_354n;53-БР-354Н;
76mm_bk_354m;53-БК-354М;
76mm_br_354;53-БР-354;
57mm_o_271;53-O-271У;
57mm_br_271sp;53-БР-271СП;
57mm_br_271p;53-БР-271П;
57mm_br_271m;53-БР-271М;
57mm_br_271n;53-БР-271Н;
57mm_br_271k;53-БР-271К;
57mm_br_271;53-БР-271;
57mm_or_281u;53-ОР-281У;
57mm_or_281u_belt;53-ОР-281У;
57mm_br_281u;53-БР-281У
57mm_br_281u_belt;53-БР-281У
57mm_br_281sp;53-БР-281СП;
57mm_br_281;53-БР-281;
57mm_3ubr_22;3УБР22;
57mm_3uo8;3УO8;
57mm_m70;AP-T, M70;
57mm_m86;APC-T, M86;
45mm_sprgr;Sprenggranate;
45mm_pzgr42;Panzergranate 42;
45mm_pzgr40;Panzergranate 40;
45mm_pzgr;Panzergranate;
45mm_o_243;53-O-240;
45mm_br_243sp;53-БР-240СП;
45mm_br_243p;53-БР-240П;
45mm_br_243;53-БР-240;
152mm_of_540;53-OФ-540;
152mm_of_530;53-OФ-530;
152mm_br_540;53-БР-540;
152mm_br_540b;53-БР-540Б;
152mm_bp_540;53-БП-540;
152mm_pb_35;A3-ПБ-35;
152mm_g_530;53-Г-530;
152mm_pzgr;Panzergranate;
152mm_sprgr;Sprenggranate;
130mm_pb_46a;A3-ПБ-46A;
130mm_of_46;A3-OФ-46;
122mm_bp_462;53-БП-460А;
122mm_of_472;53-OФ-472;
122mm_of_462;53-OФ-462;
122mm_of_471;53-OФ-471;
122mm_br_472;53-БР-472;
122mm_br_471b;53-БР-471Б;
122mm_br_471;53-БР-471;
122mm_br_471d;53-БР-471Д;
122mm_zbk_10;3БК10;
122mm_zbk_9;3БК9;
122mm_zbm_11;3БМ11;
122mm_zbm_7;3БМ7;
100mm_of_412;53-OФ-412;
100mm_br_412b;53-БР-412Б;
100mm_br_412;53-БР-412;
100mm_br_412d;53-БР-412Д;
100mm_br_412p;53-БР-412P;
100mm_zbk_5;3БК5;
100mm_zbm8;3БМ8;
40mm_MkII;HE-T, Mk. II;
40mm_M81A1;AP, M81A1;
40mm_l70_ap;AP-T;
40mm_l70_he;HE-T;
37mm_m74;AP-T, M74;
37mm_m59a1;APC-T, M59A1;
37mm_m54;HE-T, SD, M54;
37mm_m74b1;AP-T, M74;
37mm_m51b1b2;APC-T, M51B1;
37mm_m51b1;APC-T, M51B1;
37mm_m63;HE, M63;
75mm_m48;HE, M48;
75mm_t45;HVAP, T45;
75mm_m61;APC-T, M61;
75mm_m61_solid;APC-T, M61;
75mm_m72;AP, M72;
76mm_m352;HE, M352;
76mm_m496;HEAT-T, M496;
76mm_m331a2;HVAP-DS-T, M331A2;
76mm_m319;HVAP-T, M319;
76mm_m339;AP-T, M339;
76mm_m93;HVAP, M93;
76mm_m79;AP-T, M79;
76mm_m62;APC, M62A1;
76mm_m42a1;HE, M42A1;
105mm_m1;HE, M1;
105mm_m67;HEAT, M67;
105mm_t29e3;HVAP-T, T29E3;
105mm_t30e1;HE-T, T30E1;
105mm_t32;APC-T, T32;
105mm_dm12;DM 12;
105mm_dm13;DM 13;
105mm_dm23;DM 23;
105mm_dm33;DM 33;
105mm_dm63;DM 63;
105mm_imi_m413;M413;
105mm_imi_m426;M426;
105mm_dm502;DM 512;
105mm_m392a2;APDS-T, M392A2;
105mm_m393a2;HEP-T, M393A2;
105mm_m456;HEAT-T, M456;
120mm_m469;HEAT-T, M469;
120mm_m358;AP-T, M358;
120mm_m356;HE-T, M356;
90mm_m304;HVAP-T, M304;
90mm_m318;AP-T, M318;
90mm_m332a1;HVAP-T, M332A1;
90mm_m332;HVAP-T, M332;
90mm_m71;HE-T, M71;
90mm_m77_da90_50;AP-T, M77;
90mm_m71_da90_50;HE-T, M71;
90mm_m82_da90_50;APC-T, M82;
90mm_m304_da90_50;HVAP-T, M304;
90mm_m332_da90_50;HVAP-T, M332;
90mm_t108_da90_50;HEAT, T108;
90mm_m313_da90_50;Smoke WP, M313;
90mm_m77;AP-T, M77;
90mm_m82;APC-T, M82;
90mm_t41;APC-T, T41;
90mm_m431;HEAT-T, M431;
90mm_t108;HEAT, T108;
90mm_m348;HEAT, M348;
90mm_t33;AP-T, T33E7;
90mm_m71a1;HE-T, M71A1;
90mm_m318a1;AP-T, M318A1;
90mm_ap_shot;AP;
90mm_he_shell;HE;
90mm_hvap_shot;HVAP;
90mm_t42;HE, T42;
90mm_t43;AP-T, T43;
90mm_t44;HVAP-T, T44;
76mm_shot_mk6_ap;Shot Mk. 6;
76mm_shot_mk4_apc;Shot Mk. 4;
76mm_shot_mk8_apcbc;Shot Mk. 8;
76mm_shot_sv_mk1_apds;Shot SV Mk. 1;
76mm_shell_mk1_he;Shell Mk. 1;
napalm;Incendiary mixture;
weapons/cannonBK75;7,5 cm-Bordkanone 7,5;
40mm_shot_mk1_aphv;Shot Mk. 1 APHV/T;
40mm_shot_mk1_apcbct;Shot Mk. 1 APCBC/T;
40mm_shot_mk1_apt;Shot Mk. 1 AP/T;
40mm_shell_mk1_apt;Shell Mk. 1 AP/T;
40mm_shell_mk2;Shell Mk. 2;
weapons/gunType2_turret;二式13mm旋回機銃;
weapons/gunType1_turret;一式13mm旋回機銃;
weapons/de_f5w_torpedo;45 cm F5w;
weapons/de_450_torpedo_f5b;45 cm F5b;
weapons/de_450_torpedo_f5b/short;F5b;
weapons/us_m8bazooka;Rocket, HE, 4.5”, M8;
weapons/cannonMolinsClassM;Ordnance, Q.F., 6-pr Class M Mk. 1 (Auto Loader Mk. III);
weapons/de_rz65_rocket;RZ 65;
weapons/de_r4m_orkan_rocket;Rakete, 4 Kilogramm, Minenkopf;
weapons/cannonM4_75mm;Gun, 75-mm, M4;
weapons/cannonMk214a;5 cm MK 214A;
weapons/110mm_M8_rocket_launcher;Rocket, HE, 4.5”, M8;
weapons/158mm_NB_Wf_41_rocket_launcher;15 cm Nebelwerfer 41;
weapons/82mm_M8_rocket_launcher;М-8;
weapons/82mm_m8_launcher_user_cannon;М-8;
weapons/cannonM5;Gun, 75-mm, M5;
weapons/cannonT13E1;Gun, 75-mm, T13E1;
bulletAction/armor;Armor-piercing effect;
bulletAction/damage;Damaging effect;
weapons/cannonPTB23;23-мм авиационная пушка ПТБ-23;
weapons/uk_250lbs_late;Bomb, GP, 250 lb, Mk. IV;
weapons/uk_500lbs_43;Bomb, GP, 500 lb, Mk. IV;
weapons/uk_250lbs_mc_mk1_mk2_bomb;Bomb, MC, 250 lb, Mk. I;
weapons/uk_250lbs_mc_mk1_mk2_bomb/short;250 lb Mk. I;
weapons/uk_250lbs_mc_mk1_mk2_bomb_default;Bomb, MC, 250 lb, Mk. I;
weapons/uk_250lbs_mc_mk1_mk2_bomb_default/short;250 lb Mk. I;
weapons/uk_500lb_mc_mk1_mk4_long_tail_bomb;Bomb, MC, 500 lb, Mk. I;
weapons/uk_500lb_mc_mk1_mk4_long_tail_bomb/short;500 lb Mk. I;
weapons/uk_1000lbs_mc_mk1_mk2_bomb;Bomb, MC, 1000 lb, Mk. I;
weapons/uk_1000lbs_mc_mk1_mk2_bomb/short;1000 lb Mk. I;
weapons/uk_520lb_herl_mk_1_n;Bomb, HERL, Aircraft, 520 lb, Mk. IN
weapons/uk_520lb_herl_mk_1_n/short;520 lb Mk. IN
weapons/uk_1650lb_sn_he;Bomb, SNHE, Aircraft, 1650 lb
weapons/uk_1650lb_sn_he/short;1650 lb
weapons/cannonADEN;30 mm ADEN;
weapons/cannonADEN_mk4;30 mm ADEN Mk. 4;
weapons/cannonADEN_mk4/short;ADEN Mk. 4;
weapons/cannonADEN_25;25 mm ADEN 25;
weapons/cannonADEN_25/short;ADEN 25;
weapons/cannon_mauser_bk_27;Maschinenkanone BK 27 mm x 145, DM 1;
weapons/cannon_mauser_bk_27/short;DM 1;
modification/ctrc_mk3;CTRC Mk 3 Mod 0;
modification/ctrc_mk3/desc;Allows installation of HVAR unguided rockets.;
modification/der-19p;Дер-19П;
modification/der-19p/desc;Allows installation of up to 500 kg of bombs.;
modification/der-20p;Дер-20П;
modification/der-20p/desc;Allows installation of 1000 kg bombs.;
modification/der-20u;Дер-20У;
modification/der-20u/desc;Allows installation of 5000 kg bombs.;
modification/der-13p;Дер-13П;
modification/der-13p/desc;Allows installation of 250 kg bombs.;
explosiveType/ph_salz_h10;PH-Salz and H. 10;
explosiveType/oshiyaku;お試薬;
explosiveType/rdx_tnt;RDX/TNT 40/60;
explosiveType/octol_tnt;Octol/TNT;
explosiveType/explosive_d;Explosive D;
explosiveType/sw_39a;SW39a;
explosiveType/tp_97;九七式;
explosiveType/tp_91;九一式;
explosiveType/tp_88;八八式;
explosiveType/picric_acid_tnt;Picric acid/TNT;
explosiveType/picric_acid;Picric acid;
explosiveType/shellite;Shellite;
explosiveType/dd;DD;
explosiveType/mmn;MMn;
explosiveType/rdx;RDX;
explosiveType/cyclonite;Cyclonite
explosiveType/rdx_aluminium;RDX/Al;
explosiveType/h761;H 761;
explosiveType/ha_41;Ha-41;
explosiveType/tga_16;ТГА-16;
explosiveType/tgaf_5;ТГАФ-5;
explosiveType/tgag_5;ТГАГ-5;
explosiveType/tgaf_5m;ТГАФ-5М;
explosiveType/smoke_composition;Smoke composition;
explosiveType/rdx_pwx;RDX/PWX;
explosiveType/tna;TNA;
explosiveType/tetryl_bpp;Tetryl and B.P.P.;
explosiveType/h5_fp02;H. 5 and Fp. 02;
explosiveType/tnt_a_ix_2;TNT and A-IX-2;
explosiveType/jh_2;JH-2;
explosiveType/dhl_1;DHL-1
explosiveType/jhl_2;JHL-2;
explosiveType/fp10_np10;Fp. 10 and Np. 10;
explosiveType/lyddit;Lyddite;
explosiveType/shimose;下瀬;
explosiveType/torpex;Torpex;
explosiveType/trialen_105;Trialen 105;
explosiveType/trialen_106;Trialen 106;
explosiveType/trianilite;Trianilite
explosiveType/hbx;HBX;
explosiveType/hbx_3;HBX-3
explosiveType/hta;HTA;
explosiveType/hta_petn;HTA/PETN;
explosiveType/rdx_petn;RDX/PETN;
explosiveType/nipolit;Nipolit
explosiveType/napalm;Napalm-B;
explosiveType/napalm_gel;Napalm;
explosiveType/sks;CKC;
explosiveType/fp_02;FP 02;
explosiveType/octogel;Октогель;
explosiveType/aerea_64057;Aerea 64057;
explosiveType/pentolite;Pentolite;
explosiveType/detonite;Detonite;
explosiveType/comp_b;Composition B;
explosiveType/comp_b_mod;Modified Composition B;
explosiveType/amatol_tnt;Amatol and TNT;
explosiveType/amatol;Amatol;
explosiveType/exp_d_tetryl;Exp. D and tetryl;
explosiveType/exp_d;Exp. D;
explosiveType/fp60_40;Fp. 60/40;
explosiveType/fp02;Fp. 02;
explosiveType/fp02_tetraxhlornaphtalin;Fp. 02 and naphthalene tetrachloride;
explosiveType/tnt;TNT;
explosiveType/tetryl;Tetryl;
explosiveType/tritonal;Tritonal;
explosiveType/pbxn_110;PBXN-110;
explosiveType/pbxn_109;PBXN-109;
explosiveType/pbxn_102;PBXN-102;
explosiveType/pbxn_5;PBXN-5;
explosiveType/pbxn_4;PBXN-4;
explosiveType/pbxn_3;PBXN-3;
explosiveType/pbxn_9;PBXN-9
explosiveType/liEx_S13df;Liquid Explosive;
explosiveType/ph_salz;EDNA;
explosiveType/hexal;Hexal;
explosiveType/a_ix_2;A-IX-2;
explosiveType/mc;MC;
explosiveType/a_ix_1;A-IX-1;
explosiveType/h10;H. 10;
explosiveType/h5;H. 5;
explosiveType/comp_h6;Comp. H6;
explosiveType/comp_a4w;Comp. A-4;
explosiveType/s_r_379;Comp. S.R. 379;
explosiveType/np_10;Np. 10;
explosiveType/np_15;Np. 15;
explosiveType/petn;PETN;
explosiveType/ocfol;Ocfol;
explosiveType/clx_663;CLX663;
explosiveType/octol;Octol;
explosiveType/hmx;HMX;
explosiveType/lx14;LX-14;
explosiveType/fp02_np10;Fp. 02 and Np. 10;
explosiveType/comp_a;Comp. A;
explosiveType/nitrolit;Nitrolite;
explosiveType/tg_40;ТГ-40;
explosiveType/tg_50;ТГ-50;
explosiveType/tg_20;ТГ-20;
explosiveType/hlp_n;HLP-N;
explosiveType/minol;Minol;
explosiveType/okfol_20;OKFOL-20;
explosiveType/okfol_3_5;OKFOL-3.5;
explosiveType/melinite;Mélinite;
explosiveType/mn_f_dn;Mélinite 80/20;
explosiveType/afx_757;AFX-757
weapons/su_fab5000;5000 kg авиационная бомба ФАБ-5000;
20mm_oerlikon_he_t;HE-T;
20mm_oerlikon_he_i;HE-I;
20mm_oerlikon_ap;AP-T;
20mm_oerlikon_he;HE;
30_170mm_apds_t;APDS-T;
30_170mm_aphe_i;APHE-I;
30_170mm_he_i;HE-I;
30_170mm_he_i_t;HE-I-T;
57mm_shell_mk10t;Shell Mk. 10;
57mm_shot_mk5t;Shot Mk. 5;
57mm_shot_mk5t_hv;Shot Mk. 5 HV;
57mm_shot_mk8t;Shot Mk. 8;
57mm_shot_mk9t;Shot Mk. 9;
57mm_shot_mk1bt;Shot Mk. 1 BT;
76mm_shell_he;Shell HE;
76mm_shot_mk2_ap;Shot Mk. 2;
77mm_shell_mk1_he;Shell Mk. 1;
77mm_shot_mk4_apc;Shot Mk. 4;
77mm_shot_mk6_ap;Shot Mk. 6;
77mm_shot_mk8_apcbc;Shot Mk. 8;
77mm_shot_sv_mk1_apds;Shot SV Mk. 1;
83mm_shell_mk1;Shell Mk. 1;
83mm_shot_mk1;Shot Mk. 1;
83mm_shot_mk3;Shot Mk. 3;
83mm_slpprj;slpprj;
83mm_slsgr_m53;slsgr m/53;
83mm_rokgr_m53;rökgr m/53;
83mm_pvlng_m54;slpprj m/54;
105mm_slspgr_m61;slsgr m/61;
weapons/75mm_kan_strv_74_user_cannon;7,5 cm kan strv 74;
weapons/84mm_kan_strv81_user_cannon;8,38 cm kan strv 81;
weapons/105mm_kan_strv_101_user_cannon;10,5 cm kan strv 101;
weapons/105mm_kan_strv_104_user_cannon;10,5 cm kan strv 104;
weapons/105mm_kan_strv_105_user_cannon;10,5 cm kan strv 105;
105mm_slpprj_m90c;slpprj m/90c;
weapons/120mm_ctg_l50_user_cannon;Compact Tank Gun 120 mm L50;
120mm_slsgr_m95;slsgr m/95;
94mm_shell_mk1;Shell Mk. 1;
94mm_shot_mk1;Shot Mk. 1;
105mm_l28a1;APDS-T, L28A1;
105mm_l52a1;APDS-T, L52A1
105mm_l35;HESH-T, L35A1;
120mm_l1tk;HESH-T, L1TK;
120mm_l37a7;HESH-T, L31A7;
120mm_l1g;APDS-T, L1G;
120mm_l15a5;APDS-T, L15A5;
120mm_l15a3;APDS-T, L15A3;
120mm_l23;APFSDS-T, L23A0;
120mm_l23a1;APFSDS-T, L23A1;
weapons/20mm_Oerlikon_user_cannon;20 mm Oerlikon Mk. II;
weapons/76mm_QQF_3in_20cwt_user_cannon;Ordnance, Q.F., 3-inch 20-cwt, Mk. III;
weapons/76mm_45_3in_20cwt_qf_mk1_4_naval_user_cannon;Ordnance, Q.F., 3-inch 20-cwt, Mk. I;
weapons/75mm_QQF_MkV_user_cannon;Ordnance, Q.F., 75 mm, Mk. V;
weapons/75mm_QQF_MkV_NA75_user_cannon;Gun, 75-mm, M3;
weapons/57mm_6pdr_QQF_Mk_3_L43_user_cannon;Ordnance, QF 6-pr 7-cwt, Mk. III;
weapons/57mm_6pdr_QQF_Mk_5_L50_user_cannon;Ordnance, QF 6-pr 7-cwt, Mk. V;
weapons/30mm_HSS_831L_user_cannon;30 mm HSS 831L;
weapons/30mm_HSS_831A_user_cannon;30 mm HSS 831A;
weapons/30mm_HSS_831L_Turm_user_cannon;30 mm HSS 831L;
weapons/77mm_QQF_Mk_II_L50_user_cannon;Ordnance, Q.F., 77 mm, Mk. II;
weapons/84mm_QQF_20pdr_Mk_I_user_cannon;Ordnance, Q.F., 20-pr, Tk., Mk. IA;
weapons/84mm_QQF_20pdr_Mk_I_fume_extractor_user_cannon;Ordnance, Q.F., 20-pr, Tk., Mk. IB;
weapons/94mm_QQF_32pdr_user_cannon;Ordnance, Q.F., 32-pr, Tk., Mk. I;
weapons/94mm_qf_28pdr_user_cannon;Ordnance, Q.F., 28-pr, Mk. I;
weapons/94mm_QF_Mk1_user_cannon;Ordnance, Q.F., 3.7-inch, Mk. II;
weapons/120mm_OBL_Tk_L11_user_cannon;Ordnance, BL, 120-mm, Tk, L11A5;
weapons/120mm_QQF_Tk_L1A1_user_cannon;Ordnance, QF, 120-mm, Tk, L1A1;
weapons/105mm_L7_user_cannon;Ordnance, QF, 105-mm, Tk, L7A1;
weapons/cannonHo301;40mmホ301;
weapons/122mm_D25_44T_user_cannon;122-мм танковая пушка обр. 1943 г. (Д-25-44Т);
weapons/250kg_TT_rocket_launcher;ТТ-250;
weapons/250kg_TT_rocket_launcher/short;ТТ-250;
weapons/250kg_tt/short;ТТ-250;
weapons/105mm_K18_user_cannon;10,5 cm-Kanone 18 (L/52);
105mm_pzrg_rot;Panzergranate rot;
105mm_gr19;Granate 19;
47mm_sprgr_36t;Sprenggranate 36(t);
47mm_pzgr_36t;Panzergranate 36(t);
47mm_pzgr_40;Panzergranate 40;
weapons/47mm_PaK_t_Sf_user_cannon;4,7 cm-Panzerabwehrkanone(t) (L/43.4);
weapons/7_62mm_L8A1_user_machinegun;Machine Gun, 7.62 mm, Tk., L8A1;
weapons/gunL8a1;Machine Gun, 7.62 mm, Tk., L8A1;
weapons/gunL8a1/short;L8A1;
weapons/7_62mm_L8A2_user_machinegun;Machine Gun, 7.62 mm, Tk., L8A2;
weapons/12_7mm_L21A1_user_machinegun;Ranging Gun, Browning, Calibre .50-in, L21A1;
weapons/uk_250lbs/short;250 lb Mk. IV;
weapons/uk_250lbs_43/short;250 lb Mk. IV;
weapons/uk_250lbs_late/short;250 lb Mk. IV;
weapons/us_500lb_anm64a1_rod/short;500-lb AN/M64A1;
weapons/us_1000lb_anm65a1_rod/short;1000-lb AN/M65A1;
weapons/uk_500lbs/short;500 lb Mk. IV;
weapons/uk_500lbs_43/short;500 lb Mk. IV;
weapons/uk_1000lbs_gp/short;1000 lb Mk. 13;
weapons/uk_1000lbs_gp_mk1/short;1000 lb Mk. I;
weapons/uk_1000lbs_mc_mk1/short;1000 lb Mk. I;
weapons/uk_mk2_cookie/short;4000 lb Mk. II;
weapons/su_fab50/short;ФАБ-50;
weapons/su_ao_25m_1/short;AO-25;
weapons/uk_12000lb_hc_mkI_n52_bomb;Bomb, HC, 12000 lb, Mk. I;
weapons/uk_12000lb_hc_mkI_n52_bomb/short;12000 lb Mk. I
weapons/uk_12000lb_hc_mkI_n33_bomb;Bomb, HC, 12000 lb, Mk. I;
weapons/uk_12000lb_hc_mkI_n33_bomb/short;12000 lb Mk. I
weapons/uk_8000lb_hc_mkI_n52_bomb;Bomb, HC, 8000 lb, Mk. II;
weapons/uk_8000lb_hc_mkI_n52_bomb/short;8000 lb Mk. II
weapons/uk_8000lb_hc_mkI_n33_bomb;Bomb, HC, 8000 lb, Mk. II;
weapons/uk_8000lb_hc_mkI_n33_bomb/short;4000 lb Mk. II
weapons/uk_4000lb_mc_mk1_mk2_bomb;Bomb, MC, 4000 lb, Mk. II;
weapons/uk_4000lb_mc_mk1_mk2_bomb/short;4000 lb Mk. II
weapons/uk_4000lb_hc_mk4_bomb;Bomb, HC, 4000 lb, Mk. IV;
weapons/uk_4000lb_hc_mk4_bomb/short;4000 lb Mk. IV;
weapons/uk_4000lb_hc_mk3_bomb;Bomb, HC, 4000 lb, Mk. III;
weapons/uk_4000lb_hc_mk3_bomb/short;4000 lb Mk. III;
weapons/uk_4000lb_hc_mk2_bomb;Bomb, HC, 4000 lb, Mk. II;
weapons/uk_4000lb_hc_mk2_bomb/short;4000 lb Mk. II;
weapons/uk_4000lb_hc_mk1_bomb;Bomb, HC, 4000 lb, Mk. I;
weapons/uk_4000lb_hc_mk1_bomb/short;4000 lb Mk. I;
weapons/uk_4000lb_gp_mk1_mk2_bomb;Bomb, HC, 4000 lb, Mk. II;
weapons/uk_4000lb_gp_mk1_mk2_bomb/short;4000 lb Mk. II;
weapons/su_fab100/short;ФАБ-100М-43;
weapons/su_fab100_default;100 kg авиационная бомба ФАБ-100М-43;
weapons/su_fab100_default/short;ФАБ-100М-43;
weapons/su_fab250/short;ФАБ-250св;
weapons/su_ofab250/short;OФАБ-250св;
weapons/cn_gp_250_3/short;250-3型;
weapons/cn_gp_250_3;250公斤3型航空爆破炸弹;
weapons/cn_gp_250_3_default/short;250-3型;
weapons/cn_gp_250_3_default;250公斤3型航空爆破炸弹;
weapons/cn_gp_500_3/short;500-3型;
weapons/cn_gp_500_3;500公斤3型航空爆破炸弹;
weapons/cn_gp_250_4/short;250-4型;
weapons/cn_gp_250_4;250公斤4型航空爆破炸弹;
weapons/cn_gp_500_4/short;500-4型;
weapons/cn_gp_500_4;500公斤4型航空爆破炸弹;
weapons/cn_gp_100_2/short;100-2型;
weapons/cn_gp_100_2;100公斤2型航空爆破炸弹;
weapons/cn_gp_250_1/short;250-1型;
weapons/cn_gp_250_1;250公斤1型航空爆破炸弹;
weapons/cn_gp_250_2/short;250-2型;
weapons/cn_gp_250_2;250公斤2型航空爆破炸弹;
weapons/cn_250_2_250m44/short;250-2型;
weapons/cn_250_2_250m44;250公斤2型航空爆破炸弹;
weapons/cn_gp_500_2/short;500-2型;
weapons/cn_gp_500_2;500公斤2型航空爆破炸弹;
weapons/cn_gp_1500_2/short;1500-2型;
weapons/cn_gp_1500_2;1500公斤2型航空爆破炸弹;
weapons/cn_gp_3000_2/short;3000-2型;
weapons/cn_gp_3000_2;3000公斤2型航空爆破炸弹;
weapons/cn_gp_250_1_incendiary;250公斤1型航空燃烧炸弹;
weapons/cn_gp_250_1_incendiary/short;250-1型 (燃烧);
weapons/cn_gp_250_2_incendiary250公斤1型航空燃烧炸弹;
weapons/cn_gp_250_2_incendiary/short;250-1型 (燃烧);
weapons/su_fab500/short;ФАБ-500;
weapons/su_fab1000/short;ФАБ-1000;
weapons/su_fab_1500m_46/short;ФАБ-1500;
weapons/su_fab_3000m_46/short;ФАБ-3000;
weapons/su_fab5000/short;ФАБ-5000;
weapons/us_100lb_anm30/short;100-lb AN/M30A1;
weapons/us_100lbs/short;100-lb AN/M30A1;
weapons/us_250lb_anm57/short;250-lb AN/M57;
weapons/us_500lb_anm64a1/short;500-lb AN/M64A1;
weapons/us_500lbs/short;500-lb AN/M64A1;
weapons/us_1000lb_anm65_cone/short;1000-lb AN/M65;
weapons/us_1000lb_anm65a1/short;1000-lb AN/M65A1;
weapons/us_1000lbs/short;1000-lb AN/M65A1;
weapons/us_2000lbs/short;2000-lb AN/M66A2;
weapons/us_2000lbs_anm66/short;2000-lb AN/M66A2;
weapons/jp_mod25mark2/short;250 kg 二五番;
weapons/jp_mod50mark2/short;500 kg 五〇番;
weapons/jp_mod80mark1/short;800 kg 八〇番;
weapons/jp_type92mod25/short;250 kg 九二式;
weapons/jp_type92mod50/short;500 kg 九二式;
weapons/jp_type94mod5/short;50 kg 九四式;
weapons/jp_type94mod10/short;100 kg 九四式;
weapons/jp_type97mod6/short;60 kg 九七式;
weapons/jp_navy_type97mod6_60kg/short;60 kg 九七式;
weapons/jp_type98mod25/short;250 kg 九八式;
weapons/jp_type99mod25/short;250 kg 九九式;
weapons/jp_type99mod80/short;800 kg 九九式;
weapons/jp_navy_mod25mark2_250kg/short;250 kg 二五番;
weapons/jp_navy_mod50mark1_500kg/short;500 kg 八〇番;
weapons/jp_navy_mod50mark2_500kg/short;500 kg 八〇番;
weapons/jp_navy_mod80mark1_800kg/short;800 kg 八〇番;
weapons/jp_navy_type98mod25_250kg/short;250 kg 九八式;
weapons/jp_navy_type99mod25_250kg/short;250 kg 九九式;
weapons/jp_navy_type99mod80_800kg/short;800 kg 九九式;
weapons/de_sc50/short;SC 50;
weapons/de_sc250/short;SC 250;
weapons/de_sc500/short;SC 500;
weapons/de_sc250_87/short;SC 250;
weapons/de_sc500_87/short;SC 500;
weapons/it_800kg_gp/short;GP 800;
weapons/it_250kg_gp/short;GP 250;
weapons/it_150kg_ap/short;AP 160;
weapons/it_100kg_m_vert/short;SAP 100;
weapons/fr_matra_t_10_121b/short;T10 121b;
weapons/fr_matra_t_10_121a/short;T10 121;
weapons/fr_matra_t_10_140b/short;T10 140;
weapons/fr_matra_t_10_140a/short;T10 140;
weapons/fr_matra_t_10_151b/short;T10 151;
weapons/fr_matra_t_10_151a/short;T10 151;
weapons/fr_50kg_dt2/short;DT2;
weapons/fr_50kg_gammn/short;GA MMN 50;
weapons/fr_100kg/short;100 No. 1;
weapons/fr_200kg/short;200 No. 1;
weapons/fr_500kg_3_1/short;500 No. 2;
weapons/it_100kg_m/short;SAP 100;
weapons/it_100kg_t_vert/short;GP 100;
weapons/it_100kg_t/short;GP 100;
weapons/it_50kg_t/short;GP 50;
weapons/it_50kg_t_vert/short;GP 50;
weapons/it_500kg_gp/short;GP 500;
weapons/de_sc1000/short;SC 1000;
weapons/de_sc1800b/short;SC 1800;
weapons/de_fx1400/short;PC 1400 X;
weapons/de_sd10a/short;SD 10C;
weapons/de_sd_10a/short;SD 10C;
weapons/107mm_ZIS6_user_cannon;107-мм танковая пушка ЗиС-6;
107mm_b420;53-Б-420;
107mm_of_420;53-OФ-420;
weapons/de_f5w_torpedo/short;F5w;
weapons/de_rz65_rocket/short;RZ 65;
weapons/de_r4m_orkan_rocket/short;R4M;
weapons/uk_mk15_torpedo/short;Mk. XV;
weapons/it_f200_450_torpedo/short;F200/450;
weapons/it_f200_450_torpedo_no_fin/short;F200/450;
weapons/cannonSAA/short;102/40 Mod. 14;
weapons/hydra_short/short;2.75” HE-DP (M247 | Mk 66);
weapons/su_45_36an_1939_torpedo/short;45-36AН;
weapons/su_45_36man_1952_torpedo/short;45-36МAН;
weapons/us_mk13_torpedo_weak/short;Mk 13 Mod 3;
weapons/us_mk13_torpedo_no_case/short;Mk 13 Mod 3;
weapons/us_mk13_torpedo/short;Mk 13 Mod 7;
weapons/us_mk13_torpedo_tutorial/short;Mk 13 Mod 7;
weapons/uk_mk12_torpedo/short;Mk 12 Mod 0;
weapons/jp_type91mod3_torpedo/short;九一式改3;
weapons/jp_type91mod2_torpedo/short;九一式改2;
weapons/ijnaf_60kg/short;三式六番二七号;
weapons/de_br20/short;Wurfgranate 21;
weapons/fr_sneb_type23/short;SNEB Type 23;
weapons/fr_sneb_type23_expo/short;SNEB Type 23;
weapons/su_rs132/short;РС-132;
weapons/su_rs82/short;РС-82;
weapons/su_rbs132/short;РБС-132;
weapons/su_rbs82/short;РБС-82;
weapons/jp_navy_rocket_type3_number1_9kg/short;三式一番二八号一型;
weapons/jp_navy_rocket_type5_number1_13kg/short;五式一番九号一型;
weapons/jp_navy_rocket_type3_number6_66kg/short;三式六番二七号;
weapons/jp_navy_rocket_type5_number6_84kg/short;五式六番九号;
weapons/us_5_in_hvar/short;5” AR (Mk 6);
weapons/us_5_in_hvar_c/short;5” AR (Mk 6);
weapons/us_5_in_hvar_c_default/short;5” AR (Mk 6);
weapons/us_5_in_hvar_d/short;5” AR (Mk 6);
weapons/us_5_in_hvar_2/short;5” AR (Mk 6);
weapons/us_5_in_hvar_b/short;5” AR (Mk 6);
weapons/sws_oerlikon_oe82;8 cm Flugzeug-Rakete Oerlikon;
weapons/sws_oerlikon_oe82/short; 8 cm Flz.Rak.;
weapons/sws_flz_lwf_63_75;Flugzeug-Lenkwaffe Luft-Luft 63/75;
weapons/sws_flz_lwf_63_75/short;Flz.Lwf. LL 63/75
weapons/sws_flz_lwf_63_80;Flugzeug-Lenkwaffe Luft-Luft 63/80;
weapons/sws_flz_lwf_63_80/short;Flz Lwf LL 63/80;
weapons/sws_flz_lwf_63;Flugzeug-Lenkwaffe Luft-Luft 63;
weapons/sws_flz_lwf_63/short;Flz.Lwf. LL 63;
weapons/sws_50_kg_sprengbombe;50 kg Sprengbombe
weapons/sws_50_kg_sprengbombe/short;50 kg Sprengbombe
weapons/sws_200_kg_sprengbombe;200kg Sprengbombe;
weapons/sws_200_kg_sprengbombe/short;200kg Sprengbombe;
weapons/sws_400_kg_sprengbombe;400kg Sprengbombe;
weapons/sws_400_kg_sprengbombe/short;400kg Sprengbombe;
weapons/sws_450_kg_sprengbombe_68_70;450kg Sprengbombe m/68/70;
weapons/sws_450_kg_sprengbombe_68_70/short;450kg Sprengbombe m/68/70;
weapons/sws_flz_lwf_lb_82;Flz Lwf LB 82;
weapons/sws_flz_lwf_lb_82/short;Flz Lwf LB 82;
weapons/su_s_5k_rocket/short;С-5К;
weapons/su_s_5k_rocket_ub16/short;С-5К;
weapons/cn_hf5_rocket/short;С-5К;
weapons/su_s_5m_rocket/short;С-5М;
weapons/su_s_21_rocket/short;С-21;
weapons/su_s_24_rocket/short;С-24;
weapons/us_11_75_in_tiny_tim/short;11.75” AR (Mk 4);
weapons/us_5_in_hvar_a/short;5” AR (Mk 6);
weapons/us_5_in_hvar_a_default/short;5” AR (Mk 6);
weapons/us_5_in_hvar_b_default/short;5” AR (Mk 6);
weapons/us_11_75_in_tiny_tim_army/short;11.75” AR (Mk 4);
weapons/uk_hvar/short;5” AR (Mk 6);
weapons/uk_rocket/short;RP-3, HE/SAP;
weapons/de_r4m_pb2_rocket/short;Pzb. II;
weapons/uk_rp3/short;RP-3, 60 lb, HE/SAP;
weapons/uk_rp3_2/short;RP-3, HE/SAP;
weapons/uk_rp3_3/short;RP-3, HE/SAP;
weapons/uk_rp3_4a/short;RP-3, HE/SAP;
weapons/uk_rp3_4b/short;RP-3, HE/SAP;
weapons/us_m8bazooka/short;4.5” M8;
weapons/sws_80_mm_sura_fl_us3;Oerlikon Typ 80-US 3;
weapons/sws_80_mm_sura_fl_us3/short;Typ 80-US 3;
weapons/sws_80_mm_sura_fl_pi3;Oerlikon Typ 80-UI 3;
weapons/sws_80_mm_sura_fl_pi3/short;Typ 80-UI 3;
weapons/sws_80_mm_hs_r80_sura;Oerlikon Typ 80-P 3;
weapons/sws_80_mm_hs_r80_sura/short;Typ 80-P 3;
weapons/155mm_G6_L45_user_cannon;155 mm G5-45 Howitzer;
155mm_m1;M1;
155mm_m1_pf;M1 (PF);
155mm_g6_smoke;Smoke;
weapons/155mm_type_99_l52_user_cannon;99式52口径155mm榴弾砲;
weapons/155mm_NSJ_L30_user_cannon;75式30口径155mm榴弾砲;
155mm_l15_a2;HE, L15A2;
155mm_m107_pf;HE, M107 (PF);
155mm_m401_pf;M401 (PF);
155mm_type75;75式;
weapons/90mm_Kanone_M41_user_cannon;Bordkanone 90 mm, M 41;
weapons/90mm_M41_user_cannon;Cannon, 90-mm Gun: M41;
weapons/180mm_2k4_rocket_launcher;Противотанковая управляемая ракета 3М7 (ТКБ-574);
weapons/180mm_2k4_launcher_user_cannon;ПУ 3М7 для «Дракон»;
weapons/180mm_2k4_rocket_launcher/short;ПТУР 3М7;
weapons/180mm_3m7/short;ПТУР 3М7;
weapons/164mm_s11_rocket_launcher;Robotsystem 52;
weapons/164mm_s11_rocket_launcher/short;Rbs 52;
weapons/82mm_M8_rocket_launcher/short;Ракетная установка М-8-24;
weapons/82mm_m_8/short;М-8;
weapons/158mm_NB_Wf_41_rocket_launcher/short;15 cm Wurfgranate 41;
weapons/152mm_wgr_41/short;W.Gr. 41
weapons/110mm_M8_rocket_launcher/short;4.5” M8;
weapons/110mm_M8/short;M8;
weapons/128mm_K40_user_cannon;12,8 cm-Kanone 40 (L/61);
weapons/57mm_Ch51M_user_cannon;57-мм самоходная пушка Ч-51М;
weapons/152mm_RP3_rocket_launcher;Rocket Projectile, 3”, 60 lb, HE/SAP;
weapons/152mm_RP3_rocket_launcher/short;RP-3, HE/SAP;
weapons/152mm_M81_user_cannon;Cannon, 152 mm Gun/Launcher: M81E1;
152mm_m409a1;HEAT-T-MP, M409A1;
152mm_m657a2;HE-T, M657A2;
152mm_mgm_61b;MGM-51B;
weapons/152mm_mgm_61b/short;MGM-51B;
weapons/85mm_D70_user_cannon;85-мм самоходная пушка Д-70 (2А15);
85mm_br_372;53-БР-372;
85mm_of_372;53-OФ-372;
85mm_3bk7;3БK7М;
160mm_sam_1c;81式短距離地対空誘導弾(C) (光波弾);
160mm_sam_arh_1c;81式短距離地対空誘導弾(C) (電波弾);
weapons/160mm_sam_1c/short;SAM-1(C) (光波弾)
weapons/160mm_sam_1c_launcher_user_cannon;81式短距離地対空誘導弾発射装置;
weapons/160mm_sam_1c_slave_launcher_user_cannon;81式短距離地対空誘導弾発射装置;
weapons/127mm_IRIS_T_user_cannon;Robotsystem 98
weapons/105mm_T5E2_user_cannon;Gun, 105-mm, T5E1;
weapons/105mm_T140_user_cannon;Gun, 105-mm, T140E2;
weapons/105mm_t140e3_user_cannon;Gun, 105-mm, T140E3;
weapons/164mm_lfk_ss11_rocket_launcher_user_cannon;SS.11;
weapons/164mm_lfk_ss11_rocket_launcher;SS.11;
weapons/164mm_lfk_ss11_rocket_launcher/short;SS.11;
weapons/164mm_lfk_ss_11/short;SS.11;
weapons/164mm_robot_52/short;Rb 52;
weapons/136mm_mephisto_launcher_user_cannon;HOT;
weapons/136mm_HOT_rocket_launcher;HOT;
weapons/136mm_HOT_rocket_launcher/short;HOT;
weapons/136mm_k3s_hot/short;HOT-K3S;
weapons/136mm_k3s_hot_launcher_user_cannon;HOT-K3S;
weapons/136mm_k3s_hot_rocket_launcher;HOT-K3S;
weapons/136mm_k3s_hot_rocket_launcher/short;HOT-K3S;
weapons/120mm_type_64_mat_launcher_user_cannon;64式対戦車誘導弾;
weapons/120mm_type_64_mat_launcher_user_cannon/short;64式対戦車誘導弾;
weapons/163mm_roland_rocket_launcher;Roland 1;
weapons/163mm_roland_rocket_launcher/short;Roland 1;
weapons/163mm_roland_1/short;Roland 1;
weapons/163mm_roland_2/short;Roland 2;
weapons/163mm_roland_3_rocket_launcher;Roland 3;
weapons/163mm_roland_3_rocket_launcher/short;Roland 3;
239mm_9m331;ЗУР 9М331;
weapons/239mm_9m331/short;ЗУР 9М331;
239mm_hq17;ADK17地对空导弹
weapons/239mm_hq17/short;ADK17
209mm_9m33m3;Зенитная управляемая ракета 9М33М3;
weapons/209mm_9m33m3/short;ЗУР 9М33М3;
163mm_roland_3;Roland 3;
weapons/163mm_roland_3/short;Roland 3;
163mm_roland_2;Roland 2;
163mm_roland_1;Roland 1;
weapons/152mm_MIM146;Mobile Intercept-Aerial Guided Missile, MIM-146A;
weapons/152mm_mim146/short;MIM-146A;
152mm_mim146;MIM-146A;
weapons/130mm_rapier_launcher_user_cannon;Rapier Launcher
weapons/130mm_rapier_launcher_user_cannon/short;Rapier Launcher
130mm_rapier_mk1e;Rapier Mk. 1E
130mm_rapier_mk2;Rapier Mk. 2
weapons/130mm_rapier_mk1e/short;Rapier Mk. 1E
weapons/130mm_rapier_mk2/short;Rapier Mk. 2
127mm_mim72a;MIM-72A;
weapons/127mm_mim72a/short;MIM-72A;
127mm_mim72c;MIM-72C;
127mm_mim72g;MIM-72G;
127mm_mim72e;MIM-72E;
weapons/127mm_tc_1l_rocket_launcher_user_cannon;劍一飛彈;
weapons/127mm_tc_1l_rocket_launcher_user_cannon/short;劍一;
127mm_tc_1l;劍一飛彈;
weapons/127mm_MIM_72_launcher_user_cannon;Guided Missile System, Aerial-Intercept, M54A2;
weapons/127mm_MIM_72_launcher_user_cannon/short;M54A2;
weapons/127mm_MIM_72G_launcher_user_cannon;Guided Missile System, Aerial-Intercept, M54A2;
weapons/127mm_MIM_72G_launcher_user_cannon/short;M54A2;
weapons/170mm_57E6_rocket_launcher;ПУ 95Я6;
weapons/170mm_57E6_rocket_launcher/short;ПУ 95Я6;
weapons/170mm_57E6/short;ЗУР 95Я6;
170mm_zur_95ya6;ЗУР 95Я6;
weapons/360mm_9m317m_user_cannon;ПУ 9П311М
weapons/360mm_9m317m_user_cannon/short;ПУ 9П311М
360mm_9m317ma;ЗУР 9М317МА
weapons/380mm_aster_30_user_cannon;Eurosam SAMP/T Vertical Launcher
weapons/380mm_aster_30_user_cannon/short;SAMP/T VL
380mm_aster_30;Aster 30
weapons/166mm_camm_user_cannon;Land Ceptor Launcher
weapons/166mm_camm_user_cannon/short;Land Ceptor Launcher
166mm_camm;CAMM
166mm_camm_er;CAMM-ER
weapons/90mm_atam_mistral_rocket_launcher;Mistral SATCP;
weapons/90mm_atam_mistral_rocket_launcher/short;Mistral SATCP;
weapons/90mm_atam_mistral_user_cannon;Mistral SATCP;
weapons/90mm_atam_mistral_user_cannon/short;Mistral SATCP;
atam_mistral;Mistral SATCP;
weapons/130mm_Rbs_70B_rocket_launcher;Robotsystem 70B;
weapons/130mm_Rbs_70B_rocket_launcher/short;Robotsystem 70B;
130mm_rb_70b;Robot 70B;
weapons/130mm_Rbs_70_rocket_launcher;Robotsystem 70;
weapons/130mm_Rbs_70_rocket_launcher/short;Robotsystem 70;
130mm_rb_70;Robot 70;
weapons/130mm_9M114_rocket_launcher;ПУ 9М114 для «Штурм-С»;
weapons/130mm_9M114_rocket_launcher/short;ПУ 9М114 для «Штурм-С»;
weapons/130mm_9m114/short;ПТУР 9М114;
weapons/130mm_9M120_rocket_launcher;ПУ 9М120 для «Штурм-С»;
weapons/130mm_9M120_rocket_launcher/short;ПУ 9М120 для «Штурм-С»;
weapons/130mm_9m120/short;ПТУР 9М120;
weapons/130mm_Starstreak_hvm_rocket_launcher;Starstreak HVM;
weapons/130mm_Starstreak_hvm_rocket_launcher/short;Starstreak HVM;
weapons/70mm_QN201DD_rocket_launcher;QN-201经济型多用途导弹
weapons/70mm_QN201DD_rocket_launcher/short;QN-201;
70mm_QN201DD;QN-201;
weapons/70mm_QN201DD/short;QN-201;
weapons/151mm_QN502CDD_rocket_launcher;QN-502C中程车载自号的就能反坦竞导弹;
weapons/151mm_QN502CDD_rocket_launcher/short;QN-502C;
weapons/151mm_qn502cdd/short;QN-502C;
151mm_QN502CDD;QN-502C;
weapons/110mm_Spike_freccia_rocket_launchr_user_cannon;Spike-LR2;
weapons/110mm_Spike_freccia_rocket_launchr_user_cannon/short;Spike-LR2;
weapons/110mm_Spike_kf_41_rocket_launchr_user_cannon;Spike-LR2;
weapons/110mm_Spike_kf_41_rocket_launchr_user_cannon/short;Spike-LR2;
weapons/110mm_mells_rocket_launchr_user_cannon;Spike-LR2;
weapons/110mm_mells_rocket_launchr_user_cannon/short;Spike-LR2;
weapons/110mm_spike_lr2/short;Spike-LR2;
110mm_spike_mr;Spike-MR;
weapons/110mm_spike_mr/short;Spike-MR;
110mm_spike_lr2;Spike-LR2;
152mm_9m133fm_3;УР 9М133ФМ;
weapons/152mm_9m133fm_3/short;УР 9М133ФМ;
152mm_9m133;ПТУР 9М133;
weapons/152mm_9m133/short;ПТУР 9М133;
152mm_9m123;ПТУР 9М123;
weapons/152mm_9m123/short;ПТУР 9М123;
152mm_9m123f;УР 9М123Ф;
weapons/152mm_9m123f/short;УР 9М123Ф;
130mm_starstreak_hvm;Starstreak HVM;
136mm_k3s_hot;HOT;
150mm_k3s_hot_2;HOT-2;
130mm_9m114;ПТУР 9М114 «Штурм»;
130mm_9m120;ПТУР 9М120 «Атака»;
130mm_9m120f_1;УР 9М120Ф-1 «Атака-Ф1»;
weapons/130mm_9m120f_1/short;УР 9М120Ф-1;
130mm_9m220o;ЗУР 9М220O;
152mm_3c1;3C1;
weapons/152mm_3c1/short;3C1;
weapons/130mm_9m220o/short;ЗУР 9М220O;
152mm_mim14;MIM-146;
180mm_3m7;ПТУР 3М7 (ТКБ-574);
120mm_9m37m;ЗУР 9М37М;
weapons/120mm_9m37m/short;ЗУР 9М37М;
152mm_zur_9m311;ЗУР 9М311;
152mm_zur_9m311_1m;ЗУР 9М311-1М;
164mm_robot_52;Robot 52;
164mm_lfk_ss_11;LFK SS.11;
164mm_lfk_ss_11b;LFK SS.11B;
250kg_tt;TT-250;
152mm_wgr_41;Wurfgranate 41;
152mm_rp_3;Rocket Projectile, 3”, 60 lb, HE/SAP;
114mm_m8;Rocket, HE, 4.5”, M8;
82mm_m_8;М-8;
120mm_type64;64式対戦車誘導弾;
weapons/120mm_type64/short;ATM-1;
weapons/uk_25lb_ap_mk1;Rocket Projectile, 3”, 25 lb Shot, AP, Mk. I;
weapons/uk_25lb_ap_mk1_1;Rocket Projectile, 3”, 25 lb Shot, AP, Mk. I;
weapons/uk_25lb_ap_mk1_1/short;Rocket Projectile, 3”, 25 lb Shot, AP, Mk. I;
weapons/uk_25lb_ap_mk1_2;Rocket Projectile, 3”, 25 lb Shot, AP, Mk. I;
weapons/uk_25lb_ap_mk1_3;Rocket Projectile, 3”, 25 lb Shot, AP, Mk. I;
weapons/uk_25lb_ap_mk1_4a;Rocket Projectile, 3”, 25 lb Shot, AP, Mk. I;
weapons/uk_25lb_ap_mk1_4b;Rocket Projectile, 3”, 25 lb Shot, AP, Mk. II;
weapons/uk_25lb_ap_mk2;RP-3, AP Mk. II;
weapons/uk_25lb_ap_mk2_late/short;Rocket Projectile, 3”, 25 lb Shot, AP, Mk. II;
weapons/uk_25lb_ap_mk2_late;Rocket Projectile, 3”, 25 lb Shot, AP, Mk. II;
weapons/uk_25lb_ap_mk2_2;Rocket Projectile, 3”, 25 lb Shot, AP, Mk. II;
weapons/uk_25lb_ap_mk2_3;Rocket Projectile, 3”, 25 lb Shot, AP, Mk. II;
weapons/uk_25lb_ap_mk2_4a;Rocket Projectile, 3”, 25 lb Shot, AP, Mk. II;
weapons/uk_25lb_ap_mk2_4b;RP-3, AP Mk. I;
weapons/uk_25lb_ap_mk1/short;RP-3, AP Mk. I;
weapons/uk_25lb_ap_mk1_2/short;RP-3, AP Mk. I;
weapons/uk_25lb_ap_mk1_3/short;RP-3, AP Mk. I;
weapons/uk_25lb_ap_mk1_4a/short;RP-3, AP Mk. I;
weapons/uk_25lb_ap_mk1_4b/short;RP-3, AP Mk. I;
weapons/uk_25lb_ap_mk2/short;RP-3, AP Mk. II;
weapons/uk_25lb_ap_mk2_2/short;RP-3, AP Mk. II;
weapons/uk_25lb_ap_mk2_3/short;RP-3, AP Mk. II;
weapons/uk_25lb_ap_mk2_4a/short;RP-3, AP Mk. II;
weapons/uk_25lb_ap_mk2_4b/short;RP-3, AP Mk. II;
105mm_t13;T13;
weapons/uk_25lb_ap_mk1_4a_default;Rocket Projectile, 3”, 25 lb Shot, AP, Mk. I;
weapons/uk_25lb_ap_mk1_4a_default/short;RP-3, AP Mk. I;
weapons/115mm_U5TS_user_cannon;115-мм танковая пушка У-5ТС (2A20);
weapons/100mm_2A48_user_cannon;100-мм танковая пушка Д-33 (2A48-1);
weapons/37mm_2A11_user_cannon;37-мм автоматическая зенитная пушка 2A11;
weapons/125mm_KBA_3_user_cannon;125-мм танкова гармата КБА-3
weapons/7_62mm_KT_user_machinegun;7,62-мм кулемет КТ-7,62
weapons/12_7mm_KT_user_cannon;12,7-мм кулемет КТ-12,7
weapons/125mm_2A75_user_cannon;125-мм самоходная пушка 2A75;
weapons/125mm_2A75_M_user_cannon;125-мм самоходная пушка 2A75-1
weapons/5_8mm_QJT_user_machinegun;QJT式5.8毫米并列机枪;
weapons/14_5mm_QJG02_user_machinegun;QJG02式14.5毫米高射机枪;
weapons/125mm_ZPT_98_user_cannon;ZPT98式125毫米坦克炮;
weapons/125mm_Type_99A_user_cannon;ZPT98A式125毫米坦克炮;
weapons/125mm_l54_cn_user_cannon;54口径125毫米坦克炮;
115mm_3bk_4;3БK4;
115mm_3bm4;3БМ4;
115mm_3of_11;3OФ11;
115mm_3bm3;3БМ3;
weapons/150mm_sIG_33_user_cannon;15 cm schweres Infanteriegeschütz 33 (L/11);
weapons/150mm_StuH_43_user_cannon;15 cm Sturmhaubitze 43/1 (L/12);
150mm_jgr_38;Infanteriegranate 38;
150mm_jgr_39;Infanteriegranate 39 Hohladung Ausf. A;
37mm_mgr_18;Minengeschoßgranate 18;
weapons/105mm_M68_M60A1_user_cannon;Cannon, 105-mm Gun: M68;
105mm_m728;APDS-T, M728;
weapons/35mm_Oerlikon_KDE_user_cannon;35 mm Oerlikon KDA;
weapons/35mm_Oerlikon_us_xm246_user_cannon;35 mm Oerlikon KDA
weapons/35mm_Oerlikon_KDA_marksman_user_cannon;35 mm Oerlikon KDA;
weapons/35mm_Oerlikon_KDA_user_cannon;35 mm Oerlikon KDA;
35_228mm_he_i_t;DM 11A1;
35_228mm_he_i_t_belt;DM 11A1;
35_228mm_apds_t;DM 23;
35_228mm_apds_t_belt;DM 23;
35_228mm_aphe_i;DM 13;
weapons/20mm_Fucile_Controcarri_S_user_cannon;Fucile Controcarri Tipo S da 20 mm Mod. 39;
weapons/20mm_Breda_20_65_M35_user_cannon;Cannone-Mitragliera Breda da 20/65 Mod. 35;
weapons/20mm_Scotti_Isotta_20_70_M41_user_cannon;Cannone-Mitragliera Scotti-Isotta Fraschini da 20/70 Mod. 41;
weapons/20mm_Breda_M35_L6_user_cannon;Cannone-Mitragliera Breda da 20/65 Mod. 35;
weapons/7_62mm_Beretta_MG42_59_user_machinegun;7,62 mm Mitragliatrice Beretta MG 42/59;
weapons/7_62mm_Beretta_MG42_59_600_user_machinegun;7,62 mm Mitragliatrice Beretta MG 42/59;
20mm_granata_m35;Granata Mod. 35;
20mm_perforante_m35;Perforante Mod. 35;
20mm_perforante_m35_belt;Perforante Mod. 35;
weapons/8mm_Breda_Mod37_user_machinegun;Mitragliatrice Breda da 8 mm Mod. 37;
weapons/125mm_2A46M_user_cannon;125-мм танковая пушка 2A46;
weapons/105mm_M68_Magach_user_cannon;Cannon, 105-mm Gun: M68;
weapons/105mm_M_51_user_cannon;Canon de 105 mm D.1508;
weapons/105mm_L7_Shot_user_cannon;Ordnance, QF, 105-mm, Tk, L7A1;
105mm_imi_m156;M156;
105mm_imi_m152;M152;
weapons/37mm_Vickers_Terni_37_40_M18_user_cannon;Cannone Vickers-Terni da 37/40 Mod. 18;
37mm_perforante;Granata Perforante da 37;
weapons/20mm_Oerlikon_KAD_B17_user_cannon;20 mm Oerlikon KAD;
20mm_Oerlikon_AP/name;AP;
20mm_Oerlikon_AP/name/short;AP;
20mm_Oerlikon_HE/name;HE;
20mm_Oerlikon_HE/name/short;HE;
15mm_ger_he/name;Sprengrante 151;
15mm_ger_he/name/short;Sprengranate 151;
15mm_ger_ap/name;Panzergranate 151;
15mm_ger_ap/name/short;Panzergranate 151;
15mm_ger_apcr/name;H-Panzergranate 151;
15mm_ger_apcr/name/short;H-Panzergranate 151;
20mm_m594;HEI-T, M599
20mm_m599;HEI-T, M599;
20mm_m601;API-T, M601;
weapons/25mm_Oerlikon_KBA_Dardo_user_cannon;25 mm Oerlikon KBA B02;
weapons/25mm_Oerlikon_KBA_Freccia_user_cannon;25 mm Oerlikon KBA B02;
weapons/25mm_Oerlikon_KBA_user_cannon;25 mm Oerlikon KBA;
weapons/25mm_cn25_m811_user_cannon;Canon-Mitrailleur de 25 mm
weapons/25mm_LW25_user_cannon;Lightweight 25 mm Bushmaster Chain Gun;
weapons/20mm_m139_user_cannon;Gun, 20-mm, Automatic: M139;
weapons/25mm_M242_user_cannon;Gun, 25-mm, Automatic: M242;
weapons/25mm_M242_desert_warrior_user_cannon;25 mm Bushmaster Chain Gun;
weapons/25mm_M242_HR_user_cannon;Gun, 25-mm, Automatic: M242;
25mm_m792;HEI-T, M792;
25mm_m791;APDS-T, M791;
76mm_m464;APFSDS-T, M464;
weapons/76mm_M32K1_user_cannon;M32K1型76mm口徑線膛炮;
weapons/155mm_Bkan_user_cannon;15,5 cm kan m/60;
155mm_sgr_m60;sgr m/60;
weapons/60mm_OTO_HVG_user_cannon;Canonne OTO-Melara da 60/70 HVMS;
weapons/60mm_OTO_HVG_Hitfist_user_cannon;Cannone OTO-Melara da 60/70 HVMS;
60mm_m300;APFSDS, M300;
60mm_oto_he;OTO HE;
60mm_oto_he_vt;OTO HE-VT;
weapons/120mm_OTO_Melara_120_45_MGS_user_cannon;Cannone OTO-Melara da 120/45;
weapons/105mm_L7A3_Radpanzer_user_cannon;Bordkanone 105 mm, L7 A3;
weapons/105mm_OTO_Melara_user_cannon;Cannone OTO-Melara da 105/52;
weapons/105mm_OTO_Melara_Mk_2_user_cannon;Cannone OTO-Melara da 105/52;
weapons/105mm_OTO_Melara_ROMOR_user_cannon;Cannone OTO-Melara da 105/52;
weapons/105mm_105_55_OTO_Melara_user_cannon;Cannone OTO-Melara da 105/55;
weapons/76mm_OTO_Breda_76_62_user_cannon;Cannone OTO-Melara da 76/62;
76mm_he_mom;HE-MOM;
76mm_he_mom_vt;HE-MOM VT;
76mm_sapom_sap;SAP-OM SAP;
76mm_oto_apfsds;APFSDS;
weapons/75mm_OTO_75_43_M40_user_cannon;Cannone Ansaldo da 75/46 CA Mod. 40;
gr_perforante_mod_39;Granata Perforante Mod. 39;
granata_mod_34;Granata Mod. 34;
weapons/75mm_Ansaldo_75_34_M39_user_cannon;Cannone Ansaldo da 75/34 Mod. 39;
weapons/75mm_Ansaldo_75_18_M34_user_cannon;Obice Ansaldo da 75/18 Mod. 34;
75mm_gr_perforante_75;Granata Perforante da 75;
75mm_m32;Granata Mod. 32;
75mm_gr_perforante_75_32;Granata Perforante Mod. 32;
75mm_m42_eps;Effeto Pronto Mod. 42;
75mm_eps_m42;Effeto Pronto Mod. 42;
75mm_gr_fumogena;Granata Fumogena;
weapons/75mm_Ansaldo_75_32_M37_user_cannon;Cannone Ansaldo da 75/32 Mod. 37;
weapons/47mm_Ansaldo_47_32_M35_user_cannon;Cannone Ansaldo da 47/32 Mod. 35;
weapons/47mm_Ansaldo_47_32_M39_user_cannon;Cannone Ansaldo da 47/32 Mod. 39;
47mm_m35_he;Granata Mod. 35;
47mm_m35_ap;Granata Perforante Mod. 35;
47mm_m39_apc;Granata Perforante Mod. 39;
weapons/47mm_Ansaldo_47_40_M38_user_cannon;Cannone Ansaldo da 47/40 Mod. 38;
weapons/90mm_90_53_mod41_user_cannon;Cannone Ansaldo 90/53 Mod. 41;
90mm_gr_90;Granata da 90;
90mm_gr_perforante;Granata Perforante da 90;
90mm_gr_perforante_m43;Granata Perforante Mod. 43;
90mm_gr_ca;Granata Esplosiva Mod. 36R;
weapons/106mm_106_SR_user_cannon;Cannone Senza Rinculo da 106 mm M40A1;
weapons/106mm_M40A1_LGS_user_cannon;105 mm Leichtgeschütz M 40 A1;
weapons/105mm_type_75_user_cannon;1975年式105毫米无后坐力炮
105mm_type_75_heat;1975年式105毫米无后坐力炮有环尾翼破甲弾
105mm_type_75_hesh;HESH
weapons/12_7mm_type_77_user_machinegun;1977年式12.7毫米高射机枪
weapons/20mm_MK_20_1_user_cannon;Maschinenkanone 20;
weapons/90mm_Cockerill_Mk_3_user_cannon;Cannone Cockerill Mk. III da 90/38;
90mm_m625a1;M625A1;
90mm_m652a1;M652A1;
90mm_m620a1;M620A1;
90mm_m618a1;M168A1;
weapons/100mm_Mod_1914_100_17_user_cannon;Obice Škoda da 100/17 Mod. 1914;
100mm_gr_mod32;Granata Mod. 32
100mm_gr_mod914;Granata Mod. 14;
100mm_ep;Effeto Pronto;
weapons/105mm_Ansaldo_105_25_user_cannon;Cannone Ansaldo da 105/25;
105mm_gr_perforante;Granata Perforante da 105;
105mm_ep_m43;Effeto Pronto Mod. 43;
weapons/20mm_M168_user_cannon;Cannon, 20-mm Gun: M168;
20mm_m52a1;API-T, M52A1;
20mm_m53;API, M53;
20mm_m56a3;HEI, M56A3;
20mm_m242a1;HEI, M242A1;
20mm_m246a1;HEI-T, SD, M246A1;
weapons/47mm_OQF_3pdr_user_cannon;Ordnance, Q.F., 3-pr 2-cwt, Mk. II;
47mm_aphe;Shell Mk. I;
weapons/88mm_Flak37_user_cannon;8,8 cm-Flugabwehrkanone 37 (L/56);
88mm_pzgr;Panzergranate;
weapons/12_7mm_DShK_GAZ_user_machinegun;12,7-мм пулемёт oбр. 1938 г. (ДШК);
weapons/23mm_2A7_user_cannon;23-мм автоматическая зенитная пушка 2А7;
weapons/23mm_2A14_user_cannon;23-мм автоматическая зенитная пушка 2А14;
23mm_apit;БЗТ;
23mm_heit;ОФЗТ;
30mm_vog_30;ВОГ-30;
23mm_hei;HEI
20mm_shvak_api;API
20mm_shvak_apit;API-T
20mm_shvak_frag;FI
20mm_shvak_frag_t;FI-T
weapons/30mm_AG_30_user_cannon;30-мм автоматический гранатомёт АГС-30 (6Г25);
weapons/152mm_9M133_launcher_user_cannon;ПУ 9М133 для «Бережок»;
weapons/152mm_9M123_launcher_user_cannon;ПУ 9М123 для «Хризантема»;
weapons/120mm_9m37m_rocket_launcher;ПУ 9М37М для «Стрела-10М2»;
weapons/120mm_9m37m_rocket_launcher/short;ПУ 9М37М для «Стрела-10М2»;
weapons/152mm_9M311_1M_rocket_launcher;ПУ 9М311-1М для «Тунгуска-М1»;
weapons/152mm_9M311_1M_rocket_launcher/short;ПУ 9М311-1М для «Тунгуска-М1»;
weapons/152mm_9M311_rocket_launcher;ПУ 9М311 для «Тунгуска»;
weapons/152mm_9M311_rocket_launcher/short;ПУ 9М311 для «Тунгуска»;
weapons/152mm_9M311/short;ЗУР 9М311;
weapons/152mm_zur_9m311_1m/short;ЗУР 9М311-1М;
weapons/170mm_bae_swingfire_rocket_launcher;Swingfire;
weapons/170mm_bae_swingfire_rocket_launcher/short;Swingfire;
weapons/170mm_bae_swingfire/short;Swingfire;
weapons/170mm_bae_swingfire_fv102_rocket_launcher;Swingfire;
weapons/170mm_bae_swingfire_fv102_rocket_launcher/short;Swingfire;
170mm_bae_swingfire;Swingfire;
weapons/90mm_M54_user_cannon;Cannon, 90-mm Gun: M54;
weapons/cannonMG15120_turret;20 mm-Flugzeugmaschinengewehr 151/20;
weapons/57mm_43_6pdr_7cwt_qf_mk2a_naval_user_cannon;Ordnance, Q.F., 6-pr 7-cwt, Mk. IIA;
weapons/37mm_83_skc30_naval_user_cannon;3,7 cm-Schnellladekanone C/30;
weapons/85mm_55_zis_s53_naval_user_cannon;85-мм танковая пушка обр. 1944 г. (ЗиС-С-53);
weapons/7_7mm_mg_lewis_naval_user_machinegun;.303” Machine Gun, Lewis Mk. III;
weapons/7_7mm_mg_lewis_user_machinegun;.303” Machine Gun, Lewis Mk. I;
45mm_br_240_ap;53-БР-240;
weapons/127mm_5in_mk50_naval_rocket_launcher;5” Rocket Mk 7 Mod 0;
weapons/127mm_5in_mk50_naval_rocket_launcher/short;5” Мk 7 Mod 0;
weapons/cannonType88;八八式七糎半野戦高射砲;
weapons/76mm_40_type_88_naval_user_cannon;四十口径三年式八糎高角砲;
weapons/76mm_40_type_88_aa_naval_user_cannon;四十口径三年式八糎高角砲;
76mm_type0_navy_he;〇式榴弾;
76mm_type0_navy_he_dist_fuse;〇式榴弾;
weapons/cannonBredaModel39;Cannone Breda 37/45 mod. 39;
weapons/cannonBredaModel39/short;37/45 mod. 39;
weapons/cannonGIAT_type_30_M781;30 mm GIAT M781;
weapons/cannonGIAT_type_30_M781/short;M781;
weapons/cannonDEFA541;30 mm DEFA 541;
weapons/cannonDEFA551;30 mm DEFA 551;
weapons/cannonDEFA552;30 mm DEFA 552;
weapons/cannonDEFA552A;30 mm DEFA 552A;
weapons/cannonDEFA552A_switzerland;30 mm Flugzeug-Kanone 65
weapons/cannonDEFA552A_switzerland/short;30 mm Flz.Kan. 65
weapons/cannonDEFA553;30 mm DEFA 553;
weapons/cannonDEFA553_gunpod;30 mm DEFA 553;
weapons/cannonDEFA553_gunpod/short;DEFA 553;
weapons/cannonDEFA554;30 mm DEFA 554;
weapons/cannonDEFA554/short;30 mm DEFA 554;
weapons/cannonDEFA554_gunpod;30 mm DEFA 554;
weapons/cannonDEFA554_gunpod/short;DEFA 554;
weapons/cannonM50;Gun, 20-mm, Automatic: M50;
weapons/gunMle33;7,5 mm Mitrailleuse Darne modèle 1933;
weapons/gunMle33_turret;7,5 mm Mitrailleuse Darne modèle 1933;
weapons/depth_charge_mk_9_mortar;Depth Charge Mk 9 Mod 0;
weapons/depth_charge_mk_9_mortar/short;Mk 9 Mod 0;
weapons/depth_charge_mk_9;Depth Charge Mk 9 Mod 0;
weapons/depth_charge_mk_9/short;Mk 9 Mod 0;
weapons/depth_charge_de_wbf;Wasserbombe WBF;
weapons/depth_charge_de_wbf/short;WBF;
weapons/de_533_g7e_t5a_torpedo;533 mm G7e TVa
weapons/de_533_g7e_t5a_torpedo/short;G7e TVa
weapons/88mm_56_flak36_naval_user_cannon;8,8 cm-Flugabwehrkanone 36 (L/56);
weapons/76mm_62_oto_melara_sr_naval_user_cannon;Cannone OTO-Melara da 76/62 SR;
weapons/76mm_62_oto_melara_compact_naval_user_cannon;Cannone OTO-Melara da 76/62 C;
weapons/depth_charge_de_wbg;Wasserbombe WBG;
76mm_dm261;DM 261;
76mm_dm251;DM 251;
76mm_mk29;Mk 29 Mod 0;
76mm_hc_mk27;HC Mk 27 Mod 1;
76mm_mk31;AA-VT Mk 31 Mod 1;
76mm_m78;ASP M78;
weapons/76mm_3_50_mk10_naval_user_cannon;3”/50 Caliber Dual Purpose Gun Mk 10 Mod 0;
weapons/76mm_50cal_mk34_naval_user_cannon;3”/50 Caliber Dual Purpose Gun Mk 22 Mod 0;
weapons/us_450mm_mk7_torpedo;18” Torpedo Mk 7 Mod 0;
weapons/us_450mm_mk7_torpedo/short;Mk 7 Mod 0;
weapons/130mm_M65_user_cannon;130-мм танковая пушка М-65;
weapons/130mm_C70_user_cannon;130-мм танковая пушка C-70;
weapons/7_62mm_RP46_user_machinegun;7,62-мм ротный пулемёт обр.1946 г. (РП-46);
weapons/35mm_PG_99_35_2_user_cannon;PG99式双管35毫米高射机关炮;
35mm_dkp_01a;DM 11 A1;
35mm_dkg_01a;DKG01A/PG99-35-2;
weapons/105mm_FMK4_Modelo_1L_2IP_user_cannon;105 mm Fabricaciones Militares K.4 Modelo 1L;
weapons/105mm_FMK4_Modelo_1L_2C_user_cannon;105 mm Fabricaciones Militares K.4 Modelo 1L;
weapons/105mm_FMK4_Modelo_1L_user_cannon;105 mm Fabricaciones Militares K.4 Modelo 1L;
weapons/7_62mm_C6_user_machinegun;Machine Gun, Caliber 7.62 mm, C6A1 FLEX;
weapons/7_62mm_FN_MAG60_40_user_machinegun;7,62 mm FN MAG 60-40;
weapons/7_62mm_FN_MAG60_40_namer_user_machinegun;7,62 mm FN MAG 60-40;
weapons/40mm_L70_Bofors_mk3_user_cannon;Cannon, 40-mm Gun, M266;
weapons/20mm_m693_amx_10_user_cannon;Canon-Mitrailleur de 20 mm modèle F2;
weapons/20mm_M_693_marder_clovis_user_cannon;Canon-Mitrailleur de 20 mm modèle F2;
100mm_9m_117;ПТУР 9М117 «Кастет»;
100mm_9m_117m1;ПТУР 9М117М1 «Аркан»;
105mm_falaric;Falarick 105;
weapons/105mm_falaric/short;Falarick 105;
weapons/40mm_M266_user_cannon;Gun, 40-mm, Automatic: M266;
40mm_m811;SAPHEI;
40mm_m811_fuze_delay;HEI, M811;
40mm_m822;HE, M822 (M766);
105mm_t298e1;HEAT-T, T298E1;
105mm_t182e1;APC-T, T182E1;
105mm_t279;HVAPDS-T, T279;
105mm_m111;M111;
weapons/30mm_L21A1_RARDEN_user_cannon;Ordnance, 30-mm Gun, L21A1 (RARDEN);
weapons/7_62mm_L94A1_user_machinegun;Machine Gun, Chain, 7.62 mm, Long, L94A1;
weapons/7_62mm_Mk52_user_machinegun;Machine Gun, 7.62-mm, Mk 52;
weapons/30mm_2A38_user_cannon;30-мм автоматическая зенитная пушка 2А38;
weapons/30mm_2A38M_user_cannon;30-мм автоматическая зенитная пушка 2А38М;
weapons/30mm_2A38M1_user_cannon;30-мм автоматическая зенитная пушка 2А38М1;
weapons/30mm_2A42_user_cannon;30-мм автоматическая пушка 2А42;
weapons/30mm_2a42_md_user_cannon;30-mm konetykkiin 2A42
weapons/30mm_2A72_user_cannon;30-мм автоматическая пушка 2А72;
weapons/30mm_2A72_BTR_user_cannon;30-мм автоматическая пушка 2А72;
30mm_china_API;AP-T
30mm_china_HE;HEI
30mm_china_PTFP;CS/BAE05
30mm_UBR6;3УБР6;
30mm_UOF8;3УОФ8;
30mm_UOR6;3УОР6;
30mm_3UBR8;3УБР8;
30mm_3ubr_11;3УБР11;
30mm_he_tf;HE-TF
35mm_pmc343;PMC343;
weapons/cannonGI_2;20 mm GI2;
weapons/cannonM197;Gun, 25-mm, Automatic: M197;
weapons/cannonM197_external;Gun, 25-mm, Automatic: M197;
weapons/cannonTM197B;20 mm TM197B;
weapons/gunA_12_7;12,7-мм авиационный пулемёт A-12,7 (ТКБ-481);
weapons/gunYaK_B;12,7-мм авиационный пулемёт Яk-Б-12,7 (ТКБ-063);
weapons/gunYaK_B/short;Яk-Б-12,7;
weapons/gunYaK_B_guv;12,7-мм авиационный пулемёт Яk-Б-12,7 (ТКБ-063);
weapons/gunYaK_B_guv/short;Яk-Б-12,7;
weapons/gunKord;12,7-мм пулемёт Корд-T (6П51);
weapons/gunKord/short;Корд-Т
weapons/gun_pkt;7,62-мм бронетранспортёрный пулемёт ПКМБ (6П10М);
weapons/gun_pkt/short;ПКМБ;
weapons/gun_pk3;7,62-мм пулемёт ПК (6П6);
weapons/gun_pk3/short;PK
weapons/gunTkb_481;12,7-мм авиационный пулемёт А-12,7 (ТКБ-481);
weapons/gunTkb_481/short;А-12,7;
weapons/su_9M17M;Противотанковая управляемая ракета 9М17М;
weapons/su_9M17M/short;ПТУР 9М17М;
weapons/su_9m17m_default;Противотанковая управляемая ракета 9М17М;
weapons/su_9m17m_default/short;ПТУР 9М17М;
weapons/su_9M17P;Противотанковая управляемая ракета 9М17П;
weapons/su_9M17P/short;ПТУР 9М17П;
weapons/su_s_8kom_rocket;Неуправляемая авиационная ракета С-8KOМ;
weapons/fr_sneb_37;SNEB 37;
weapons/fr_sneb_37/short;SNEB 37;
weapons/fr_sneb_type23_4fin;SNEB Type 23;
weapons/fr_sneb_type23_4fin/short;SNEB Type 23;
weapons/us_127mm_TOW2;BGM-71D TOW 2;
weapons/us_127mm_TOW2/short;BGM-71D;
weapons/us_127mm_TOW;BGM-71C ITOW;
weapons/us_127mm_TOW/short;BGM-71C;
weapons/us_bgm_71_tow_heli;BGM-71C ITOW;
weapons/us_bgm_71_tow_heli/short;BGM-71C;
weapons/us_bgm_71_tow_heli_default;BGM-71C ITOW;
weapons/us_bgm_71_tow_heli_default/short;BGM-71C;
weapons/us_bgm_71_tow2_heli;BGM-71D TOW 2;
weapons/us_bgm_71_tow2_heli/short;BGM-71D;
weapons/us_bgm_71_tow2_heli_default;BGM-71D TOW 2;
weapons/us_bgm_71_tow2_heli_default/short;BGM-71D;
weapons/euro_hot;HOT-1;
weapons/euro_hot/short;HOT-1;
weapons/euro_hot_default;HOT-1;
weapons/euro_hot_default/short;HOT-1;
weapons/euro_hot2;HOT-2;
weapons/euro_hot2/short;HOT-2;
weapons/su_9M114;Противотанковая управляемая ракета 9М114 «Штурм»;
weapons/su_9M114/short;ПТУР 9М114 «Штурм»;
weapons/su_9M114_default;Противотанковая управляемая ракета 9М114 «Штурм»;
weapons/su_9M114_default/short;ПТУР 9М114 «Штурм»;
weapons/fr_ss_11;AS.11;
weapons/fr_ss_11/short;AS.11;
weapons/fr_ss_12;AS.12;
weapons/fr_ss_12/short;AS.12;
weapons/swd_rb55c;Robot 55C;
weapons/swd_rb55c/short;Rb 55C;
weapons/swd_rb55b;Robot 55B;
weapons/swd_rb55b/short;Rb 55B;
weapons/swd_rb53;Robot 53;
weapons/swd_rb53/short;Rb 53;
weapons/swd_rb52;Robot 52;
weapons/swd_rb52/short;Rb 52
weapons/ro_ba_100kg_bomb_45;BA-100
weapons/ro_ba_100kg_bomb_45/short;BA-100
weapons/ro_ba_250kg_bomb_45;BA-250
weapons/ro_ba_250kg_bomb_45/short;BA-250
weapons/ro_ba_500kg_bomb_45;BA-500
weapons/ro_ba_500kg_bomb_45/short;BA-500
weapons/ro_be_50kg_bomb_45;BE-50
weapons/ro_be_50kg_bomb_45/short;BE-50
weapons/ro_540l_iar_93_drop_tank;540 L Rezervoare Suplimentare
weapons/ro_540l_iar_93_drop_tank/short;Rezervoare Suplimentare
weapons/ro_prn_122_rocket;PRN-122
weapons/ro_prn_122_rocket/short;PRN-122
weapons/ro_a91;A-91
weapons/ro_a91/short;A-91
weapons/ro_a91_default;A-91
weapons/ro_a91_default/short;A-91
weapons/us_2_75_in_wafar_hydra;Rocket, High-Explosive Dual Purpose, 2.75” w/ Warhead, M247 (Rocket Motor Mk 66 Mod 1);
weapons/us_2_75_in_wafar_hydra/short;2.75” HE-DP (M247 | Mk 66);
weapons/us_hydra_70_m247;Rocket, High-Explosive Dual Purpose, 2.75” w/ Warhead, M247 (Rocket Motor Mk 66 Mod 1);
weapons/us_hydra_70_m247/short;2.75” HE-DP (M247 | Mk 66);
weapons/us_hydra_70_m247_default;Rocket, High-Explosive Dual Purpose, 2.75” w/ Warhead, M247 (Rocket Motor Mk 66 Mod 1);
weapons/us_hydra_70_m247_default/short;2.75” HE-DP (M247 | Mk 66);
weapons/br_skyfire_70_he_m2;Avibrás-Skyfire-70 (Avibrás Cabeça-Anticarro/Antipessoal)
weapons/br_skyfire_70_he_m2/short;AV-SF-70 (AC/AP);
weapons/uk_CRV7_m247;Canadian Rocket, Vehicle 7;
weapons/uk_CRV7_m247/short;CRV-7;
weapons/tr_cirit_mpw_missile;Cirit;
weapons/tr_cirit_mpw_missile/short;Cirit;
weapons/us_apkws_m151;AGR-20A Advanced Precision Kill Weapon System;
weapons/us_apkws_m151/short;AGR-20A;
weapons/us_apkws_m282;AGR-20B Advanced Precision Kill Weapon System;
weapons/us_apkws_m282/short;AGR-20B;
weapons/cn_fire_snake_90a_brm1;Fire Snake 90A Guided Aerial Rocket;
weapons/cn_fire_snake_90a_brm1/short;FS90A;
weapons/cn_fire_snake_70a;Fire Snake 70A Guided Aerial Rocket
weapons/cn_fire_snake_70a/short;FS70A
weapons/il_gatr;Guided Advanced Tactical Rocket;
weapons/il_gatr/short;GATR;
weapons/spike_er;Spike-ER;
weapons/spike_er/short;Spike-ER;
weapons/tr_l_umtas_missile;Lazer - Uzun Menzilli Tanksavar Sistemi;
weapons/tr_l_umtas_missile/short;L-UMTAS;
weapons/cannonGSh_23L_upk_23_250_deafult;23-мм авиационная пушка ГШ-23Л;
weapons/cannonGSh_23L_upk_23_250;23-мм авиационная пушка ГШ-23Л;
weapons/cannonGSh_23L;23-мм авиационная пушка ГШ-23Л;
weapons/cannonType_23_3;23毫米3型航空机关炮
weapons/cannonXM140;Gun, 30-mm, Automatic: XM140;
weapons/cannonXM301;Gun, 20-mm, Automatic: XM301;
weapons/cannonGSh_30_2K;30-мм авиационная пушка ГШ-30-2K;
weapons/cannonGSh_30_2;30-мм авиационная пушка ГШ-30-2;
weapons/cannonGSh_6_30;30-мм авиационная пушка ГШ-6-30;
weapons/cannonGSh_6_30/short;ГШ-6-30;
weapons/cannonGSh_301;30-мм авиационная пушка ГШ-30-1;
weapons/cannonGSh_301/short;ГШ-30-1;
weapons/cannonType_30_4;30-4型航空机炮
weapons/cannonType_30_4/short;30-4型
weapons/cannonGSh_6_23M;23-мм авиационная пушка ГШ-6-23М;
weapons/cannonGSh_6_23M/short;ГШ-6-23М;
weapons/cannonM195;Gun, 20-mm, Automatic: M195;
weapons/cannonOerliconKAD_B;20 mm Oerlikon KAD-B;
weapons/cannonOerliconKAD_B/short;KAD-B;
weapons/cannonJM61A1;Gun, 20-mm, Automatic: JM61A1;
weapons/cannonJM61A1_pgu_28;Gun, 20-mm, Automatic: JM61A1;
weapons/cannonM61A1_low_rpm;Gun, 20-mm, Automatic: M61A1
weapons/cannonM61A1_low_rpm/short;M61A1
weapons/cannonJM61A2;Gun, 20-mm, Automatic: JM61A2
weapons/cannonJM61A2/short;JM61A2
weapons/cannonM61;Gun, 20-mm, Automatic: M61;
weapons/cannonM61/short;M61;
weapons/cannonM61A1;Gun, 20-mm, Automatic: M61A1;
weapons/cannonM61A1/short;M61A1;
weapons/cannonM61A2;Gun, 20-mm, Automatic: M61A2
weapons/cannonM61A2/short;M61A2
weapons/cannonM61A2_switzerland;20 mm Flugzeug-Kanone 92
weapons/cannonM61A2_switzerland/short;Flz.Kan. 92
weapons/cannonM61A1_default;Gun, 20-mm, Automatic: M61A1;
weapons/cannonM61A1_default/short;M61A1;
weapons/cannonM61A1_pgu_28;Gun, 20-mm, Automatic: M61A1;
weapons/cannonM61A1_pgu_28/short;M61A1;
weapons/cannonM61A1_pgu_28_f15;Gun, 20-mm, Automatic: M61A1;
weapons/cannonM61A1_pgu_28_f15/short;M61A1
weapons/cannonGAU4;Gun, Automatic, 20-mm: GAU-4/A;
weapons/cannonGAU4/short;GAU-4/A;
weapons/cannonJGAU4;Gun, Automatic, 20-mm: JGAU-4/A;
weapons/cannonJGAU4/short;JGAU-4/A;
weapons/cannonGAU4_default;Gun, Automatic, 20-mm: GAU-4/A;
weapons/cannonGAU4_default/short;GAU-4/A;
weapons/cannonLR30;30 mm LR30;
weapons/cannonLR30/short;LR30;
weapons/cannonGAU_13A;Gun, Automatic, 30-mm: GAU-13/A;
weapons/cannonGAU_13A/short;GAU-13/A;
weapons/gunGAU_19;Gun, Automatic, 7.62-mm: GAU-19/A;
weapons/gunGAU_19/short;GAU-19/A;
weapons/cannonGAU_12U;Gun, Automatic, 25-mm: GAU-12/U;
weapons/cannonGAU_12U/short;GAU-12/U;
weapons/cannonGAU_8A;Gun, Automatic, 30-mm: GAU-8/A;
weapons/cannonGAU_8A/short;GAU-8/A;
weapons/cannonHughesMk11Mod0;20 mm Cannon Mk 11 Mod 0;
weapons/cannonHughesMk11Mod0/short;Mk 11 Mod 0;
weapons/cannonMK11_mod5;20 mm Cannon Mk 11 Mod 5;
weapons/cannonMK11_mod5/short;Mk 11 Mod 5;
weapons/cannonNR30;30-мм авиационная пушка НР-30;
weapons/cannonNR30_early;30-мм авиационная пушка НР-30;
weapons/cannonNR30_early/short;НР-30;
weapons/cannonType30_1;30毫米1型航空机关炮
weapons/cannonType30_1/short;30-1型
weapons/cannon2A42;30-мм автоматическая пушка 2А42;
weapons/cannon2A42/short;2А42;
weapons/gunGShG;7,62-мм авиационная пушка ГШГ-7,62;
weapons/gunGShG_guv;7,62-мм авиационная пушка ГШГ-7,62;
weapons/gunGShG_guv/short;ГШГ-7,62;
weapons/cn_12_7_additionalpod_gun;QJK99式12.7毫米航空机枪
weapons/cn_12_7_additionalpod_gun/short;QJK99;
weapons/gun_qjk_99_12_7_1;QJK99式12.7毫米航空机枪
weapons/gun_qjk_99_12_7_1/short;QJK99;
weapons/grenade_launcher_M129;Launcher, Grenade: 40-mm, M129;
weapons/gunM134_Minigun;7.62 mm Machine Gun, High-Rate, M134;
weapons/grenade_launcher_M129/short;M129;
weapons/gunM134_Minigun/short;M134;
weapons/gunPKA762;7,62-мм авиационный пулемёт ПКA;
weapons/gunPKA762/short;ПКA;
weapons/gunM134_Minigun_default;7.62 mm Machine Gun, High-Rate, M134;
weapons/gunM134_Minigun_default/short;M134;
weapons/grenade_launcher_M75;Launcher, Grenade: 40-mm, M75;
weapons/grenade_launcher_M75/short;M75;
weapons/su_9M14M;Противотанковая управляемая ракета 9М14М;
weapons/su_9M14M/short;ПТУР 9М14М;
weapons/su_9m14m_default;Противотанковая управляемая ракета 9М14М;
weapons/su_9m14m_default/short;ПТУР 9М14М;
weapons/su_9M14-2;Противотанковая управляемая ракета 9М14-2;
weapons/su_9M14-2/short;ПТУР 9М14-2 «Малютка-2»;
weapons/su_9M120;Противотанковая управляемая ракета 9М120 «Атака»;
weapons/su_9M120/short;ПТУР 9М120 «Атака»;
weapons/su_9M123;Противотанковая управляемая ракета 9М123М «Хризантема-ВМ»;
weapons/su_9M123/short;ПТУР 9М123М;
weapons/su_9M120M;Противотанковая управляемая ракета 9М120-1;
weapons/su_9M120M/short;ПТУР 9М120-1;
weapons/su_9M120M_laser_guided;Противотанковая управляемая ракета 9М120-1;
weapons/su_9M120M_laser_guided/short;ПТУР 9М120-1;
weapons/su_9M120M_laser_guided_default;Противотанковая управляемая ракета 9М120-1;
weapons/su_9M120M_laser_guided_default/short;ПТУР 9М120-1;
weapons/us_AGM_22;AGM-22;
weapons/us_AGM_22/short;AGM-22;
130mm_of_482m;53-OФ-482М;
130mm_br_482b;53-БР-482Б;
130mm_djb_1;DJB2/PL59-130;
130mm_djb_1_smoke;DJF1/PL59A-130;
130mm_djb_1_vt;DJB3/PL59-130;
weapons/130mm_pl_59a_gai_user_cannon;PL59A式130毫米加农炮;
weapons/flare_launcher;Flares;
weapons/flare_launcher/short;Flares;
weapons/flare_launcher_jet;Flares;
weapons/flare_launcher_jet/short;Flares;
flare_launcher;Flares;
weapons/fr_sneb_type23_TDA;SNEB Type 23;
weapons/fr_sneb_type23_TDA/short;SNEB Type 23;
weapons/us_hellfire_agm_114_b;AGM-114B Hellfire;
weapons/us_hellfire_agm_114_b/short;AGM-114B;
weapons/us_hellfire_agm_114_b_default;AGM-114B Hellfire;
weapons/us_hellfire_agm_114_b_default/short;AGM-114B;
weapons/us_hellfire_agm_114_k;AGM-114K Hellfire II;
weapons/us_hellfire_agm_114_k/short;AGM-114K;
weapons/us_hellfire_agm_114_k_default;AGM-114K Hellfire II;
weapons/us_hellfire_agm_114_k_default/short;AGM-114K;
weapons/us_hellfire_agm_114_k_ucav_default;AGM-114K Hellfire II;
weapons/us_hellfire_agm_114_k_ucav_default/short;AGM-114K;
weapons/us_hellfire_agm_114_c;AGM-114C Hellfire;
weapons/us_hellfire_agm_114_c/short;AGM-114C;
weapons/us_agm_179_mr_ir;AGM-179 JAGM-MR (IR)
weapons/us_agm_179_mr_ir/short;AGM-179 (IR)
weapons/us_agm_179_mr_sal;AGM-179 JAGM-MR (SAL)
weapons/us_agm_179_mr_sal/short;AGM-179 (SAL)
weapons/sws_flz_lwf_ll_64;Flugzeug-Lenkwaffe Luft-Luft 64/79
weapons/sws_flz_lwf_ll_64/short;Flz.Lwf. LL 64/79
weapons/us_aim7c_sparrow;AIM-7C Sparrow;
weapons/us_aim7c_sparrow/short;AIM-7C;
weapons/us_aim7d_sparrow;AIM-7D Sparrow;
weapons/us_aim7d_sparrow/short;AIM-7D;
weapons/us_aim7e_sparrow;AIM-7E Sparrow;
weapons/us_aim7e_sparrow/short;AIM-7E;
weapons/us_aim7e2_sparrow;AIM-7E-2 Sparrow;
weapons/us_aim7e2_sparrow/short;AIM-7E-2;
weapons/us_aim7f_sparrow;AIM-7F Sparrow;
weapons/us_aim7f_sparrow/short;AIM-7F;
weapons/us_aim7f_sparrow_default;AIM-7F Sparrow;
weapons/us_aim7f_sparrow_default/short;AIM-7F;
weapons/us_aim7m_sparrow;AIM-7M Sparrow;
weapons/us_aim7m_sparrow/short;AIM-7M;
weapons/us_aim7m_sparrow_default;AIM-7M Sparrow
weapons/us_aim7m_sparrow_default/short;AIM-7M
weapons/us_aim7e2_dogfight_sparrow;AIM-7E-2 Sparrow;
weapons/us_aim7e2_dogfight_sparrow/short;AIM-7E-2;
weapons/us_aim7f_sparrow_f_14;AIM-7F Sparrow;
weapons/us_aim7f_sparrow_f_14/short;AIM-7F;
weapons/us_aim7f_sparrow_fa_18;AIM-7F Sparrow
weapons/us_aim7f_sparrow_fa_18/short;AIM-7F
weapons/us_aim7m_sparrow_f_14;AIM-7M Sparrow;
weapons/us_aim7m_sparrow_f_14/short;AIM-7M;
weapons/us_aim7m_sparrow_f_15;AIM-7M Sparrow;
weapons/us_aim7m_sparrow_f_15/short;AIM-7M;
weapons/us_aim7m_sparrow_f_15_default;AIM-7M Sparrow;
weapons/us_aim7m_sparrow_f_15_default/short;AIM-7M;
weapons/us_aim7m_sparrow_f_16;AIM-7M Sparrow;
weapons/us_aim7m_sparrow_f_16/short;AIM-7M;
weapons/us_aim7m_sparrow_f_16_default;AIM-7M Sparrow;
weapons/us_aim7m_sparrow_f_16_default/short;AIM-7M;
weapons/us_aim7m_sparrow_fa_18;AIM-7M Sparrow
weapons/us_aim7m_sparrow_fa_18/short;AIM-7M
weapons/us_aim7p_sparrow_fa_18;AIM-7P Sparrow
weapons/us_aim7p_sparrow_fa_18/short;AIM-7P
weapons/us_aim7p_sparrow_fa_18_default;AIM-7P Sparrow
weapons/us_aim7p_sparrow_fa_18_default/short;AIM-7P
weapons/uk_skyflash_aim_7;Skyflash;
weapons/uk_skyflash_aim_7/short;Skyflash;
weapons/uk_skyflash_aim_7_dogfight;Skyflash;
weapons/uk_skyflash_aim_7_dogfight/short;Skyflash;
weapons/uk_skyflash_aim_7_dogfight_default;Skyflash;
weapons/uk_skyflash_aim_7_dogfight_default/short;Skyflash;
weapons/uk_skyflash_aim_7_dogfight_tornado;Skyflash;
weapons/uk_skyflash_aim_7_dogfight_tornado/short;Skyflash;
weapons/uk_skyflash_aim_7_dogfight_tornado_default;Skyflash;
weapons/uk_skyflash_aim_7_dogfight_tornado_default/short;Skyflash;
weapons/uk_skyflash_temp;Skyflash SuperTEMP;
weapons/uk_skyflash_temp/short;Skyflash SuperTEMP;
weapons/swd_rb71;Robot 71;
weapons/swd_rb71/short;Rb 71;
weapons/swd_rb71_default;Robot 71;
weapons/swd_rb71_default/short;Rb 71;
weapons/swd_rb99;Robot 99;
weapons/swd_rb99/short;Rb 99;
weapons/swd_rb99_default;Robot 99;
weapons/swd_rb99_default/short;Rb 99;
weapons/us_aim9b_sidewinder;AIM-9B Sidewinder;
weapons/us_aim9b_sidewinder/short;AIM-9B;
weapons/us_aim9b_sidewinder_default;AIM-9B Sidewinder;
weapons/us_aim9b_sidewinder_default/short;AIM-9B;
weapons/us_aim9b_sidewinder_default_group;AIM-9B Sidewinder;
weapons/us_aim9b_sidewinder_default_group/short;AIM-9B;
weapons/us_aim9b_sidewinder_cwp;AIM-9B Sidewinder;
weapons/us_aim9b_sidewinder_cwp/short;AIM-9B;
weapons/us_aim9b_fgw_2_sidewinder;AIM-9B/FGW Mod. 2;
weapons/us_aim9b_fgw_2_sidewinder/short;AIM-9B/FGW Mod. 2;
weapons/us_aim9p4_sidewinder;AIM-9P-4 Sidewinder;
weapons/us_aim9p4_sidewinder/short;AIM-9P-4;
weapons/us_aim9p4_sidewinder_default;AIM-9P-4 Sidewinder;
weapons/us_aim9p4_sidewinder_default/short;AIM-9P-4;
weapons/us_aim9p_sidewinder;AIM-9P-1 Sidewinder;
weapons/us_aim9p_sidewinder/short;AIM-9P-1;
weapons/us_aim9p_sidewinder_default;AIM-9P-1 Sidewinder;
weapons/us_aim9p_sidewinder_default/short;AIM-9P-1;
weapons/us_aim9c_sidewinder;AIM-9C Sidewinder;
weapons/us_aim9c_sidewinder/short;AIM-9C;
weapons/us_aim9c_sidewinder_default;AIM-9C Sidewinder;
weapons/us_aim9c_sidewinder_default/short;AIM-9C;
weapons/us_aim9c_sidewinder_default_group;AIM-9C Sidewinder;
weapons/us_aim9c_sidewinder_default_group/short;AIM-9C;
weapons/us_aim9d_sidewinder;AIM-9D Sidewinder;
weapons/us_aim9d_sidewinder/short;AIM-9D;
weapons/us_aim9d_sidewinder_default;AIM-9D Sidewinder;
weapons/us_aim9d_sidewinder_default/short;AIM-9D;
weapons/us_aim9d_sidewinder_default_group;AIM-9D Sidewinder;
weapons/us_aim9d_sidewinder_default_group/short;AIM-9D;
weapons/us_aim9d_sidewinder_cwp;AIM-9D Sidewinder;
weapons/us_aim9d_sidewinder_cwp/short;AIM-9D;
weapons/us_aim9g_sidewinder;AIM-9G Sidewinder;
weapons/us_aim9g_sidewinder/short;AIM-9G;
weapons/us_aim9g_sidewinder_default;AIM-9G Sidewinder;
weapons/us_aim9g_sidewinder_default/short;AIM-9G;
weapons/us_aim9h_sidewinder;AIM-9H Sidewinder;
weapons/us_aim9h_sidewinder/short;AIM-9H;
weapons/us_aim9j_sidewinder;AIM-9J Sidewinder;
weapons/us_aim9j_sidewinder/short;AIM-9J;
weapons/us_aim9j_sidewinder_default;AIM-9J Sidewinder;
weapons/us_aim9j_sidewinder_default/short;AIM-9J;
weapons/us_aim9n_sidewinder;AIM-9N Sidewinder
weapons/us_aim9n_sidewinder/short;AIM-9N
weapons/us_aim4g_falcon;AIM-4G Falcon
weapons/us_aim4g_falcon/short;AIM-4G
weapons/us_aim4f_falcon;AIM-4F Falcon
weapons/us_aim4f_falcon/short;AIM-4F
weapons/us_aim4g_falcon_default;AIM-4G Falcon
weapons/us_aim4g_falcon_default/short;AIM-4G
weapons/us_aim4f_falcon_default;AIM-4F Falcon
weapons/us_aim4f_falcon_default/short;AIM-4F
weapons/us_aim_54a;AIM-54A Phoenix;
weapons/us_aim_54a/short;AIM-54A;
weapons/us_aim_54a_default;AIM-54A Phoenix;
weapons/us_aim_54a_default/short;AIM-54A;
weapons/us_aim_54c;AIM-54C Phoenix;
weapons/us_aim_54c/short;AIM-54C;
weapons/us_aim_54c_default;AIM-54C Phoenix;
weapons/us_aim_54c_default/short;AIM-54C;
weapons/us_aim_120a;AIM-120A AMRAAM;
weapons/us_aim_120a/short;AIM-120A;
weapons/us_aim_120a_default;AIM-120A AMRAAM;
weapons/us_aim_120a_default/short;AIM-120A;
weapons/us_aim_120b_default;AIM-120B AMRAAM;
weapons/us_aim_120b_default/short;AIM-120B;
weapons/us_aim_120b;AIM-120B AMRAAM;
weapons/us_aim_120b/short;AIM-120B;
weapons/us_aim_120b_bol_pod;AIM-120B AMRAAM;
weapons/us_aim_120b_bol_pod/short;AIM-120B;
weapons/us_aim_120c_5;AIM-120C-5 AMRAAM
weapons/us_aim_120c_5/short;AIM-120C-5
weapons/us_aim_120c_7;AIM-120C-7 AMRAAM
weapons/us_aim_120c_7/short;AIM-120C-7
weapons/us_aim_120c_7_sam;AIM-120C-7 AMRAAM
weapons/us_aim_120c_7_sam/short;AIM-120C-7
weapons/us_aim_120c_5_default;AIM-120C-5 AMRAAM
weapons/us_aim_120c_5_default/short;AIM-120C-5
weapons/us_aim_120b_switzerland;Flugzeug-Lenkwaffe Luft-Luft AIM 120 B
weapons/us_aim_120b_switzerland/short;Flz.Lwf. LL AIM 120 B
weapons/us_aim_120b_default_switzerland;Flugzeug-Lenkwaffe Luft-Luft AIM 120 B
weapons/us_aim_120b_default_switzerland/short;Flz.Lwf. LL AIM 120 B
weapons/us_aim_120c_5_switzerland;Flugzeug-Lenkwaffe Luft-Luft AIM 120 C
weapons/us_aim_120c_5_switzerland/short;Flz.Lwf. LL AIM 120 C
weapons/us_aim_120c_5_default_switzerland;Flugzeug-Lenkwaffe Luft-Luft AIM 120 C
weapons/us_aim_120c_5_default_switzerland/short;Flz.Lwf. LL AIM 120 C
weapons/uk_fireflash;Fireflash;
weapons/uk_fireflash/short;Fireflash;
weapons/uk_sraam;Short-Range Air-to-Air Missile;
weapons/uk_sraam/short;SRAAM;
weapons/uk_sraam_default;Short-Range Air-to-Air Missile;
weapons/uk_sraam_default/short;SRAAM;
weapons/il_shafrir_1;רירפש;
weapons/il_shafrir_1/short;רירפש;
weapons/il_shafrir_2;2 רירפש;
weapons/il_shafrir_2/short;2 רירפש;
weapons/il_shafrir_2_default;2 רירפש;
weapons/il_shafrir_2_default/short;2 רירפש;
weapons/il_pyton_3;3 ןותיפ
weapons/il_pyton_3/short;3 ןותיפ
weapons/il_pyton_3_default;3 ןותיפ
weapons/il_pyton_3_default/short;3 ןותיפ
weapons/il_pyton_4;4 ןותיפ
weapons/il_pyton_4/short;4 ןותיפ
weapons/il_pyton_5_sam;5 ןותיפ
weapons/il_pyton_5_sam/short;5 ןותיפ
weapons/il_derby;יברד
weapons/il_derby/short;יברד
weapons/il_derby_sam;SR יברדI
weapons/il_derby_sam/short;SR יברדI
weapons/il_derby_default;יברד
weapons/il_derby_default/short;יברד
weapons/r_darter;Radar Darter;
weapons/r_darter/short;R-Darter;
weapons/r_darter_default;Radar Darter;
weapons/r_darter_default/short;R-Darter;
us_aim9b_sidewinder;AIM-9B Sidewinder;
us_aim9c_sidewinder;AIM-9C Sidewinder;
us_aim9d_sidewinder;AIM-9D Sidewinder;
us_aim9e_sidewinder;AIM-9E Sidewinder;
us_aim9g_sidewinder;AIM-9G Sidewinder;
us_aim9h_sidewinder;AIM-9H Sidewinder;
us_aim9j_sidewinder;AIM-9J Sidewinder;
us_aim9l_sidewinder;AIM-9L Sidewinder;
us_aim9l_i_sidewinder;AIM-9L/I Sidewinder;
us_aim9l_i_sidewinder_default;AIM-9L/I Sidewinder;
us_aim9l_sidewinder_default;AIM-9L Sidewinder;
us_aim9l_sidewinder_bol_pod;AIM-9L Sidewinder;
us_aim9l_sidewinder_default_bol_pod;AIM-9L Sidewinder;
us_aim9p_sidewinder;AIM-9P-1 Sidewinder;
us_aim9m_sidewinder;AIM-9M-4 Sidewinder;
us_aim9m_sidewinder_default;AIM-9M-4 Sidewinder;
us_aim9m_sidewinder_bol_pod;AIM-9M-4 Sidewinder;
weapons/us_aim_9x;AIM-9X Sidewinder
weapons/us_aim_9x/short;AIM-9X
weapons/us_aim_9x_block_2;AIM-9X-2 Sidewinder
weapons/us_aim_9x_block_2/short;AIM-9X-2
su_r_73;Управляемая ракета «воздух-воздух» Р-73;
su_r_73/short;УР «В-В» Р-73;
su_r_73_default;Управляемая ракета «воздух-воздух» Р-73;
su_r_73_default/short;УР «В-В» Р-73;
weapons/su_r_60mk;Управляемая ракета «воздух-воздух» Р-60МК;
weapons/su_r_60mk/short;УР «В-В» Р-60МК;
weapons/su_r_60mk_default;Управляемая ракета «воздух-воздух» Р-60МК;
weapons/su_r_60mk_default/short;УР «В-В» Р-60МК;
weapons/su_r_60;Управляемая ракета «воздух-воздух» Р-60;
weapons/su_r_60/short;УР «В-В» Р-60;
weapons/su_r_60m;Управляемая ракета «воздух-воздух» Р-60М;
weapons/su_r_60m/short;УР «В-В» Р-60М;
weapons/su_r_60m_default;Управляемая ракета «воздух-воздух» Р-60М;
weapons/su_r_60m_default/short;УР «В-В» Р-60М;
weapons/su_r_60_default;Управляемая ракета «воздух-воздух» Р-60;
weapons/su_r_60_default/short;УР «В-В» Р-60;
weapons/su_r_27r;Управляемая ракета «воздух-воздух» Р-27Р;
weapons/su_r_27r/short;УР «В-В» Р-27Р;
weapons/su_r_27r_default;Управляемая ракета «воздух-воздух» Р-27Р;
weapons/su_r_27r_default/short;УР «В-В» Р-27Р;
weapons/su_r_27t;Управляемая ракета «воздух-воздух» Р-27Т;
weapons/su_r_27t/short;УР «В-В» Р-27Т;
weapons/su_r_73;Управляемая ракета «воздух-воздух» Р-73;
weapons/su_r_73/short;УР «В-В» Р-73;
weapons/su_r_73_default;Управляемая ракета «воздух-воздух» Р-73;
weapons/su_r_73_default/short;УР «В-В» Р-73;
weapons/su_r_73e;Управляемая ракета «воздух-воздух» Р-73Э;
weapons/su_r_73e/short;УР «В-В» Р-73Э;
weapons/su_r_73e_default;Управляемая ракета «воздух-воздух» Р-73Э;
weapons/su_r_73e_default/short;УР «В-В» Р-73Э;
weapons/su_r_77;Управляемая ракета «воздух-воздух» Р-77;
weapons/su_r_77/short;УР «В-В» Р-77;
weapons/su_r_77_default;Управляемая ракета «воздух-воздух» Р-77;
weapons/su_r_77_default/short;УР «В-В» Р-77;
weapons/su_rvv_ae;Air-to-Air Missile RVV-AE;
weapons/su_rvv_ae/short;RVV-AE;
weapons/su_rvv_ae_default;Air-to-Air Missile RVV-AE;
weapons/su_rvv_ae_default/short;RVV-AE;
weapons/su_r_77_1;Управляемая ракета «воздух-воздух» Р-77-1;
weapons/su_r_77_1/short;УР «В-В» Р-77-1
weapons/su_r_77_1_default;Управляемая ракета «воздух-воздух» Р-77-1;
weapons/su_r_77_1_default/short;УР «В-В» Р-77-1
weapons/su_r_27er;Управляемая ракета «воздух-воздух» Р-27ЭР;
weapons/su_r_27er/short;УР «В-В» Р-27ЭР;
weapons/su_r_27er_default;Управляемая ракета «воздух-воздух» Р-27ЭР;
weapons/su_r_27er_default/short;УР «В-В» Р-27ЭР;
weapons/su_r_27et;Управляемая ракета «воздух-воздух» Р-27ЭТ;
weapons/su_r_27et/short;УР «В-В» Р-27ЭТ;
weapons/su_r_27et1;Управляемая ракета «воздух-воздух» Р-27ЭТ1;
weapons/su_r_27et1/short;УР «В-В» Р-27ЭТ1;
weapons/su_r_27r1;Управляемая ракета «воздух-воздух» Р-27Р1;
weapons/su_r_27r1/short;УР «В-В» Р-27Р1;
weapons/su_r_27r1_default;Управляемая ракета «воздух-воздух» Р-27Р1;
weapons/su_r_27r1_default/short;УР «В-В» Р-27Р1;
weapons/su_r_27t1;Управляемая ракета «воздух-воздух» Р-27Т1;
weapons/su_r_27t1/short;УР «В-В» Р-27Т1;
weapons/su_r_27er1;Управляемая ракета «воздух-воздух» Р-27ЭР1;
weapons/su_r_27er1/short;УР «В-В» Р-27ЭР1;
weapons/us_aim9l_sidewinder;AIM-9L Sidewinder;
weapons/us_aim9l_sidewinder/short;AIM-9L;
weapons/us_aim9l_i_sidewinder;Luft-Luft-Rakete AIM-9L/I Sidewinder;
weapons/us_aim9l_i_sidewinder/short;AIM-9L/I;
weapons/us_aim9l_i_sidewinder_default;Luft-Luft-Rakete AIM-9L/I Sidewinder;
weapons/us_aim9l_i_sidewinder_default/short;AIM-9L/I;
weapons/us_aim9l_sidewinder_default;AIM-9L Sidewinder;
weapons/us_aim9l_sidewinder_default/short;AIM-9L;
weapons/us_aim9l_sidewinder_bol_pod;AIM-9L Sidewinder;
weapons/us_aim9l_sidewinder_bol_pod/short;AIM-9L;
weapons/us_aim9l_sidewinder_default_bol_pod;AIM-9L Sidewinder;
weapons/us_aim9l_sidewinder_default_bol_pod/short;AIM-9L;
weapons/us_aim9m_sidewinder;AIM-9M-4 Sidewinder;
weapons/us_aim9m_sidewinder/short;AIM-9M;
weapons/us_aim9m_sidewinder_default;AIM-9M-4 Sidewinder;
weapons/us_aim9m_sidewinder_default/short;AIM-9M;
weapons/us_aim9m_sidewinder_bol_pod;AIM-9M-4 Sidewinder;
weapons/us_aim9m_sidewinder_bol_pod/short;AIM-9M;
weapons/us_aim9l_i_1_sidewinder;Luft-Luft-Rakete AIM-9L/I-1 Sidewinder;
weapons/us_aim9l_i_1_sidewinder/short;AIM-9L/I-1;
weapons/us_aim9l_i_1_sidewinder_default;Luft-Luft-Rakete AIM-9L/I-1 Sidewinder;
weapons/us_aim9l_i_1_sidewinder_default/short;AIM-9L/I-1;
weapons/it_aspide_1a;Aspide 1A;
weapons/it_aspide_1a/short;Aspide 1A;
weapons/ir_yasser;رسای;
weapons/ir_yasser/short;رسای;
weapons/ir_sedjil;لیجس;
weapons/ir_sedjil/short;لیجس;
weapons/ir_fakour_90;90 روکف
weapons/ir_fakour_90/short;90 روکف
weapons/swd_rb74;Robot 74;
weapons/swd_rb74/short;Rb 74;
weapons/swd_rb74_default;Robot 74;
weapons/swd_rb74_default/short;Rb 74;
weapons/swd_rb74_bol_pod;Robot 74;
weapons/swd_rb74_bol_pod/short;Rb 74;
weapons/swd_rb74m;AIM-9M-4 Sidewinder;
weapons/swd_rb74m/short;AIM-9M;
weapons/swd_rb74m_default;AIM-9M-4 Sidewinder;
weapons/swd_rb74m_default/short;AIM-9M;
weapons/swd_rb74m_bol_pod;AIM-9M Sidewinder;
weapons/swd_rb74m_bol_pod/short;AIM-9M;
weapons/us_aim9e_sidewinder;AIM-9E Sidewinder;
weapons/us_aim9e_sidewinder/short;AIM-9E;
weapons/us_aim9e_sidewinder_default;AIM-9E Sidewinder;
weapons/us_aim9e_sidewinder_default/short;AIM-9E;
weapons/su_9M39;Зенитная управляемая ракета 9М39;
weapons/su_9M39/short;ЗУР 9М39;
weapons/su_9M336;Зенитная управляемая ракета 9М336;
weapons/su_9M336/short;;ЗУР 9М336
weapons/atam_mistral;Mistral;
weapons/atam_mistral/short;Mistral;
weapons/atam_mistral_sam;Mistral;
weapons/atam_mistral_sam/short;Mistral;
weapons/atam_mistral_a129;Mistral;
weapons/atam_mistral_a129/short;Mistral;
weapons/fr_aa20;AA.20;
weapons/fr_aa20/short;AA.20;
weapons/uk_firestreak;Firestreak;
weapons/uk_firestreak/short;Firestreak;
weapons/uk_firestreak_default;Firestreak;
weapons/uk_firestreak_default/short;Firestreak;
weapons/uk_firestreak_Javelin;Firestreak;
weapons/uk_firestreak_Javelin/short;Firestreak;
weapons/uk_redtop;Red Top;
weapons/uk_redtop/short;Red Top;
weapons/us_starstreak;Starstreak HVM;
weapons/us_starstreak/short;Starstreak;
weapons/fr_r_550_magic;Matra R550 Magic I;
weapons/fr_r_550_magic/short;Matra R550 Magic I;
weapons/fr_r_550_magic_2;Matra R550 Mk. 2 Magic II;
weapons/fr_r_550_magic_2/short;Matra R550 Mk. 2 Magic II;
weapons/fr_r_550_magic_2_default;Matra R550 Mk. 2 Magic II;
weapons/fr_r_550_magic_2_default/short;Matra R550 Mk. 2 Magic II;
weapons/fr_r_530_matra_ir;Matra R530 IR;
weapons/fr_r_530_matra_ir/short;Matra R530 IR;
weapons/fr_r_530_matra_radar;Matra R530 EM;
weapons/fr_r_530_matra_radar/short;Matra R530 EM;
weapons/fr_r_511_matra;Matra R511;
weapons/fr_r_511_matra/short;Matra R511;
weapons/fr_matra_super_530f_default;Matra Super 530F;
weapons/fr_matra_super_530f_default/short;Matra Super 530F;
weapons/fr_matra_super_530f;Matra Super 530F;
weapons/fr_matra_super_530f/short;Matra Super 530F;
weapons/fr_matra_super_530f_mirage_2000;Matra Super 530F;
weapons/fr_matra_super_530f_mirage_2000/short;Matra Super 530F;
weapons/fr_matra_super_530f_mirage_2000_default;Matra Super 530F;
weapons/fr_matra_super_530f_mirage_2000_default/short;Matra Super 530F;
weapons/fr_matra_super_530d;Matra Super 530D;
weapons/fr_matra_super_530d/short;Matra Super 530D;
weapons/fr_matra_super_530d_default;Matra Super 530D;
weapons/fr_matra_super_530d_default/short;Matra Super 530D;
weapons/fr_mica_em;Missile d'Interception, de Combat et d'Auto-défense - Électromagnétique;
weapons/fr_mica_em/short;MICA-EM;
weapons/fr_mica_em_default;Missile d'Interception, de Combat et d'Auto-défense - Électromagnétique;
weapons/fr_mica_em_default/short;MICA-EM;
weapons/su_r_3s;Управляемая ракета «воздух-воздух» Р-3С;
weapons/su_r_3s/short;УР «В-В» Р-3С;
weapons/su_r_3r;Управляемая ракета «воздух-воздух» Р-3Р;
weapons/su_r_3r/short;УР «В-В» Р-3Р;
weapons/su_pl2;K/AKK-2空空导弹;
weapons/su_pl2/short;K/AKK-2;
weapons/su_pl2_default;K/AKK-2空空导弹;
weapons/su_pl2_default/short;K/AKK-2;
weapons/su_r_3r_default;Управляемая ракета «воздух-воздух» Р-3Р;
weapons/su_r_3r_default/short;УР «В-В» Р-3Р;
weapons/su_pl5b;K/AKK-5B空空导弹;
weapons/su_pl5b/short;K/AKK-5B;
weapons/su_pl5b_default;K/AKK-5B空空导弹;
weapons/su_pl5b_default/short;K/AKK-5B;
weapons/su_pl5c;K/AKK-5C空空导弹;
weapons/su_pl5c/short;K/AKK-5C;
weapons/su_pl5c_default;K/AKK-5C空空导弹;
weapons/su_pl5c_default/short;K/AKK-5C;
weapons/su_pl7;K/AKK-7空空导弹;
weapons/su_pl7/short;K/AKK-7;
weapons/su_pl8;K/AKK-8空空导弹;
weapons/su_pl8/short;K/AKK-8;
weapons/su_pl8_default;K/AKK-8空空导弹;
weapons/su_pl8_default/short;K/AKK-8;
weapons/cn_pl8b;K/AKK-8B空空导弹;
weapons/cn_pl8b/short;K/AKK-8B;
weapons/cn_pl8b_default;K/AKK-8B空空导弹;
weapons/cn_pl8b_default/short;K/AKK-8B;
weapons/cn_pl11;K/AKK-11空空导弹;
weapons/cn_pl11/short;K/AKK-11;
weapons/cn_pl12;K/AKK-12空空导弹;
weapons/cn_pl12/short;K/AKK-12;
weapons/cn_pl12_default;K/AKK-12空空导弹;
weapons/cn_pl12_default/short;K/AKK-12;
weapons/jp_aam3;AAM-3;
weapons/jp_aam3/short;AAM-3;
weapons/jp_aam3_default;AAM-3;
weapons/jp_aam3_default/short;AAM-3;
weapons/jp_aam4;AAM-4;
weapons/jp_aam4/short;AAM-4;
weapons/jp_aam4_default;AAM-4;
weapons/jp_aam4_default/short;AAM-4;
weapons/su_pl5e2;K/AKK-5EII空空导弹;
weapons/su_pl5e2/short;K/AKK-5EII;
weapons/su_pl5e2_default;K/AKK-5EII空空导弹;
weapons/su_pl5e2_default/short;K/AKK-5EII;
weapons/cn_sd10a;SD-10A Air-to-Air Missile;
weapons/cn_sd10a/short;SD-10A;
weapons/cn_sd10a_default;SD-10A Air-to-Air Missile;
weapons/cn_sd10a_default/short;SD-10A;
weapons/br_maa_1;Míssil Ar-Ar 1 Piranha;
weapons/br_maa_1/short;MAA-1;
weapons/br_maa_1_default;Míssil Ar-Ar 1 Piranha;
weapons/br_maa_1_default/short;MAA-1;
weapons/su_r_3s_default;Управляемая ракета «воздух-воздух» Р-3С;
weapons/su_r_3s_default/short;УР «В-В» Р-3С;
weapons/su_r_13m;Управляемая ракета «воздух-воздух» Р-13М;
weapons/su_r_13m/short;УР «В-В» Р-13М;
weapons/su_r_13m1;Управляемая ракета «воздух-воздух» Р-13М1;
weapons/su_r_13m1/short;УР «В-В» Р-13М1;
weapons/su_r_13m1_default;Управляемая ракета «воздух-воздух» Р-13М1;
weapons/su_r_13m1_default/short;УР «В-В» Р-13М1;
weapons/su_r_23r;Управляемая ракета «воздух-воздух» Р-23Р;
weapons/su_r_23r/short;УР «В-В» Р-23Р;
weapons/su_r_23t;Управляемая ракета «воздух-воздух» Р-23Т;
weapons/su_r_23t/short;УР «В-В» Р-23Т;
weapons/su_r_24t;Управляемая ракета «воздух-воздух» Р-24Т;
weapons/su_r_24t/short;УР «В-В» Р-24Т;
weapons/su_r_24r;Управляемая ракета «воздух-воздух» Р-24Р;
weapons/su_r_24r/short;УР «В-В» Р-24Р;
weapons/cn_ty_90;AKK-90空空导弹;
weapons/cn_ty_90/short;AKK-90;
weapons/cannonM39A1;Gun, 20-mm, Automatic: M39A1;
weapons/cannonM39A2;Gun, 20-mm, Automatic: M39A2;
weapons/cannonM39A3;Gun, 20-mm, Automatic: M39A3;
weapons/cannonM39A2/short;M39A2;
weapons/cannonM39A3/short;M39A3;
weapons/cannonFlzKan_76;20 mm Flugzeug-Kanone 76
weapons/cannonFlzKan_76/short;Flz.Kan. 76
weapons/bomb_mark36_srboc_launcher;130 mm Chaff and Decoy Launching System Mk 36 Mod 0 SRBOC;
weapons/bomb_mark36_srboc_launcher/short;130 mm Mk 36 Mod 0 SRBOC;
weapons/fr_sneb_type26_TDA;SNEB Type 26;
weapons/fr_sneb_type26_TDA/short;SNEB Type 26;
weapons/us_aim92_stinger;Air-To-Air Stinger;
weapons/us_aim92_stinger/short;ATAS;
weapons/us_aim92_stinger_atas_tiger;Air-To-Air Stinger;
weapons/us_aim92_stinger_atas_tiger/short;ATAS;
weapons/us_aim92_stinger_left;Air-To-Air Stinger;
weapons/us_aim92_stinger_left/short;ATAS;
weapons/us_aim92_stinger_right;Air-To-Air Stinger;
weapons/us_aim92_stinger_right/short;ATAS;
weapons/zt_6_mokopa;ZT6 Mokopa;
weapons/zt_6_mokopa/short;ZT6;
weapons/sa_zt_35_ingwe;ZT3-A2
weapons/sa_zt_35_ingwe/short;ZT3-A2
weapons/sa_zt_35_ingwe_default;ZT3-A
weapons/sa_zt_35_ingwe_default/short;ZT3-A2
weapons/euro_hot3;HOT-3;
weapons/euro_hot3/short;HOT-3;
weapons/euro_atgw3;PARS 3 LR;
weapons/euro_atgw3/short;PARS 3 LR;
weapons/euro_trigat_lr;TRIGAT-LR
weapons/euro_trigat_lr/short;TRIGAT-LR
weapons/us_agm_65a;AGM-65A Maverick;
weapons/us_agm_65a/short;AGM-65A;
weapons/us_agm_65b;AGM-65B Maverick;
weapons/us_agm_65b/short;AGM-65B;
weapons/us_agm_65d;AGM-65D Maverick;
weapons/us_agm_65d/short;AGM-65D;
weapons/us_agm_65e;AGM-65E Maverick;
weapons/us_agm_65e/short;AGM-65E;
weapons/us_agm_65e2;AGM-65E2 Maverick;
weapons/us_agm_65e2/short;AGM-65E2;
weapons/us_agm_65f;AGM-65F Maverick;
weapons/us_agm_65f/short;AGM-65F;
weapons/us_agm_65g;AGM-65G Maverick;
weapons/us_agm_65g/short;AGM-65G;
weapons/us_agm_65h;AGM-65H Maverick;
weapons/us_agm_65h/short;AGM-65H;
weapons/us_agm_65l;AGM-65L Maverick;
weapons/us_agm_65l/short;AGM-65L;
weapons/uk_brimstone_dm;Brimstone
weapons/uk_brimstone_dm/short;Brimstone
weapons/su_9m133_kornet;Противотанковая управляемая ракета 9М133М-2;
weapons/su_9m133_kornet/short;ПТУР 9М133М-2;
weapons/su_9m133fm3_kornet;Противотанковая управляемая ракета 9М133ФМ-3
weapons/su_9m133fm3_kornet/short;ПТУР 9М133ФМ-3;
weapons/su_9M127;Противотанковая управляемая ракета 9М127-1 «Вихрь-1»;
weapons/su_9M127/short;ПТУР 9М127-1 «Вихрь-1»;
weapons/su_9m127_1;Противотанковая управляемая ракета 9М127-1 «Вихрь-1»;
weapons/su_9m127_1/short;ПТУР 9М127-1 «Вихрь-1»;
weapons/cn_akd_9;AKD-9空地导弹;
weapons/cn_akd_9/short;AKD-9;
weapons/cn_akd_9_default;AKD-9空地导弹;
weapons/cn_akd_9_default/short;AKD-9;
weapons/cn_akd_10;AKD-10空地导弹;
weapons/cn_akd_10/short;AKD-10;
weapons/cn_cm_502kg_he;CM-502KG轻型近程空面导弹
weapons/cn_cm_502kg_he/short;CM-502KG
weapons/cn_cm_502kg_he_rail;CM-502KG轻型近程空面导弹
weapons/cn_cm_502kg_he_rail/short;CM-502KG
weapons/cn_ba_9;Blue Arrow 9 Air-to-Surface Missile;
weapons/cn_ba_9/short;Blue Arrow 9;
weapons/swd_rb75;Robot 75;
weapons/swd_rb75/short;Rb 75;
weapons/swd_rb75t;Robot 75T;
weapons/swd_rb75t/short;Rb 75T;
weapons/ucav_aam;AAM Fowler;
weapons/ucav_aam/short;Fowler;
weapons/ucav_agm;ATGM Parisarrow;
weapons/ucav_agm/short;Parisarrow;
weapons/ucav_heavy_missile;TM Smasher;
weapons/ucav_heavy_missile/short;Smasher;
weapons/cannonakan_m55;30 mm akan m/55;
weapons/cannonakan_m55/short;akan m/55;
weapons/cannonakan_m55_underwing;30 mm akan m/55;
weapons/cannonakan_m55_underwing/short;akan m/55;
weapons/cannonakan_m75;30 mm akan m/75;
weapons/cannonakan_m75/short;akan m/75;
weapons/cannonakan_m85;27 mm akan m/85;
weapons/cannonakan_m85/short;akan m/85;
weapons/gunksp_m22;8 mm ksp m/22;
weapons/gunksp_m22/short;ksp m/22;
weapons/swd_rb24;Robot 24;
weapons/swd_rb24/short;Rb 24;
weapons/swd_rb24_default;Robot 24;
weapons/swd_rb24_default/short;Rb 24;
weapons/swd_rb24j;Robot 24J;
weapons/swd_rb24j/short;Rb 24J;
weapons/swd_rb24j_default;Robot 24J;
weapons/swd_rb24j_default/short;Rb 24J;
weapons/swd_120kg_sb_m71;120 kg sprängbomb m/71;
weapons/swd_120kg_sb_m71/short;120 kg m/71;
weapons/swd_120kg_sb_m71_retarded;120 kg sprängbomb m/71 (retarderad);
weapons/swd_120kg_sb_m71_retarded/short;120 kg m/71 (R);
weapons/swd_120kg_sb_m61;120 kg sprängbomb m/61;
weapons/swd_120kg_sb_m61/short;120 kg m/61;
weapons/swd_50kg_sb_m37a;50 kg minbomb m/37A;
weapons/swd_50kg_sb_m37a/short;50 kg m/37A;
weapons/swd_50kg_sb_m42;50 kg sprängbomb m/42;
weapons/swd_50kg_sb_m42/short;50 kg m/42;
weapons/swd_50kg_sb_m47;50 kg sprängbomb m/47;
weapons/swd_50kg_sb_m47/short;50 kg m/47;
weapons/swd_250kg_minb_m37b;250 kg minbomb m/37B;
weapons/swd_250kg_minb_m37b/short;250 kg m/37B;
weapons/swd_250kg_minb_m40;250 kg minbomb m/40;
weapons/swd_250kg_minb_m40/short;250 kg m/40;
weapons/swd_250kg_minb_m50;250 kg minbomb m/50;
weapons/swd_250kg_minb_m50/short;250 kg m/50;
weapons/swd_500kg_minb_m41;500 kg minbomb m/41;
weapons/swd_500kg_minb_m41/short;500 kg m/41;
weapons/swd_500kg_minb_m56;500 kg minbomb m/56;
weapons/swd_500kg_minb_m56/short;500 kg m/56;
weapons/swd_600kg_minb_m50;600 kg minbomb m/50;
weapons/swd_600kg_minb_m50/short;500 kg m/50;
weapons/fi_50kg_1938;50 kg pommimali 1938;
weapons/fi_50kg_1938/short;50 kg 1938;
weapons/fi_100kg_1938;100 kg pommimali 1938;
weapons/fi_100kg_1938/short;100 kg 1938;
weapons/cn_hj_8a;AFT08A空地导弹;
weapons/cn_hj_8a/short;AFT08A;
weapons/cn_hj_8c;AFT08C空地导弹;
weapons/cn_hj_8c/short;AFT08C;
weapons/cn_hj_8e;AFT08E空地导弹;
weapons/cn_hj_8e/short;AFT08E;
weapons/cn_hj_8e_default;AFT08E空地导弹;
weapons/cn_hj_8e_default/short;AFT08E;
weapons/cn_hj_8h;AFT08H空地导弹;
weapons/cn_hj_8h/short;AFT08H;
weapons/cn_hj_8l;AFT08L空地导弹;
weapons/cn_hj_8l/short;AFT08L;
weapons/gunakan_12_7_m45;12,7 mm akan m/45;
weapons/gunakan_12_7_m45/short;akan m/45;
weapons/cannonakan_m41a;20 mm akan m/41A;
weapons/cannonakan_m41a/short;akan m/41A;
weapons/cannonakan_m45;20 mm akan m/45;
weapons/cannonakan_m45/short;akan m/45;
weapons/cannonakan_m49;20 mm akan m/49;
weapons/cannonakan_m49/short;akan m/49;
weapons/cannonakan_m47b;20 mm akan m/47B;
weapons/cannonakan_m47b/short;akan m/47B;
weapons/cannonakan_m47c;20 mm akan m/47C;
weapons/cannonakan_m47c/short;akan m/47C;
weapons/cannonakan_m47;57 mm akan m/45;
weapons/cannonakan_m47/short;akan m/45;
weapons/gunakan_m39;13,2 mm akan m/39;
weapons/gunakan_m39/short;akan m/39;
weapons/gunakan_m39a;13,2 mm akan m/39A;
weapons/gunakan_m39a/short;akan m/39A;
weapons/gunakan_12_7_m39a;12,7 mm akan m/39A;
weapons/gunakan_12_7_m39a/short;akan m/39A;
weapons/gunakan_m39_turret;13,2 mm akan m/39;
weapons/gunakan_m39_turret/short;akan m/39;
weapons/gunakan_m40;12,7 mm akan m/40;
weapons/gunakan_m40/short;akan m/40;
weapons/gunksp_m22_fv;8 mm ksp m/22 Fv;
weapons/gunksp_m22_fv/short;ksp m/22 Fv;
weapons/gunksp_m22_fh;8 mm ksp m/22 Fh;
weapons/gunksp_m22_fh/short;ksp m/22 Fh;
weapons/gunksp_m22_37r_turret;8 mm ksp m/22-37 R;
weapons/gunksp_m22_37r_turret/short;ksp m/22-37 R;
weapons/90mm_D915_user_cannon;Canon de 90 mm D.915
weapons/90mm_DEFA_D921_user_cannon;Canon de 90 mm modèle F1
weapons/90mm_90_F2_user_cannon;Canon de 90 mm modèle F2
weapons/cannonM230E1;30 mm Chain Gun, M230E-1;
weapons/cannonM230E1/short;M230E-1;
weapons/120mm_IMI_MG251_user_cannon;120 mm MG251;
weapons/120mm_IMI_MG251_LR_user_cannon;120 mm MG251-LR;
weapons/120mm_IMI_MG253_user_cannon;120 mm MG253;
30mm_pmc287;PMC287;
30mm_pmc308;PMC308;
35mm_pmd062;PMD062;
120mm_m322;CL3143;
120mm_m338;M338;
120mm_m322_idf;M322;
120mm_m325;M325;
120mm_m339;M339;
weapons/152mm_19M220_rocket_launcher;Mobile Intercept-Aerial Guided Missile, MIM-220;
weapons/su_torpedo_ugst;533-мм универсальное глубоководное самонаведение торпеда;
weapons/su_torpedo_ugst/short;УГСТ;
weapons/uk_spearfish_torpedo;21” Spearfish Torpedo;
weapons/uk_spearfish_torpedo/short;Spearfish;
weapons/us_mk48_torpedo;21” UDGLR Torpedo Mk 48 Mod 0;
weapons/us_mk48_torpedo/short;Mk 48 Mod 0;
weapons/rocket_rocket_3m14k_kalibr_launcher;Опытно-Конструкторская Работа 3М14К «Калибр»;
weapons/rocket_rocket_3m14k_kalibr_launcher/short;ОКР 3М14К «Калибр»;
weapons/rocket_tomahawk_bgm109_launcher;BGM-109 TLAM;
weapons/rocket_tomahawk_bgm109_launcher/short;BGM-109;
weapons/rocket_ugm133_trident2_launcher;UGM-133 Trident II;
weapons/rocket_ugm133_trident2_launcher/short;UGM-133;
weapons/150mm_kan_fm43_44_user_cannon;15 cm fausthaubits m/02;
weapons/20mm_akan_m45_B_user_cannon;20 mm akan m/45B;
weapons/20mm_akan_m47_D_user_cannon;20 mm akan m/47D;
20mm_slpprj_m68;slpprj m/68;
20mm_slsgr_71;slsgr m/71;
weapons/105mm_L7_Mk_3_user_cannon;Ordnance, QF, 105-mm, Tk, L7A1;
150mm_sgr_m38;sgr m/38;
weapons/37mm_kan_m38_user_cannon;3,7 cm kan m/38;
37mm_slpprj_m38;slpprj m/38;
37mm_slpgr_m39;slpgr m/39;
37mm_slpprj_m49;slpprj m/49;
75mm_slpprj_m49;slpprj m/49;
weapons/90mm_Bofors_ikv_user_cannon;9 cm kan ikv 91;
weapons/105mm_Bofors_ikv_user_cannon;10,5 cm kan ikv 105;
90mm_slpsgr_m72;slpsgr m/72;
90mm_slsgr_m72;slsgr m/72;
weapons/40mm_Kan_Strf_user_cannon;40 mm akan m/70Bc;
weapons/6_5mm_ksp_m14_29_user_machinegun;6,5 mm ksp m/14-29;
weapons/8mm_ksp_m36_user_machinegun;8 mm ksp m/36;
weapons/8mm_ksp_m39_B_user_machinegun;8 mm ksp m/39B;
weapons/57mm_Pv_Kan_m43_user_cannon;5,7 cm pv kan m/43;
57mm_sgr_m43;sgr m/43;
57mm_slpgr_m43;slpgr m/43;
57mm_slpprj_m43;slpprj m/43;
57mm_slpprj_m49;slpprj m/49;
weapons/114mm_Psv_H_18_user_cannon;114 mm panssarivaunuhaupitsi 18;
114mm_akr;114 akr 32/41;
114mm_hkr;114 hkr 42/C;
weapons/37mm_Psv_K36_user_cannon;37 mm panssarivaunukanuuna 36;
37mm_psav;37 psav Vj4;
37mm_pstkr;37 pstkr 27/34;
weapons/75mm_Pv_Kan_m43_user_cannon;7,5 cm pv kan m/43;
weapons/75mm_Lv_Kan_m37_A_user_cannon;7,5 cm lv kan m/37A;
weapons/75mm_Pv_Kan_m43_1963_user_cannon;7,5 cm pv kan m/43;
75mm_slpprj_m41;slpprj m/41;
75mm_sgr_m38;sgr m/38;
75mm_slpgr_m43;slpgr m/43;
weapons/105mm_kan_ikv_user_cannon;10,5 cm kan ikv;
105mm_slsgr_m43;slpgr m/43;
105mm_sgr_m34_lt;sgr m/34 LT;
105mm_rokgr_m49;rökgr m/49;
105mm_psgr_m49;psgr m/49;
weapons/75mm_kan_m41_user_cannon;7,5 cm kan m/41;
weapons/75mm_kan_m41_open_turret_user_cannon;7,5 cm kan m/41;
75mm_slpprj_m40;slpprj m/40;
75mm_sgr_m40;sgr m/40;
75mm_rokgr_m22;rökgr m/22;
75mm_slpprj_m40b;slpprj m/40B;
75mm_slpgr_m39;slpgr m/39;
weapons/120mm_kan_Strv_121_user_cannon;12 cm kan strv 121;
weapons/120mm_kan_Strv_122_user_cannon;12 cm kan strv 122;
weapons/75mm_kan_m02_user_cannon;7,5 cm kan m/02;
75mm_sgr_m22_38;sgr m/22-38;
weapons/105mm_kan_m44_user_cannon;10,5 cm kan m/44;
105mm_slpprj_m44;slpprj m/44;
105mm_slpsgr_m65;slpsgr m/65;
120mm_slpprj_m95;slpprj m/95;
weapons/20mm_Pvlv_kan_m40_user_cannon;20 mm akan m/40;
weapons/20mm_Lva_kan_m40_B_user_cannon;20 mm lv akan m/40B;
20mm_slpgr_m42;slpgr m/42;
20mm_slpprj_m40;slpprj m/40;
20mm_slpprj_m42;slpprj m/42;
20mm_slsgr_m42;slsgr m/42;
weapons/40mm_Lva_kan_m36_user_cannon;40 mm lv akan m/36;
40mm_kulsgr_m90;kulsgr m/90;
40mm_slhpgr_m43;slhpgr m/43;
40mm_slpprj_m01;slpprj m/01 LK;
40mm_slpprj_m42;slpprj m/42;
40mm_slpprj_m42b;slpprj m/42B;
40mm_slpprj_m90;slpprj m/90;
40mm_slsgr_m36c;slsgr m/36C;
40mm_slsgr_m90;slsgr m/90;
40mm_slsgr_m484;slsgr m/484;
weapons/40mm_Lva_kan_m48_user_cannon;40 mm lv akan m/48;
weapons/40mm_Lva_kan_m48_VEAK_user_cannon;40 mm lv akan m/48;
weapons/81mm_Oerlikon_Typ_3Z_8Dla_user_cannon;8 cm Zwillings-Raketenautomat Oerlikon Typ 3Z 8DLa;
weapons/81mm_Oerlikon_Typ_3Z_8Dla_Raketenautomat_user_cannon;8 cm Zwillings-Raketenautomat Oerlikon Typ 3Z 8DLa;
81mm_pl03;Pl 3;
weapons/81mm_pl03/short;Pl 3;
81mm_ssk032;SSK 032;
weapons/105mm_Rbs_70_launcher_user_cannon;Rbs 70;
weapons/105mm_Rbs_70_ASRAD_launcher_user_cannon;Rbs 70;
105mm_bolide;BOLIDE;
weapons/105mm_bolide/short;BOLIDE;
weapons/72mm_HN_6_launcher_user_cannon;SK-6便携式地对空导弹发射器 x4;
72mm_hn_6;HN-6便携式地对空导弹
weapons/72mm_hn_6/short;HN-6;
70mm_fim_92e;FIM-92E Stinger;
weapons/70mm_fim_92e/short;FIM-92E Stinger;
70mm_fim_92k;FIM-92L Stinger;
weapons/70mm_FIM_92E_Stinger_launcher_user_cannon;Fliegerfaust 2 Stinger;
weapons/80mm_Type_91_launcher_user_cannon;93式近距離地対空誘導弾発射装置;
80mm_type_91;93式近距離地対空誘導弾;
weapons/80mm_type_91/short;SAM-3;
weapons/20mm_Hispano_mk_5_user_cannon;20 mm Hispano-Suiza HS.404;
weapons/20mm_Polsten_user_cannon;20 mm Polsten Mk. I;
weapons/105mm_XC8_L50_user_cannon;105 mm Cockerill CV 105HP Gun;
105mm_m1061;HEAT-MP-T, M1061;
weapons/152mm_hj_9_launcher_user_cannon;AFT09重型反坦克导弹发射器;
weapons/150mm_Rbs_56_BILL_launcher_user_cannon;Robotsystem 56 BILL;
weapons/150mm_Rbs_56_BILL_Pbv_launcher_user_cannon;Robotsystem 56 BILL;
150mm_bill_2;Robot 56 BILL II;
weapons/150mm_bill_2/short;Robot 56 BILL II;
150mm_bill;Robot 56 BILL I;
105mm_rb_70;Robot 70;
weapons/105mm_rb_70/short;Robot 70;
105mm_rb_70_2;Robot 70 Mk. 2;
weapons/105mm_rb_70_2/short;Robot 70 Mk. 2;
weapons/127mm_Rbs_55_tow_UDES_launcher_user_cannon;Robotsystem 55;
weapons/127mm_Rbs_55_tow_launcher_user_cannon;Robotsystem 55;
127mm_rb_55;Robot 55;
152mm_rb_55_c;Robot 55C;
127mm_rb_55_b;Robot 55B;
weapons/127mm_Rbs_55_tow_rocket_launcher;Robotsystem 55;
weapons/127mm_Rbs_55_tow_rocket_launcher/short;Rbs 55;
rbs_55;Robot 55;
weapons/25mm_GAU_12U_Equalizer_user_cannon;Gun, Automatic, 25-mm: GAU-12/U;
weapons/25mm_GAU_12U_user_cannon;Gun, Automatic, 25-mm: GAU-12/U;
25mm_pgu_25_u;PGU-25/U;
25mm_pgu_20_u;PGU-20/U;
25mm_pgu_32;PGU-32/U;
weapons/70mm_FIM_92E_Stinger_LAV_4_launcher_user_cannon;Stinger Launcher;
weapons/70mm_FIM_92E_Stinger_LAV_launcher_user_cannon;Stinger Launcher;
weapons/70mm_fim_92e_stinger_stormer_launcher_user_cannon;Stinger Launcher;
weapons/70mm_FIM_92E_Stinger_Machbet_launcher_user_cannon;Stinger Launcher;
weapons/70mm_Hydra_70_user_cannon;Light Weight Launcher, M261;
weapons/50mm_firos_6_user_cannon;FIROS 6
weapons/70mm_Hydra_70_magach_user_cannon;Light Weight Launcher, M261;
weapons/120mm_akan_user_cannon;12 cm akan fm/50;
120mm_m50z;sgr m/50z;
120mm_m50;hpsgr m/50;
155mm_zonar_m65;zonar m/65;
105mm_slsgr_m61;slsgr m/61;
105mm_slpprj_m61;slpprj m/61;
105mm_slpprj_m62;slpprj m/62;
105mm_slpprj_m66;slpprj m/66;
105mm_rokgr_m61;rökgr m/61;
105mm_slpprj_m80;slpprj m/80;
weapons/95mm_QF_Mk1_user_cannon;Ordnance, Q.F., 95 mm S.P. Howitzer, Mk. III;
95mm_shell_heat;Mk. I;
95mm_shell_mk1a_he;Mk. Ia;
95mm_shell_se_mk1;Mk. I;
weapons/105mm_L74_103C_user_cannon;10,5 cm kan strv L74;
weapons/105mm_L74_user_cannon;10,5 cm kan strv L74;
weapons/120mm_L11A5_Mk3_user_cannon;Ordnance, BL, 120-mm, Tk, L11A5;
weapons/120mm_L11A5_Mk3_Vickers_user_cannon;Ordnance, BL, 120-mm, Tk, L11A5;
weapons/120mm_L11A5_user_cannon;Ordnance, BL, 120-mm, Tk, L11A5;
120mm_dm13;DM 13;
120mm_dm12;DM 12;
120mm_dm12a1;DM 12A1;
weapons/120mm_rheinmetall_l55_a1_user_cannon;Bordkanone 120 mm, L 55 A1;
weapons/120mm_Rheinmetall_L55_user_cannon;Bordkanone 120 mm, L 55;
weapons/120mm_Rheinmetall_L44_VT_user_cannon;Bordkanone 120 mm, L 44;
weapons/120mm_Rheinmetall_L44_autoloader_user_cannon;Bordkanone 120 mm, L 44;
weapons/120mm_Rheinmetall_L44_user_cannon;Bordkanone 120 mm, L 44;
weapons/120mm_rheinmetall_l44_can_user_cannon;120 mm L44 Tank Gun;
weapons/120mm_Rheinmetall_L44_2A5_user_cannon;Bordkanone 120 mm, L 44;
weapons/120mm_Rheinmetall_L44_2PL_user_cannon;Bordkanone 120 mm, L 44;
weapons/12_7mm_NSV_user_cannon;12,7-мм танковый пулемёт НСВТ-12,7 (6П17);
weapons/12_7mm_NSV_t_80_user_cannon;12,7-мм танковый пулемёт НСВТ-12,7 (6П17);
weapons/12_7mm_NSV_t_72_user_cannon;12,7-мм танковый пулемёт НСВТ-12,7 (6П17);
weapons/12_7mm_6P50_Kord_user_machinegun;12,7-мм танковый пулемёт Корд (6П49);
weapons/12_7mm_6P50_Kord_t_72_user_machinegun;12,7-мм танковый пулемёт Корд (6П49);
weapons/12_7mm_6P50_Kord_t_90m_2020_user_machinegun;12,7-мм танковый пулемёт Корд (6П49);
weapons/37mm_SA_18_user_cannon;Canon de 37 Semi-Automatique modèle 1918;
37mm_mle1892;mle 1892;
37mm_mle1937;mle 1937;
weapons/164mm_nord_s11_rocket_launcher;SS.11;
weapons/164mm_nord_s11_rocket_launcher/short;SS.11;
weapons/130mm_Type_75_rocket_launcher;75式130mmロケット弾発射機;
weapons/130mm_Type_75_rocket_launcher/short;75式130mmロケット弾発射機;
130mm_type75;75式;
105mm_type75;75式105mm粘着榴弾;
105mm_type91;91式105mm多目的対戦車りゅう弾;
weapons/37mm_SA_38_user_cannon;Canon de 37 Semi-Automatique modèle 1938;
37mm_mle1938;mle 1938;
weapons/75mm_APX_user_cannon;Canon de 75 APX modèle 1938;
105mm_TYPE83_APDS;DTW1-105;
105mm_TYPE83_HEAT;DTP1-105;
105mm_TYPE83_HESH;DTJ1-105;
weapons/105mm_AT_WMA_user_cannon;ZPL98A式105毫米坦克炮;
weapons/105mm_88B_105T_user_cannon;1983年式105毫米坦克炮;
weapons/105mm_ZPL94_user_cannon;ZPL94式105毫米坦克炮;
105mm_dtb_1_he;DTB1-105 (VTF);
105mm_btm_1;BTM1;
weapons/105mm_Type_83_user_cannon;1983年式105毫米坦克炮;
28_20mm_pzgr41;Panzergranate 41;
weapons/28_20mm_s_Pz_B_41_user_cannon;2,8 cm-schwere Panzerbüchse 41;
weapons/105mm_XM_35_user_cannon;Cannon, 105-mm Gun: XM35;
weapons/120mm_M256_user_cannon;Cannon, 120-mm Gun: M256;
weapons/120mm_M256_M1A2_user_cannon;Cannon, 120-mm Gun: M256;
weapons/120mm_M256_KE_W_user_cannon;Cannon, 120-mm Gun: M256;
120mm_ke_w;APFSDS-T, KE-W A1;
120mm_m830a1;HEAT-T-MP, M830A1;
120mm_m908;HE-OR-T, M908;
120mm_m830;HEAT-T-MP, M830;
120mm_m829;APFSDS-T, M829;
120mm_m829a1;APFSDS-T, M829A1;
120mm_m829a2;APFSDS-T, M829A2;
105mm_gp_105;APS04-105;
100mm_dyw_pt_86_100;DYW/PT86-100;
125mm_dtp_125;DTP-125;
125mm_dtb_125;DTB-125;
125mm_dtw_125;DTW-125;
125mm_GP125;APS-125;
125mm_dtb_12_he;DTB12-125;
125mm_dtc10_125;DTC10-125;
125mm_125_1;1985-I年式125毫米坦克炮脱売穿甲弹;
105mm_dtw2_105;DTW2-105;
weapons/100mm_PTP86_user_cannon;PT86式100毫米反坦克炮;
weapons/120mm_PTZ89_user_cannon;PT89式120毫米反坦克炮;
120mm_dyw_1;DYW1/PTZ89-120;
120mm_dys_120;DYS/PT89-120;
weapons/125mm_Type_88C_user_cannon;1988C式125毫米坦克炮;
weapons/120mm_OTO_Breda_120_44_user_cannon;Cannone OTO-Melara da 120/44;
weapons/120mm_OTO_Breda_120_44_Ariete_user_cannon;Cannone OTO-Melara da 120/44;
weapons/120mm_OTO_Breda_120_44_Ariete_AMV_user_cannon;Cannone OTO-Melara da 120/44;
weapons/120mm_GIAT_CN120_26_F1_user_cannon;Canon de 120 mm modèle F1
weapons/120mm_giat_cn120_26_f1_msc_user_cannon;Canon de 120 mm modèle F1
120mm_ofl_120_f1;OFL 120 F1;
weapons/120mm_GIAT_CN120_25_G1_user_cannon;Canon de 120 mm modèle G1
120mm_occ_120_g1;OCC 120 G1;
120mm_ofl_120_g1;OFL 120 G1;
weapons/115mm_U5TS_T-62M1_user_cannon;115-мм танковая пушка У-5ТС (2А20);
115mm_3bk_15m;3БК15М;
115mm_3bm21;3БМ21;
115mm_3bm28;3БМ28;
115mm_3of_27;3OФ27;
115mm_9m_117;ПТУР 9М117 «Кастет»;
weapons/115mm_9m_117/short;ПТУР 9М117;
weapons/120mm_Type_90_L44_user_cannon;90式120mm戦車砲;
120mm_jm12a1;JM12A1対戦車りゅう弾;
120mm_jm33;JM33装弾筒付翼安定徹甲弾;
120mm_dm23;DM 23;
120mm_dm33;DM 33;
120mm_dm43;DM 43;
120mm_dm53;DM 53;
120mm_dm_11;DM 11;
weapons/165mm_L9A1_user_cannon;Ordnance, BL, 165 mm, Tk, L9A1;
165mm_l33a1;HESH-T, L33A1;
weapons/165mm_M135_user_cannon;Cannon, 165-mm Gun: M135;
165mm_m123;HEP, M123E1;
75mm_mle1917;mle 1917;
164mm_nord_ss11;SS.11;
47mm_mle1892g;mle 1892G;
47mm_mle1935;mle 1935;
47mm_mle1935_he;mle 1935;
75mm_mle1915;mle 1915;
75mm_mle1910m;mle 1910;
weapons/47mm_SA_37_user_cannon;Canon de 47 Semi-Automatique modèle 1937;
47mm_mle1936;mle 1936;
155mm_oa_mle14;OA mle 14;
weapons/155mm_Schneider_155_C_user_cannon;Canon de 155 C Schneider modèle 1915;
weapons/75mm_APX_1897_user_cannon;Canon de 75 APX modèle 1897;
75mm_mle_1900_he;OE mle 1900;
75mm_mle1916;OP mle 1916;
weapons/75mm_SA_35_user_cannon;Canon de 75 Semi-Automatique modèle 1935;
weapons/155mm_GCT_F1_user_cannon;Canon de 155 mm GCT modèle F1
155mm_oe_155_56_he;OE 155 56/69;
weapons/155mm_Obusier_Modele_1950_user_cannon;L'Obusier de 155 modèle 1950;
weapons/120mm_SA_46_user_cannon;Canon de 120 Semi-Automatique modèle 1946;
weapons/120mm_SA_46_Surbaisse_user_cannon;Canon de 120 Semi-Automatique modèle 1946;
120mm_obus_de_rupture;Obus Perforant;
120mm_obus_explosif;Obus Explosif;
weapons/30mm_ZK_453_user_cannon;30 mm PLdvK vz. 53;
30mm_jfsv_53_he;30-JFSv-53;
30mm_jpzsv_53_59;30-JPZSv-53/59;
weapons/90mm_Char_25t_user_cannon;Canon de 90 mm D.911; 
weapons/100mm_SA_47_CA_user_cannon;Canon de 100 Semi-Automatique modèle 1947;
weapons/100mm_SA_47_user_cannon;Canon de 100 Semi-Automatique modèle 1947;
100mm_sa47_apcbc;Obus Perforant;
100mm_sa47_he;Obus Explosif;
weapons/142mm_ACRA_user_cannon;142 mm Anti-Char Rapide Autopropulsé;
142mm_muc;MUC;
weapons/142mm_muc/short;MUC;
142mm_acra;MP ACRA;
weapons/142mm_acra/short;ACRA;
weapons/125mm_D_126_user_cannon;125-мм пушка Д-126;
125mm_bur;Бур;
weapons/125mm_bur/short;Бур;
125mm_rubin;Рубин;
weapons/125mm_rubin/short;Рубин;
weapons/90mm_CN_90_F2_user_cannon;Canon de 90 mm modèle F2
weapons/90mm_CN_90_F3_user_cannon;Canon de 90 mm modèle F3
weapons/90mm_CN_90_F4_user_cannon;Canon de 90 mm modèle F4
90mm_occ_90_f2;OCC 90 F2;
90mm_ofum_90_f1;OFUM 90 F1;
90mm_ofl_f1;OFL 90 F1;
90mm_ofum_ph90;OFUM PH 90 F2;
90mm_oe_90_f1;OE 90 F1;
90mm_occ_90_62;OCC 90 62;
weapons/75mm_XM274_Ares_user_cannon;Cannon, 75-mm Gun: XM274;
75mm_xm885;APFSDS-T, XM885;
75mm_xm884;HEFS, XM884;
weapons/105mm_Modele_F2_user_cannon;Canon de 105 mm modèle F2
weapons/105mm_giat_105_g1_user_cannon;Canon de 105 mm modèle G2
105mm_ofl_f3;OFL 105 F3;
105mm_ofl_f2;OFL 105 F2;
105mm_ofl_g2;OFL 105 G2;
105mm_occ_f3;OCC 105 F3;
105mm_o_fum_ph_f3;OFUM PH 105 F3;
105mm_oe_f3;OE 105 F3;
weapons/105mm_CN_105_G1_user_cannon;Canon de 105 mm modèle G1
weapons/105mm_CN_105_G2_user_cannon;Canon de 105 mm modèle G2
weapons/105mm_CN_105_F1_user_cannon;Canon de 105 mm modèle F1
105mm_occ_f1;OCC 105 F1;
105mm_ofl_105_f1;OFL 105 F1;
105mm_ofl_105_g1;OFL 105 G1;
105mm_oe_f1_mle60;OE 105 F1;
105mm_oe_60;OE 105 60
105mm_ofph_f1;OFPH 105 F1;
weapons/12_7mm_QJC_88A_user_machinegun;QJC88A式12.7毫米车载高射机枪;
weapons/7_62mm_Type86_user_machinegun;1986年式7.62毫米并列机枪;
weapons/7_5mm_AAT_52_user_machinegun;Arme Automatique Transformable de 7,5 mm modèle 52
weapons/90mm_SA45_ARL_user_cannon;Canon de 90 Semi-Automatique modèle 1945;
weapons/90mm_SA45_user_cannon;Canon de 90 Semi-Automatique modèle 1945;
weapons/90mm_SA47_user_cannon;Canon de 90 Semi-Automatique modèle 1947;
90mm_sa45_apc;Obus Perforant;
90mm_sa45_he;Obus Explosif;
weapons/20mm_M_693_user_cannon;Canon-Mitrailleur de 20 mm modèle F2;
weapons/13_2mm_Hotchkiss_Mle_1930_user_machinegun;13,2 mm Hotchkiss modèle 1930;
13mm_p;P;
13mm_tp;TP;
weapons/7_62mm_AAN_F1_user_machinegun;Arme Automatique de 7,62 mm N modèle F1 version C1
weapons/75mm_SA_46_user_cannon;Canon de 75 Semi-Automatique modèle 1944;
75mm_obus_de_rupture;Obus Perforant mle 44;
75mm_obus_explosif;Obus Explosif mle 28;
weapons/75mm_SA_49_user_cannon;Canon de 75 Semi-Automatique modèle 1949;
weapons/75mm_SA_50_user_cannon;CN 75-50;
weapons/75mm_SA_50_M4A4_user_cannon;CN 75-50;
75mm_sa50_he;OE-51;
75mm_pot51a;POT-51A;
75mm_pcot51p;PCOT-51P;
weapons/25mm_SA_34_user_cannon;Canon de 25 Semi-Automatique modèle 1935;
25mm_mle1934_tp_ch_f;mle 1934 TP (Ch.F);
weapons/47mm_SA_34_user_cannon;Canon de 47 Semi-Automatique modèle 1934;
weapons/47mm_SA_35_user_cannon;Canon de 47 Semi-Automatique modèle 1935;
weapons/7_5mm_MAC_31_user_machinegun;7,5 mm Mitrailleuse MAC modèle 1931;
weapons/depth_charge_it_btg;Bomba Torpedine a Getto BTG Monc. 50;
weapons/depth_charge_it_btg/short;BTG;
20mm_B;AP;
weapons/it_450mm_si200_torpedo;W 200/450X5,75;
weapons/it_450mm_si200_torpedo/short;W 200;
weapons/depth_charge_jp_type2_mod_1;二式一型爆雷;
weapons/depth_charge_it_btg100;Bomba Torpedine a Getto BTG Monc. 100;
weapons/depth_charge_it_btg100/short;BTG 100;
weapons/120mm_50_oto_1936_naval_user_cannon;Cannone OTO da 120/50 Mod. 36;
weapons/120mm_50_ansaldo_1926_naval_user_cannon;Cannone Ansaldo da 120/50 Mod. 26;
weapons/120mm_50_oto_1933_naval_user_cannon;Cannone OTO da 120/50 Mod. 33
120mm_50_granata_perforante_ap;Granata Perforante;
120mm_50_granata_dirompente_he;Granata Dirompente;
120mm_50_granata_dirompente_contro_aerea_he;Granata Dirompente Contra-aerea;
120mm_50;Granata Esplosivo;
weapons/it_533mm_si270_torpedo;Si 270/533;
weapons/it_533mm_si270_torpedo/short;Si 270;
weapons/it_533mm_si270_tipo_i_torpedo;Si 270/533,4X7,2 Tipo I;
weapons/it_533mm_si270_tipo_i_torpedo/short;Si 270 I;
weapons/it_533mm_si270_tipo_m_torpedo;Si 270/533,4X7,2 Tipo M;
weapons/it_533mm_si270_tipo_m_torpedo/short;Si 270 M;
weapons/it_533mm_si250_tipo_a_torpedo;Si 250/533,4X7,5 Tipo A;
weapons/it_533mm_si250_tipo_a_torpedo/short;Si 250 A;
weapons/it_533mm_si270_tipo_l_torpedo;Si 270/533,4X6,84 Tipo L;
weapons/it_533mm_si270_tipo_l_torpedo/short;Si 270 L;
102mm_45_sap;SAP;
75_32_apcbc;Granata Perforante;
75_32_he;Granata Esplosivo;
weapons/75mm_Ansaldo_75_34_user_cannon;Cannone Ansaldo da 75/34 Mod. SF;
weapons/aa_fcv_launcher_user_cannon;AAMW;
aa_fcv_missile;AAMW;
weapons/laser_cwis;CWIS;
weapons/76mm_fcs_smoke_grenade_launcher;Smoke Grenade;
weapons/76mm_fcs_smoke_grenade_launcher/short;Smoke Grenade;
weapons/81mm_smoke_granade_launcher;Smoke Grenade;
weapons/81mm_smoke_granade_launcher/short;Smoke;
weapons/81mm_tucha_launcher;Smoke Grenade;
weapons/81mm_tucha_launcher/short;Smoke;
weapons/81mm_3d17_smoke_launcher;Smoke Grenade;
weapons/81mm_3d17_smoke_launcher/short;Smoke;
81mm_3d17;3Д17;
weapons/102mm_uk_smoke_grenade_launcher;Smoke Grenade;
weapons/102mm_uk_smoke_grenade_launcher/short;Smoke
weapons/127mm_bgm_71b_tow_rocket_launcher;Launcher, Tubular, Guided Missile, M220A1;
weapons/127mm_bgm_71b_tow_rocket_launcher/short;M220A1;
weapons/127_bgm_71_tow/short;BGM-71A3;
127_bgm_71_tow;BGM-71A-3 TOW;
weapons/127mm_TOW_rocket_launcher;Launcher, Tubular, Guided Missile, M220A1;
weapons/127mm_TOW_rocket_launcher/short;M220A1;
127mm_atgm_tow;BGM-71A TOW;
weapons/127mm_atgm_tow/short;BGM-71A;
152mm_hj9;AFT09重型反坦克导弹;
weapons/152mm_hj9/short;AFT09;
weapons/cn_hj_9/short;AFT09;
weapons/cn_hj_9;AFT09重型反坦克导弹;
weapons/127mm_BGM_71_tow_Wiesel_launcher_user_cannon;Launcher, Tubular, Guided Missile, M220A1;
weapons/127mm_BGM_71_tow_M3A3_launcher_user_cannon;Launcher, Tubular, Guided Missile, M220A2;
70mm_m247;2.75” HE-DP (M247 | Mk 66);
weapons/70mm_m247/short;2.75” HE-DP (M247 | Mk 66);
50mm_arf_8m3;ARF/8M3
weapons/50mm_arf_8m3/short;ARF/8M3
25mm_m919;APFSDS-T, M919;
25mm_pmb_09;PMB 090;
30mm_mk258;APFSDS-T, Mk 258 Mod 1;
30mm_mk_266;HEI-T, Mk 266 Mod 0;
30mm_mk320;APDS-T, Mk 320 Mod 0
30mm_m928;APFSDS-T, M928;
weapons/30mm_Rheinmetall_MK_30_2_ABM_KF41_user_cannon;Maschinenkanone 30 mm, MK 30-2/ABM;
weapons/30mm_Rheinmetall_MK_30_2_ABM_user_cannon;Maschinenkanone 30 mm, MK 30-2/ABM;
weapons/30mm_Bushmaster_2_Mk_44_user_cannon;30 mm Bushmaster II Chain Gun;
weapons/30mm_Bushmaster_2_Mk_44_9030_user_cannon;30 mm Bushmaster II Chain Gun;
weapons/30mm_Bushmaster_2_Mk_44_NAMER_user_cannon;30 mm Bushmaster II Chain Gun;
weapons/30mm_Bushmaster_2_Mk_44_MCT30_user_cannon;30 mm Bushmaster II Chain Gun;
weapons/30mm_Bushmaster_2_Mk_44_VILKAS_user_cannon;30 mm Bushmaster II Chain Gun;
weapons/35mm_bushmaster_3_user_cannon;35 mm Bushmaster III Chain Gun;
weapons/105mm_PzK_M57_user_cannon;Canon de 105 mm modèle 57
weapons/127mm_ZT_3_launcher_user_cannon;ZT3;
127mm_swift;ZT3-A1;
weapons/127mm_swift/short;ZT3-A1;
127mm_ingwe;ZT3-A2;
weapons/127mm_ingwe/short;ZT3-A2;
weapons/127mm_iTOW_launcher_user_cannon;Dual Launcher, Tubular, Guided Missile, M220A1;
weapons/127mm_BGM_71_tow_launcher_user_cannon;Launcher, Tubular, Guided Missile, M220A2;
weapons/127mm_bgm_71_tow_begleitpanzer_launcher_user_cannon;Launcher, Tubular, Guided Missile, M220A1;
127mm_i_tow;BGM-71C ITOW;
152mm_tow_2;BGM-71D TOW 2;
152mm_tow_2a;BGM-71E TOW 2A;
127mm_tow_2b;BGM-71F TOW 2B;
weapons/103mm_milan_launcher_user_cannon;MILAN;
weapons/103mm_MILAN_rocket_launcher;MILAN;
weapons/103mm_MILAN_rocket_launcher/short;MILAN;
weapons/103_milan/short;MILAN;
103_milan;MILAN;
weapons/120mm_122TM_user_cannon;1971年式120毫米坦克炮
120mm_122tm_he;1971年式120毫米滑膛坦克炮杀伤爆破榴弹;
120mm_122tm_steel;1971年式120毫米滑膛坦克炮脱壳超速穿甲弹;
120mm_122tm_tungsten;1971年式120毫米滑膛坦克炮脱壳超速穿甲弹;
120mm_122tm_heat;1971年式120毫米滑膛坦克炮破甲弹;
weapons/120mm_302_atgm_rocket_launcher;302反坦克导弹;
weapons/120mm_302_atgm_rocket_launcher/short;302;
weapons/atgm_302/short;302;
atgm_302;302反坦克导弹;
weapons/115mm_MILAN_2_rocket_launcher;MILAN 2;
weapons/115mm_MILAN_2_rocket_launcher/short;MILAN 2;
weapons/115_milan_2/short;MILAN 2;
115_milan_2;MILAN 2;
weapons/152mm_Type_79_launcher_user_cannon;79式対舟艇対戦車誘導弾発射装置;
weapons/152mm_Type_79_launcher_user_cannon/short;ATM-2;
type_79_asm;誘導弾AS;
weapons/type_79_asm/short;AS;
weapons/152mm_type_79_rocket_launcher;79式対舟艇対戦車誘導弾;
weapons/152mm_type_79_rocket_launcher/short;79式対舟艇対戦車誘導弾;
type_79_atgm;誘導弾AT-B;
weapons/type_79_atgm/short;AT-B;
weapons/130mm_9M114_launcher_user_cannon;ПУ 9М114/9М120 для «Штурм-С»;
weapons/130mm_Starstreak_hvm_launcher_user_cannon;Starstreak HVM;
weapons/163mm_roland_2_launcher_user_cannon;Roland;
weapons/163mm_roland_launcher_user_cannon;Roland;
weapons/239mm_9M331_user_cannon;Зенитно-ракетный модуль 9М334 x2;
weapons/239mm_HQ_17_user_cannon;ADK17地对空导弹发射器
weapons/209mm_9M33A3_launcher_user_cannon;Пусковая установка 9П35М2
weapons/163mm_vt_1_launcher_user_cannon;VT1;
weapons/163mm_roland_vt_1_launcher_user_cannon;Roland;
weapons/180mm_IRIS_T_SL_user_cannon;IRIS-T SLM
us_iris_t_sl;IRIS-T SL
weapons/us_iris_t_sl/short;IRIS-T SLM
us_iris_t;Rb 98
165mm_vt_1;VT1;
weapons/165mm_vt_1/short;VT1;
weapons/178mm_sl_amraam_user_cannon;AIM-120 Launcher
weapons/127mm_aim_9x_user_cannon;AIM-9 Launcher
weapons/152mm_MIM146_launcher_user_cannon;MIM-146;
weapons/127mm_bgm_71c_itow_rocket_launcher;Launcher, Tubular, Guided Missile, M220A1;
weapons/127mm_bgm_71c_itow_rocket_launcher/short;M220A1;
weapons/127mm_bgm_71c_itow_rocket_launchr_user_cannon;Launcher, Tubular, Guided Missile, M220A1;
weapons/127mm_bgm_71c_itow_rocket_launchr_user_cannon/short;M220A1;
weapons/127_bgm_71_itow/short;BGM-71C;
127_bgm_71_itow;BGM-71C ITOW;
weapons/75mm_43M_user_cannon;75 mm 43M;
75mm_43m;43M;
75mm_43m_he;43M;
75mm_43m_heat;43M;
weapons/75mm_41M_user_cannon;75 mm 41M;
75mm_42m;42M;
75mm_42_38m;42/38M;
75mm_42_36m;42/36M;
weapons/57mm_Bofors_L70_Mk_1_user_cannon;Bofors 57 mm Gun L/70 Mk. 1;
57_438mm_ap;AP-T;
57_438mm_he;HE-T;
57_438mm_he_vt;HE-VT;
57_438mm_sap;SAP-T;
apds_fs_long_tank/name;Armor-Piercing Fin-Stabilized Discarding Sabot shot;
apds_fs_long_tank/name/short;APFSDS;
apds_fs_tungsten_caliber_fins_tank/name;Armor-Piercing Fin-Stabilized Discarding Sabot shot;
apds_fs_tungsten_caliber_fins_tank/name/short;APFSDS;
apds_fs_long_l30_tank/name;Armor-Piercing Fin-Stabilized Discarding Sabot shot;
apds_fs_long_l30_tank/name/short;APFSDS;
he_frag_fs_tank/name;High-Explosive Fragmentation Fin-Stabilized shell;
he_frag_fs_tank/name/short;HE-F-FS;
weapons/7_62mm_PKT_beltfed_user_machinegun;7,62-мм танковый пулемёт ПКT (6П7);
weapons/7_62mm_PKT_user_machinegun;7,62-мм танковый пулемёт ПКT (6П7);
weapons/7_62mm_PKTM_user_machinegun;7,62-мм танковый пулемёт ПКTМ (6П7К);
weapons/7_62mm_PKMB_user_machinegun;7,62-мм пулемёт ПКМ (6П6М);
weapons/125mm_9M14_rocket_launcher;Противотанковая управляемая ракета 9М14;
weapons/125mm_9M14_rocket_launcher/short;ПТУР 9М14;
weapons/125mm_9M14/short;ПТУР 9М14;
weapons/125mm_hj_73_rocket_launcher;AFT07反坦克导弹;
weapons/125mm_hj_73_rocket_launcher/short;AFT07;
weapons/125mm_hj_73/short;AFT07;
weapons/125mm_AFT_07_rocket_launcher;AFT07E反坦克导弹;
weapons/125mm_AFT_07_rocket_launcher/short;AFT07E;
weapons/120_aft_07/short;AFT07E;
weapons/125mm_2A26_user_cannon;125-мм танковая пушка Д-81 (2А26);
weapons/125mm_2A46_2_user_cannon;125-мм танковая пушка 2А46-2;
weapons/125mm_2A46_M5_T_90A_user_cannon;125-мм танковая пушка 2А46М-5;
weapons/125mm_2A46_M5_user_cannon;125-мм танковая пушка 2А46М-5-01;
weapons/125mm_2A46_M5_t_90s_bheeshma_user_cannon;125-mm Tank Gun 2A46M;
weapons/125mm_2A46_M1_user_cannon;125-мм танковая пушка Д-81-3 (2А46М);
weapons/125mm_2A46_M1_T_80U_user_cannon;125-мм танковая пушка 2А46М-1;
weapons/125mm_2A46_M1_T_80UK_user_cannon;125-мм танковая пушка 2А46М-1;
weapons/125mm_2A46_M1_T_80U_e1_user_cannon;125-мм танковая пушка 2А46М-4;
weapons/125mm_2A46_M1_T_80BVM_user_cannon;125-мм танковая пушка 2А46М-4;
weapons/125mm_2A46MS_user_cannon;125-mm tankové delo 2A46MS;
125mm_3bm42m;3БМ42М;
125mm_3bm46;3БМ46;
125mm_3bm60;3БМ60;
125mm_tapna;TAPNA;
120_aft_07;AFT07E;
125mm_hj_73;AFT07;
125mm_hj_73e;AFT07E;
weapons/125mm_hj_73e/short;AFT07E;
weapons/7_62mm_maxim_garford_user_machinegun;7,62-мм пулемёт Максима обр. 1910 г.
weapons/7_92mm_mg08_user_machinegun;7,92-mm Maschinengewehr 08;
weapons/57mm_qf_6pdr_user_cannon;Ordnance, QF 6-pr 6-cwt, Mk. I;
weapons/57mm_maxim_nordenfelt_user_cannon;5,7 cm Maxim-Nordenfelt
weapons/75mm_1897_user_cannon;Canon de 75 mm modèle 1897;
weapons/76mm_1910_16_user_cannon;76-мм противоштурмовая пушка обр. 1910 г.
76mm_1910_shrapnel;Ш обр. 1909 г.
76mm_1910_he;ОФ обр. 1909 г.
57mm_qf_ap;Steel Shell
57mm_qf_he;Common Shell
57mm_gr_p;Gr.m.P.(P)
57mm_gr;Gr.(P)
125mm_9m_119m1;ПТУР 9М119М1 «Инвар-М»;
125mm_3bm42;3БМ42;
125mm_practice;3П11;
125mm_9m_112;ПТУР 9М112 «Кобра»;
weapons/125mm_9m_112/short;ПТУР 9М112 «Кобра»;
125mm_9m_119;ПТУР 9М119;
weapons/125mm_9m_119/short;ПТУР 9М119;
125mm_3bk_12m;3БK12М;
125mm_3bk_18m;3БK18М;
125mm_3bm9;3БМ9;
125mm_3bm12;3БМ12;
125mm_3bm15;3БМ15;
125mm_3bm22;3БМ22;
125mm_3of_19;3OФ19;
125mm_3of_26;3OФ26;
125mm_3of_26_edkv;3OФ26 ЭДКВ;
125mm_9M14;ПТУР 9М14;
125mm_bta4;BTA4;
weapons/125mm_9M113_rocket_launcher;Противотанковая управляемая ракета 9М113 «Удар»;
weapons/125mm_9m113_launcher_user_cannon;ПУ 9М113;
weapons/125mm_9M113_rocket_launcher/short;ПТУР 9М113;
weapons/125mm_9M113/short;ПТУР 9М113;
125mm_9M113;ПТУР 9М113 «Удар»;
105mm_m735;APFSDS-T, M735;
105mm_m456a2;HEAT-T-MP, M456A2;
105mm_m774;APFSDS-T, M774;
105mm_c76a1;APFSDS-T, C76A1;
105mm_m833;APFSDS-T, M833;
weapons/100mm_D50_user_cannon;100-мм самоходная пушка Д-50;
weapons/152mm_XM150E5_KPz_user_cannon;Cannon, 152 mm Gun/Launcher: XM150E5;
weapons/152mm_XM150E5_user_cannon;Cannon, 152 mm Gun/Launcher: XM150E5;
weapons/152mm_XM150E6_user_cannon;Cannon, 152 mm Gun/Launcher: XM150E6;
152mm_xm410e1;Smoke WP, XM410E1;
152mm_mgm_61c;MGM-51C;
152mm_xm578e1;APFSDS-T, XM578E1;
weapons/106mm_Type_60B_user_cannon;60式26口径106mm無反動砲(B);
weapons/106mm_M40A1C_T114_user_cannon;Rifle, Recoilless, 106-mm: M40A1C;
weapons/73mm_2A28_user_cannon;73-мм гладкоствольное орудие ТКБ-04 (2А28);
weapons/73mm_Type_85_user_cannon;1986年式73毫米低压滑膛枪;
73mm_type_85_heat;DYP-73;
73mm_type_85_he;DYS-73;
73mm_og_9;OГ-9;
73mm_pg_9;ПГ-9;
weapons/106mm_M40A1C_user_cannon;Rifle, Recoilless, 106-mm: M40A1C;
weapons/100mm_Type69_user_cannon;1969年式100毫米坦克炮;
100mm_1_72_13;1971年式100毫米滑膛坦克炮通用破甲弹;
100mm_1_72_85;1971年式100毫米滑膛炮脱壳超速穿甲弹;
100mm_1_71_74;1971年式100毫米滑膛炮全装药杀伤榴弹;
weapons/100mm_Type69_II_user_cannon;69-II型100毫米坦克炮;
100mm_type1973;1973年式100毫米滑膛反坦克炮通用破甲弹;
type_44_he;1959年式100毫米坦克炮杀伤爆破弹;
type_44_ap;1959年式100毫米坦克炮曳光被帽穿甲弹;
40mm_mk_i_navy;Mk. I;
120mm_mark_va;Mk. VA;
120mm_mark_viia;Mk. VIIA;
120mm_mark_viia_df;Mk. VIIA DF;
120mm_mark_viia_vt;Mk. VIIA VT;
weapons/130mm_50_b13_1936_naval_user_cannon;130-мм корабельная пушка обр. 1935 г. (Б-13);
weapons/76mm_55_34k_naval_user_cannon;76-мм зенитная пушка обр. 1935 г. (34-К);
weapons/102mm_45_4in_qf_mark16_21_naval_user_cannon;Ordnance, Q.F., 4-inch, Mk. XIX;
weapons/120mm_45_4_7in_mark12_cp19_mount_naval_user_cannon;Ordnance, Q.F., 4.7-inch, Mk. XII on Mounting CP Mk. XIX;
weapons/120mm_45_qf_mk12_mount_cp17_single_naval_user_cannon;Ordnance, Q.F., 4.7-inch, Mk. IX on Mounting CP Mk. XVII;
weapons/120mm_40_qf_mk12_mount_ha_single_naval_user_cannon;Ordnance, Q.F., 4.7-inch, Mk. XII
weapons/120mm_45_qf_mk9_single_naval_user_cannon;Ordnance, Q.F., 4.7-inch, Mk. IX
weapons/us_533mm_21in_mark16_torpedo;21” Torpedo Mk 16 Mod 0;
weapons/us_533mm_21in_mark16_torpedo/short;Mk 16 Mod 0;
76mm_naval_he;HE;
40mm_HF_MKII_TL;HF Mk. II;
40mm_M81_AP;AP-T, M81;
20x138B;AP;
81mm_he_m43a1;HE, M43A1;
weapons/60mm_smoke_mortar_launcher;Smoke Grenade;
weapons/60mm_smoke_mortar_launcher/short;Smoke;
weapons/91mm_germ_smoke_mortar_launcher;Smoke Grenade;
weapons/91mm_germ_smoke_mortar_launcher/short;Smoke;
weapons/91mm_germ_smoke_grenade_launcher;Smoke Grenade;
weapons/91mm_germ_smoke_grenade_launcher/short;Smoke;
weapons/50mm_uk_smoke_mortar_launcher;Smoke Grenade;
weapons/50mm_uk_smoke_mortar_launcher/short;Smoke;
weapons/66mm_germ_smoke_mortar_launcher;Smoke Grenade;
weapons/66mm_germ_smoke_mortar_launcher/short;Smoke;
weapons/66mm_germ_smoke_candle_launcher;Smoke Grenade;
weapons/66mm_germ_smoke_candle_launcher/short;Smoke;
weapons/76mm_nato_smoke_grenade_launcher;Smoke Grenade;
weapons/76mm_nato_smoke_grenade_launcher/short;Smoke;
weapons/76mm_nato_smoke_grenade_launcher_single;Smoke Grenade;
weapons/76mm_nato_smoke_grenade_launcher_single/short;Smoke;
weapons/76mm_nato_smoke_grenade_launcher_ru251;Smoke Grenade;
weapons/76mm_nato_smoke_grenade_launcher_ru251/short;Smoke;
weapons/76mm_modern_smoke_grenade_launcher;Smoke Grenade;
weapons/76mm_modern_smoke_grenade_launcher/short;Smoke;
weapons/60mm_modern_smoke_grenade_launcher;Smoke Grenade;
weapons/60mm_modern_smoke_grenade_launcher/short;Smoke;
weapons/76mm_modern_germ_smoke_grenade_launcher;Smoke Grenade;
weapons/76mm_modern_germ_smoke_grenade_launcher/short;Smoke;
weapons/66mm_modern_uk_smoke_grenade_launcher;Smoke Grenade;
weapons/66mm_modern_uk_smoke_grenade_launcher/short;Smoke;
weapons/66mm_modern_us_smoke_grenade_launcher;Smoke Grenade;
weapons/66mm_modern_us_smoke_grenade_launcher/short;Smoke;
weapons/66mm_modern_smoke_grenade_launcher;Smoke Grenade;
weapons/66mm_modern_smoke_grenade_launcher/short;Smoke;
weapons/40mm_modern_smoke_grenade_launcher;Smoke Grenade;
weapons/40mm_modern_smoke_grenade_launcher/short;Smoke;
weapons/66mm_type_90_modern_smoke_grenade_launcher;Smoke Grenade;
weapons/66mm_type_90_modern_smoke_grenade_launcher/short;Smoke;
weapons/66mm_uk_smoke_grenade_launcher;Smoke Grenade;
weapons/66mm_uk_smoke_grenade_launcher/short;Smoke;
weapons/66mm_smoke_grenade_launcher_m60a2;Smoke Grenade;
weapons/66mm_smoke_grenade_launcher_m60a2/short;Smoke;
76mm_howitzer_shell_smoke;3” Smoke;
76mm_smoke_grenade;Smoke Grenade;
63mm_smoke_grenade;Smoke Grenade;
66mm_smoke_grenade;Smoke Grenade;
81mm_smoke_grenade;Smoke Grenade;
weapons/80mm_galix_smoke_grenade_launcher;Smoke Grenade;
weapons/80mm_galix_smoke_grenade_launcher/short;Smoke;
weapons/80mm_brenus_smoke_grenade_launcher;Smoke Grenade;
weapons/80mm_brenus_smoke_grenade_launcher/short;Smoke;
80mm_galix_smoke_grenade;Smoke grenade;
weapons/t_34_100_smoke_barrel_launcher;МДШ;
weapons/t_34_100_smoke_barrel_launcher/short;Smoke;
weapons/t_44_100_smoke_barrel_launcher;МДШ;
weapons/t_44_100_smoke_barrel_launcher/short;Smoke;
weapons/asu_85_smoke_barrel_launcher;БДШ-5;
weapons/asu_85_smoke_barrel_launcher/short;Smoke;
weapons/is_3_smoke_barrel_launcher;БДШ-5;
weapons/is_3_smoke_barrel_launcher/short;Smoke;
weapons/is_4m_smoke_barrel_launcher;БДШ-5;
weapons/is_4m_smoke_barrel_launcher/short;Smoke;
weapons/object_268_smoke_barrel_launcher;БДШ-5;
weapons/object_268_smoke_barrel_launcher/short;Smoke;
weapons/su_122_54_smoke_barrel_launcher;БДШ-5;
weapons/su_122_54_smoke_barrel_launcher/short;Smoke;
weapons/t_10m_smoke_barrel_launcher;БДШ-5;
weapons/t_10m_smoke_barrel_launcher/short;Smoke;
weapons/t54_1947_smoke_barrel_launcher;БДШ-5;
weapons/t54_1947_smoke_barrel_launcher/short;Smoke;
weapons/t54_1951_smoke_barrel_launcher;БДШ-5;
weapons/t54_1951_smoke_barrel_launcher/short;Smoke;
weapons/type_62_smoke_barrel_launcher;Smoke Barrel;
weapons/type_62_smoke_barrel_launcher/short;Smoke;
weapons/uk_450mm_18in_mk15_torpedo;Torpedo, 18”, Mk. XV;
weapons/uk_450mm_18in_mk15_torpedo/short;Mk. XV;
weapons/40mm_l60_bofors_mk1_twin_naval_user_cannon;Ordnance, Q.F., 40 mm, Mk. I;
weapons/40mm_l60_bofors_mk2_quad_naval_user_cannon;Ordnance, Q.F., 40 mm, Mk. II;
weapons/40mm_l60_bofors_mk3_single_naval_user_cannon;Ordnance, Q.F., 40 mm, Mk. III;
weapons/40mm_qf_bofors_mk7_single_naval_user_cannon;Ordnance, Q.F., 40 mm, Mk. VII;
weapons/40mm_qf_bofors_mk5_twin_naval_user_cannon;Ordnance, Q.F., 40 mm, Mk. V;
weapons/40mm_qf_bofors_staag_mk2_twin_naval_user_cannon;Ordnance, Q.F., 40 mm, STAAG Mk. II;
weapons/40mm_Mle51_t1_user_cannon;CN 40 AA 51 T1;
weapons/81mm_mk_2_mortar_naval_user_cannon;81 mm Mortar Mk 2 Mod 0;
weapons/81mm_mk_2_mortar_naval_user_cannon/short;Mortar Mk 2 Mod 0;
weapons/40mm_l70_bofors_mel58_naval_user_cannon;40 mm MEL 58;
37mm_breda_navy_he_t/name;HE-T
40mm_bofors_mel58_navy_he/name;HE-T
40mm_m_dn51;M-DN51 HE-T;
40mm_bofors_mel58_navy_he_tf/name;HE-T-PF
40mm_he_t_pf;HE-T-PF;
weapons/114mm_19_4_5in_8cwt_qf_mark1_naval_user_cannon;Ordnance, Q.F., 4.7-inch, Mk. I;
weapons/37mm_69_flak_m42_naval_user_cannon;3,7 cm-Flugabwehrkanone C/36;
weapons/37mm_69_flak_lm42_twin_naval_user_cannon;3,7 cm-Flugabwehrkanone LM 42U;
114mm_he_shell;HE;
25mm_type96_apt;九六式徹甲弾;
25mm_type96_he_t;HE-T
weapons/120mm_Schneider_Canet_1898_user_cannon;斯加式十二糎速射加農砲;
120mm_schneider_canet_common;Obus Perforant;
120mm_schneider_canet_he;Obus Explosif;
weapons/70mm_Type94_user_cannon;九四式七糎戦車砲;
70mm_type92_he;九二式榴弾;
70mm_type95_ap;九五式徹甲弾;
weapons/7_7mm_Type_97_user_machinegun;九七式車載重機関銃;
weapons/6_5mm_Type_91_user_machinegun;九一式車載軽機関銃;
weapons/20mm_type98_user_cannon;九八式二十粍高射機関砲;
weapons/37mm_type_94_user_cannon;九四式三十七粍戦車砲;
weapons/37mm_Type1_user_cannon;一式三十七粍戦車砲;
weapons/37mm_Type100_user_cannon;一〇〇式三十七粍戦車砲;
weapons/47mm_Type1_user_cannon;一式四十七粍戦車砲;
weapons/57mm_Type90_user_cannon;九〇式五糎七戦車砲;
weapons/57mm_Type97_user_cannon;九七式五糎七戦車砲;
weapons/75mm_Type3_user_cannon;三式七糎半戦車;
weapons/75mm_Type4_user_cannon;四式七糎半速射砲;
weapons/120mm_type_3_user_cannon;三式十二糎高射砲;
weapons/120mm_10th_Year_type_user_cannon;四十五口径十年式十二糎高角砲;
120mm_common_he_base_fuze;〇式榴弾;
120mm_ordinary_mod_1;一式榴弾;
weapons/75mm_Type90_user_cannon;九〇式七糎半野砲;
weapons/75mm_Type99_user_cannon;九九式七糎半戦車砲;
weapons/120mm_Navy_Short_Gun_user_cannon;十二口径短十二糎砲;
weapons/90mm_Type61_user_cannon;61式90mm戦車砲(C);
weapons/20mm_Type98_user_cannon;九八式二十粍高射機関砲;
weapons/150mm_Type_38_user_cannon;三八式十五糎榴弾砲;
weapons/76mm_1902_30_user_cannon;76-мм дивизионная пушка обр. 1902/30 г.;
weapons/85mm_Type_62_85_TC_user_cannon;1963年式85毫米坦克炮;
weapons/85mm_Type_63_user_cannon;1963年式85毫米坦克炮;
weapons/85mm_Type_56_user_cannon;85-мм танковая пушка обр. 1944 г. (ЗиС-С-53);
type_56_he;1956年式85毫米加农炮全装药杀伤榴弹;
type_56_apc;1956年式85毫米加农炮曳光被帽穿甲弹;
type_56_hvap;53-БР-367П;
type_56_ap;56式85mm加农炮气缸微旋破甲弹;
type_56_apbc;53-БР-365;
type_56_apcr;1956年式85毫米加农炮曳光超速穿甲弹;
85mm_djw_85;DJW1/PL56-85;
20mm_type100_ap;一〇〇式徹甲弾;
20mm_type100_he;一〇〇式榴弾;
37mm_aphe;九四式徹甲弾;
37mm_type1_ap;一式徹甲弾;
47mm_type1_ap;一式徹甲弾;
47mm_type1_he;一式榴弾;
57mm_type90_ap;九二式徹甲弾;
57mm_type90_he;九〇式榴弾;
57mm_type3;三式成形炸薬弾;
70mm_type3;三式成形炸薬弾;
75mm_type1_ap;一式徹甲弾;
75mm_type2;二式成形炸薬弾;
75mm_type90;九〇式発煙弾;
75mm_type94_he;九四式榴弾;
75mm_type90_smoke;九〇式発煙弾;
75mm_type95;九五式徹甲弾;
120mm_type88_mod4_fuze;八八式四型榴弾;
120mm_type88_selective_fuze;八八式榴弾;
150mm_type_92;九二式榴弾;
150mm_type_95;九五式徹甲弾;
106mm_m344a1;HEAT, M344A1;
106mm_m361a1;HEP, M361A1;
weapons/depth_charge_de_wbd;Wasserbombe WBD;
weapons/depth_charge_de_wbd/short;WBD;
weapons/de_450_torpedo_1a1;45 cm F5b LT I A1;
weapons/de_450_torpedo_1a1/short;F5b LT I A1;
mg131_fighter/name;Omni-Purpose ammunition belt for 13 mm machine gun;
mg131_fighter/name/short;Universal;
mg131_apt/name;13 mm machine gun ammunition belt with APT bullets;
mg131_apt/name/short;APIT;
mg131_heit/name;13 mm machine gun ammunition belt with HEIT bullets;
mg131_heit/name/short;IAI;
mgc30l_apit/name;20 mm Armor-Piercing Incendiary shells with tracers;
mgc30l_apit/name/short;APIT;
mgc30l_heit/name;20 mm HE Fragmentation-Incendiary shells with tracers;
mgc30l_heit/name/short;HEFI-T;
mgc30l_mix/name;20 mm HE Fragmentation-Incendiary and Armor-Piercing Incendiary shells with tracers.;
mgc30l_mix/name/short;Universal;
nr23_turret_heit/name;23 mm Fragmentation-Incendiary shells with tracers;
nr23_turret_heit/name/short;FI-T;
nr23_turret_apit/name;23 mm Armor-Piercing Incendiary shells with tracers;
nr23_turret_apit/name/short;APIT;
23mm_ussr_HEIT/name;23 mm HE Fragmentation-Incendiary shells with tracers;
23mm_ussr_HEIT/name/short;HEFI-T;
23mm_ussr_APIT/name;23 mm Armor-Piercing Incendiary shells with tracers;
23mm_ussr_APIT/name/short;APIT;
20mm_Vulcan_HEI/name;HEI, M56A3;
20mm_Vulcan_HEI/name/short;M56A3;
20mm_Vulcan_API/name;API, M53;
20mm_Vulcan_API/name/short;M53;
weapons/20mm_65_c38_naval_user_cannon;2 cm-Flugabwehrkanone C/38;
weapons/20mm_65_c38_zwilling_naval_user_cannon;2 cm-Flugabwehrkanone-Zwilling C/38;
weapons/20mm_65_c30_naval_user_cannon;2 cm-Flugabwehrkanone C/30;
weapons/de_500mm_g7_torpedo;500 mm G7;
weapons/de_500mm_g7_torpedo/short;G7;
weapons/de_533mm_g7a_torpedo;533 mm G7a TI;
weapons/de_533mm_g7a_torpedo/short;G7a TI;
weapons/de_533mm_g7e_torpedo;533 mm G7e TIIIa;
weapons/de_533mm_g7e_torpedo/short;G7e TIIIa;
weapons/15mm_MG151_user_cannon;15 mm-Flugzeugmaschinengewehr 151;
15mm_h_pzgr;H.-Panzergranate;
weapons/15mm_MG151_mid_drilling_user_cannon;15 mm-Fluzeugmaschinengewehr 151;
weapons/15mm_MG151_out_drilling_user_cannon;15 mm-Fluzeugmaschinengewehr 151;
weapons/20mm_mg151_20_mid_drilling_user_cannon;20 mm-Flugzeugmaschinengewehr 151/20
weapons/20mm_mg151_20_out_drilling_user_cannon;20 mm-Flugzeugmaschinengewehr 151/20
20mm_mgr;Minengeschoss
20mm_pzsprgr;Panzersprenggranate
weapons/15mm_mg151_1936_naval_user_cannon;15 mm-Flugzeugmaschinengewehr 151;
weapons/15mm_mg151_1936_overheating_naval_user_cannon;15 mm-Flugzeugmaschinengewehr 151;
weapons/us_533mm_21in_mark18_mod1_torpedo;21” Torpedo Mk 8 Mod 3C;
weapons/us_533mm_21in_mark18_mod1_torpedo/short;Mk 8 Mod 3;
weapons/depth_charge_mk_6;Depth Charge Mk 6 Mod 0;
weapons/depth_charge_mk_6/short;Mk 6 Mod 0;
weapons/20mm_oerlikon_mk2_single_naval_user_cannon;20 mm/70 Caliber Gun Mk 2 Mod 0;
weapons/20mm_oerlikon_mk2_single_naval_user_cannon/short;20 mm/70 Caliber Gun Mk 2 Mod 0;
weapons/37mm_56_an_m4_naval_user_cannon;37 mm/56 Caliber Gun AN/M4;
weapons/40mm_56_4cm_flak_28_bofors_naval_user_cannon;4 cm-Flugabwehrkanone 28;
40mm_sprgr_patr_flak28_he;Sprenggranate;
40mm_bofors_flak28_navy_he_t/name;HE-T
37mm_m80;AP-T, M80;
weapons/12_7mm_m2_browning_naval_user_machinegun;0.50”/90 Caliber Gun AN/M2;
weapons/12_7mm_m2_browning_naval_user_machinegun/short;0.50”/90 Caliber Gun AN/M2;
weapons/12_7mm_M80_user_machinegun;Rifle, Caliber .50, Spotting: M8C;
weapons/12_7mm_M80_20_user_machinegun;Rifle, Caliber .50, Spotting: M8C;
weapons/12_7mm_Type_60B_user_machinegun;60式口径50スポットライフル(B);
weapons/us_569mm_22_5_in_mark13_torpedo;22.5” Torpedo Mk 13 Mod 3;
weapons/us_569mm_22_5_in_mark13_torpedo/short;Mk 13 Mod 3;
weapons/40mm_50_2pdr_rolls_royce_mk14_naval_user_cannon;Ordnance, Q.F., 2-pr, Mk. XIV;
weapons/40mm_39_2pdr_qf_mk2c_naval_user_cannon;Ordnance, Q.F., 2-pr, Mk. IIC;
weapons/12_7mm_vickers_mk5_naval_user_machinegun;Machine Gun, .50” , Vickers Mk. V;
weapons/20mm_oerlikon_mk5_twin_mount_naval_user_cannon;20 mm Oerlicon Cannon Mk. V;
weapons/20mm_oerlikon_mk24_twin_mount_naval_user_cannon;20 mm Oerlikon Cannon Mk. 24;
weapons/depth_charge_mk_vii;Depth Charge Mk. VII;
weapons/depth_charge_mk_vii/short;Mk. VII;
weapons/depth_charge_mk_vii_mortar;Depth Charge Mk. VII;
weapons/depth_charge_mk_vii_mortar/short;Mk. VII;
weapons/jp_450mm_type44_torpedo;450mm四四式魚雷;
weapons/jp_450mm_type44_torpedo/short;四四式;
weapons/jp_450mm_type2_torpedo;450mm二式2号魚雷;
weapons/jp_450mm_type2_torpedo/short;二式2号;
weapons/jp_610mm_type90_torpedo;610mm九〇式魚雷;
weapons/jp_610mm_type90_torpedo/short;九〇式;
weapons/depth_charge_jp_type95;九五式爆雷;
weapons/depth_charge_jp_type95/short;九五式;
weapons/depth_charge_jp_type3;三式爆雷;
weapons/depth_charge_jp_type3/short;三式;
weapons/depth_charge_jp_type2;二式爆雷;
weapons/depth_charge_jp_type2/short;二式;
weapons/25mm_60_type96_naval_user_cannon;九六式25mm高角機銃;
weapons/25mm_60_hotchkiss_naval_user_cannon;25 mm Hotchkiss modèle 1938
weapons/76mm_40_f34_naval_user_cannon;76-мм танковая пушка обр. 1940 г. (Ф-34);
weapons/su_ttka_53_183_torpedo_tube;533-мм торпеда 53-38;
weapons/su_ttka_53_183_torpedo_tube/short;53-38;
weapons/45mm_46_21k_naval_user_cannon;45-мм полуавтоматическая универсальная пушка 21-К;
weapons/45mm_68_21km_naval_user_cannon;45-мм полуавтоматическая универсальная пушка 21-КМ;
weapons/37mm_67_70k_single_naval_user_cannon;37-мм автоматическая зенитная пушка 70-K;
weapons/12_7mm_dshk_1938_naval_user_machinegun;12,7-мм пулемёт обр. 1938 г. (ДШК);
weapons/ussr_533mm_53_38_torpedo;533-мм торпеда 53-38;
weapons/ussr_533mm_53_38_torpedo/short;53-38;
fab250_43;250 kg авиационная бомба ФАБ-250М-43;
weapons/105mm_JSW_user_cannon;株式会社日本製鋼所52口径105mm戦車砲;
weapons/105mm_L7A3_Type74_user_cannon;74式105mm戦車砲;
weapons/105mm_L7A3_Type74kai_user_cannon;74式105mm戦車砲;
weapons/120mm_L30A1_user_cannon;Ordnance, BL, 120-mm, Tk, L30A1;
weapons/183mm_QF_L4_user_cannon;Ordnance, QF, 183-mm, Tk, L4A1;
weapons/90mm_BK90_Ru251_user_cannon;Bordkanone 90 mm, L 40;
weapons/75mm_M2_howitzer_user_cannon;Howitzer, 75-mm, M2;
75mm_m66;HEAT-T, M66;
90mm_dm502;DM 502;
120mm_l26;APFSDS-T, L26A1;
120mm_l27a1;APFSDS-T, L27A1;
105mm_type93;93式105mm装弾筒付翼安定徹甲弾;
183mm_hesh;HESH, L1A1;
120mm_t14e3;APC-T, T14E3;
120mm_t17e1;HVAP-T, T17E1;
weapons/155mm_M185_user_cannon;Howitzer, 155-mm, M185;
weapons/155mm_soltam_user_cannon;155mm M-845;
weapons/155mm_m45_user_cannon;Howitzer, 155-mm, M45;
weapons/155mm_m126_user_cannon;Howitzer, 155-mm, M126;
weapons/155mm_m126e1_user_cannon;Haubitze 155 mm, ROVH 155 DM 2;
weapons/155mm_T7_user_cannon;Gun, 155-mm, T7;
weapons/203mm_m47_user_cannon;Howitzer, 8-in, M47
weapons/155mm_t180_user_cannon;Gun, 155-mm, T180
155mm_m107;HE, M107;
155mm_t152;HEP, T152E5
155_mm_t267;HEAT, T267
203mm_m106;HE, M106
155mm_m110;Smoke WP, M110;
155mm_m401;M401;
155mm_m112b1;AP, M112B1;
155mm_t29e1;APC, T29E1;
weapons/120mm_T53_user_cannon;Gun, 120-mm, T53;
120mm_t20e3;Test Shot, T20E3;
120mm_m73;HE, M73;
weapons/106mm_M40_RR_user_cannon;Rifle, Recoilless, 106 mm, M40;
weapons/105mm_L7A3_STB_user_cannon;L7A3 51口径105mm戦車砲;
weapons/37mm_Type1_Chi_Ri_user_cannon;一式三十七粍戦車砲;
weapons/75mm_Type5_user_cannon;試製五式七糎半速射砲I型;
weapons/85mm_D58_user_cannon;85-мм танковая пушка Д-58;
88mm_spgr_lh31;Sprenggranate L/4,5 Lh 31;
88mm_spgr_br_lh31;Sprenggranate L/4,5 Br. Lh 31;
weapons/88mm_45_skc_35_naval_user_cannon;8,8 cm-Schnellladekanone C/35;
weapons/7_62mm_Type74_user_machinegun;74式車載7.62mm機関銃(B);
weapons/7_62mm_M37_user_machinegun;Machine Gun, Caliber .30: Tank, M37;
85mm_3bk2;3БK2М;
weapons/depth_charge_ussr_pr_183;Бомба большая ББ-1;
weapons/depth_charge_ussr_pr_183/short;ББ-1;
weapons/85mm_52_90k_naval_user_cannon;85-мм зенитная пушка 90-К;
weapons/25mm_79_2m3_naval_user_cannon;25-мм спаренное универсальное оружие 2М-3М;
weapons/uk_533mm_21in_mk8_torpedo;Torpedo, 21”, Mk. VIII**;
weapons/uk_533mm_21in_mk8_torpedo/short;Mk. VIII**;
weapons/de_533mm_dm2a1_seal_torpedo;533 mm DM 2 A1;
weapons/de_533mm_dm2a1_seal_torpedo/short;DM 2 A1;
15mm_sprgr;Sprenggranate;
15mm_pzgr;Panzergranate L'spur;
15mm_brsprgr;Brandsprenggranate L'spur;
15mm_pzbrgr;Panzerbrandsatzgranate
weapons/76mm_3K_user_cannon;76-мм зенитная пушка обр. 1931 г. (3-К);
76mm_br_361;53-БР-361;
76mm_o_361;53-O-361;
90mm_t142e3;HEP-T, T142E3;
weapons/76mm_3inch_howitzer_MkI_tog_user_cannon;Ordnance, Q.F., 3-inch Howitzer, Mk. I;
weapons/76mm_3inch_howitzer_MkI_user_cannon;Ordnance, Q.F., 3-inch Howitzer, Mk. I;
76mm_howitzer_shell_he;HE;
weapons/152mm_M64_user_cannon;152-мм танковая пушка М-64;
weapons/152mm_M69_user_cannon;152-мм танковая пушка М-69;
152mm_m69_he_fs;ОФ;
152mm_m69_apds_fs;БМ;
152mm_m69_heat;БK;
weapons/152mm_LP83_user_cannon;152-мм танковая пушка ЛП-83;
152mm_lp_83_apfsds;БМ;
152mm_lp_83_he_fs;ОФ;
weapons/132mm_M13_rocket_launcher;М-13;
weapons/132mm_M13_rocket_launcher/short;М-13;
weapons/132mm_m13_m1_naval_rocket_launcher;М-13;
weapons/132mm_m13_m1_naval_rocket_launcher/short;М-13;
weapons/300mm_M31_rocket_launcher;М-31-УК;
weapons/300mm_M31_rocket_launcher/short;М-31-УК;
132mm_m_13;М-13;
300mm_m_31_uk;М-31-УК;
weapons/100mm_D54TS_user_cannon;100-мм танковая пушка Д-54ТС
100mm_d54ts_apds;БМ
100mm_d54ts_he;53-ОФ-413
100mm_d54ts_apcbc;53-БР-413Д
100mm_d54ts_heat;3БК1
weapons/100mm_D10T2S_user_cannon;100-мм танковая пушка обр. 1944 г. (Д-10Т2С);
weapons/100mm_D10T2S_fin_user_cannon;100-мм танковая пушка обр. 1944 г. (Д-10Т2С);
weapons/100mm_2A70_user_cannon;100-мм орудие-пусковая установка 2А70;
weapons/100mm_2a70_zbd_user_cannon;ZPL04式100毫米坦克炮;
100mm_aps_03;APS03-100;
weapons/100mm_2A70_BMP_autoloader_user_cannon;100-мм орудие-пусковая установка 2А70;
weapons/100mm_2A70_BMD_user_cannon;100-мм орудие-пусковая установка 2А70;
weapons/30mm_2A72_BMD_user_cannon;30-мм автоматическая пушка 2А72;
100mm_3bk_17m;3БK17М;
100mm_m1000a1;M1000A1;
100mm_3bm25;3БМ25;
100mm_3of_32;3OФ32;
100mm_3of_70;3OФ70;
weapons/20mm_MG151_20_user_cannon;20 mm-Flugzeugmaschinengewehr 151/20;
20mm_brgr;Brandsprenggranate L'spur 151;
20mm_pzbrgr_ph;Panzergranate (Ph) 151;
weapons/105mm_ZPL98A_user_cannon;ZPL98A式105毫米坦克炮;
weapons/105mm_ZPL151A_user_cannon;ZPL151式105毫米坦克炮;
weapons/20mm_GAI_CO1_user_cannon;20 mm GAI-CO1;
weapons/20mm_Rh_202_Wiesel_user_cannon;Maschinenkanone 20 mm, MK 20;
weapons/20mm_Rh_202_Marder_user_cannon;Maschinenkanone 20 mm, MK 20;
weapons/20mm_Rh_202_user_cannon;Maschinenkanone 20 mm, MK 20;
weapons/20mm_luchs_a2_user_cannon;Maschinenkanone 20 mm, MK 20;
20mm_dm63;DM 63;
20mm_dm43;DM 43;
20mm_dm51a1;DM 51 A1;
weapons/40mm_37_42M_user_cannon;40 mm 37/42M;
40mm_36m;36M;
40mm_39m;39M;
40mm_43m;43M;
weapons/50mm_KwK39_1_user_cannon;5 cm-Kampfwagenkanone 39/1 (L/60);
weapons/90mm_T208E9_user_cannon;Gun, 90-mm, T208E9;
90mm_t320;APFSDS-T, T320;
90mm_t340e14h;HE, T340E14H;
90mm_t339e14;Smoke WP, T339E14;
76mm_d350a;53-Д-350А;
122mm_d462a;53-Д-462А;
weapons/105mm_Exp_HV_user_cannon;試製十糎半戦車砲;
105mm_exp_he;二式榴弾;
105mm_type2_aphe;二式徹甲弾;
76mm_shell_ss_mk1;Smoke Shell Mk. 1;
83mm_shell_ss_mk1;Smoke Shell Mk. 1;
120mm_smoke_l34;Smoke/WP, L34A1;
weapons/178mm_Hedgehog_user_cannon;Projector, Hedgehog, No. 1, Mk. 1;
178mm_hedgehog_projectile;Projectile, Hedgehog;
weapons/230mm_petard_spigon_mortar_user_cannon;Mortar, Recoiling, Spigot, Mk. II;
no_1_demolition_bomb;Bomb, Demolition, No. 1;
weapons/178mm_hedgehog_projectile/short;Projectile, Hedgehog;
105mm_f_h_gr_nb;Feldhaubitzegranate Nebel;
75mm_k_gr_rot_nb;Kanonengranate rot Nebel;
75mm_m89;Smoke WP, M89;
75mm_m88;Smoke WP, M88;
75mm_m64;Smoke WP, M64;
75mm_m361;Smoke WP, M361;
90mm_m313;Smoke WP, M313;
105mm_m84;Smoke WP, M84;
105mm_m416;Smoke WP-T, M416;
120mm_m357;Smoke WP-T, M357;
weapons/40mm_QF_2pdr_Churchill_user_cannon;Ordnance, Q.F., 2-pr, Mk. IX;
weapons/152mm_M162_user_cannon;Cannon, 152 mm Gun/Launcher: M162;
weapons/127mm_38_mk12_naval_user_cannon;5”/38 Caliber Dual Purpose Gun Mk 12 Mod 0;
weapons/127mm_38_mk12_mod14_aa_naval_user_cannon;5”/38 Caliber Dual Purpose Gun Mk 12 Mod 0 (Mount Mk 32 Mod 2);
weapons/127mm_5_38_mk12_turret_mk21_single_naval_user_cannon;5”/38 Caliber Dual Purpose Gun Mk 12 Mod 0 (Mount Mk 21 Mod 0);
weapons/127mm_5_38_mk12_turret_mk30_single_naval_user_cannon;5”/38 Caliber Dual Purpose Gun Mk 12 Mod 0 (Mount Mk 30 Mod 0);
weapons/127mm_5_38_mk12_turret_mk38_twin_naval_user_cannon;5”/38 Caliber Dual Purpose Gun Mk 12 Mod 0 (Mount Mk 31 Mod 0);
weapons/us_533mm_21in_mark15_torpedo;21” Torpedo Mk 15 Mod 0;
weapons/us_533mm_21in_mark15_torpedo/short;Mk 15 Mod 0;
weapons/depth_charge_mk_6_mortar;Depth Charge Mk 6 Mod 0;
weapons/depth_charge_mk_6_mortar/short;Mk 6 Mod 0;
20mm_Shot_AP_T;AP-T;
20mm_Shell_HE;HE;
127mm_aa_mk34_mod10;AAC Mk 34 Mod 10;
127mm_mk32_common;Common Mk 32 Mod 0;
127mm_aa_mk31_mod1;AA-VT Mk 31 Mod 0;
127mm_mk46_special_common;SC Mk 46;
127mm_it_aa_mk34_mod10;AAC Mk 34 Mod 10;
127mm_it_mk32_common;Common Mk 32 Mod 0;
127mm_it_aa_mk31_mod1;AA-VT Mk 31 Mod 0;
127mm_it_mk46_special_common;SC Mk 46;
weapons/us_21_inch_mark_8;21” Torpedo Mk 8 Mod 3A;
weapons/us_21_inch_mark_8/short;Mk 8 Mod 3;
weapons/127mm_5_50_type_3_naval_user_cannon;五十口径三年式十二糎七砲;
127mm_type_0;〇式榴弾;
127mm_type_0_aa;〇式榴弾;
weapons/jp_torpedo_610mm_type93/short;九三式;
weapons/127mm_45_skc_34_naval_user_cannon;12,7 cm-Schnellladekanone C/34;
weapons/127mm_45_skc_34_naval_user_cannon/short;12,7 cm-Schnellladekanone C/34;
128mm_sprgr_l44_bdz;Sprenggranate L/4.5 Bd.Z.;
128mm_sprgr_l44_kpfz;Sprenggranate L/4.4 Kpf.Z.;
128mm_sprgr_l44_ztz;Sprenggranate L/4.4 Zt.Z.;
weapons/170mm_BAe_Swingfire_launcher_user_cannon;Swingfire;
weapons/170mm_bae_swingfire_fv438_launcher_user_cannon;Swingfire;
170mm_swingfire;Swingfire;
weapons/170mm_swingfire/short;Swingfire;
170mm_swingfire_mk_2;Swingfire Mk. 2;
weapons/170mm_swingfire_mk_2/short;Swingfire Mk. 2;
weapons/7_62mm_L37A2_user_machinegun;Machine Gun, 7.62 mm, L37A2;
weapons/7_62mm_l37a2_enforcer_user_machinegun;Machine Gun, 7.62 mm, L37A2
weapons/7_62mm_L37A1_user_machinegun;Machine Gun, 7.62 mm, L37A1;
100mm_3d3;3Д3;
weapons/158mm_NB_Wf_41_gun_rocket_launcher;15 cm Wurfgranate 41;
weapons/75mm_Lightweight_Type1_model_II_user_cannon;試製七極半対戦車砲II型;
75mm_type_4_apcr;四式徹甲弾;
weapons/75mm_Type_II_Model_I_user_cannon;試製五式七糎半戦車砲(長)I型;
75mm_type4_ap_kou;四式甲徹甲弾;
weapons/75mm_Type_II_model_II_user_cannon;試製五式七糎半戦車砲(長)II型;
weapons/105mm_Type5_user_cannon;試製十糎半重砲;
weapons/7_92mm_mg34_1934_naval_user_machinegun;7,92 mm-Maschinengewehr 34;
weapons/depth_charge_de_emc;Einheitsminen EMC;
weapons/depth_charge_de_emc/short;EMC;
37mm_spgr_lh_37;Sprenggranate L/4,1 Lh 37;
37mm_pzgr_zerl;Panzergranate L'spur Zerl.;
weapons/15mm_mg_m38t_naval_user_machinegun;15 mm-Flugabwehrmaschinengewehr 39(t);
weapons/us_533mm_21in_mark8_torpedo;21” Torpedo Mk 8 Mod 3A;
weapons/us_533mm_21in_mark8_torpedo/short;Mk 8 Mod 3;
weapons/bomb_us_t37;Demolition Rocket, 7.2”, T37;
weapons/bomb_us_t37/short;T37;
weapons/depth_charge_ussr_bm1;Бомба маленькая БМ-1;
weapons/depth_charge_ussr_bm1/short;БМ-1;
weapons/depth_charge_ussr_bb1_mortar;Бомба большая ББ-1;
weapons/depth_charge_ussr_bb1_mortar/short;ББ-1;
47mm_pdr_he;Mk. II;
85mm_type1956;1956年式85毫米加农炮气缸微旋破甲弹;
100mm_type1959;1959年式100毫米坦克炮脱壳超速穿甲弹;
weapons/100mm_Type59_user_cannon;1959年式100毫米坦克炮;
weapons/8mm_Breda_Mod38_user_machinegun;Mitragliatrice Breda da 8 mm Mod. 38;
weapons/47mm_qf3pdr_hotchkiss_naval_user_cannon;Ordnance, Q.F., 3-pr, Hotchkiss;
weapons/102mm_45_4in_qf_mark5_naval_user_cannon;Ordnance, Q.F., 4-inch, Mk. V;
weapons/102mm_45_4in_qf_mark5_aa_naval_user_cannon;Ordnance, Q.F., 4-inch, Mk. V;
weapons/depth_charge_jp_type95_mortar;九五式爆雷;
weapons/depth_charge_jp_type95_mortar/short;九五式;
20mm_oerlikon_mk7_he_t;HE-T Mk 7 Mod 0;
20mm_oerlikon_mk9_ap_t;AP-T Mk 9 Mod 0;
45mm_or_73a;A3-OР-73A;
45mm_o_240;A3-O-240;
weapons/14_5mm_kpv_naval_user_machinegun;14,5-мм KПВ;
120mm_50_ansaldo_1926_ap;Granata Perforante;
weapons/uk_533mm_21in_mk19_torpedo;Torpedo, 21”, Mk. IX;
weapons/uk_533mm_21in_mk19_torpedo/short;Mk. IX;
100mm_3_9_inch_he;HE;
100mm_3_9_inch_he_tf;HE-TF;
weapons/100mm_65_type_98_naval_user_cannon;九八式10cm高角砲甲型;
20mm_mod35_he;Mod. 35;
weapons/105mm_45_skc_32_naval_user_cannon;10,5 cm-Schnellladekanone C/32;
20mm_sprgr_l_spur;Sprenggranate L'spur;
20mm_pzgr_l_spur;Panzergranate L'spur;
weapons/40mm_39_vickers_terni_naval_user_cannon;Cannone-Mitragliera Vickers-Terni da 40/39 1915/1917;
weapons/40mm_39_vickers_terni_mod1915_1917_naval_user_cannon;Cannone-Mitragliera Vickers-Terni da 40/39 1915/1917;
weapons/40mm_39_vickers_terni_mod15_17_modif1930_naval_user_cannon;Cannone-Mitragliera Vickers-Terni da 40/39 1915/1917 Mod. 30;
weapons/40mm_39_vickers_terni_mod15_17_naval_user_cannon;Cannone-Mitragliera Vickers-Terni da 40/39 1915/1917;
40mm_vickers_terni_mod30_he;HE-F;
40mm_vickers_terni_mod_1930_he/name;HE-F
40mm_vickers_terni_mod15_17_he;HE-TF;
40mm_vickers_terni_mod_1915_17_he_df/name;HE-TF
weapons/100mm_47_1928_naval_user_cannon;Cannone OTO da 100/47 Mod. 1928;
weapons/152mm_6inch_45_bl_mk12_naval_user_cannon;Ordnance, B.L., 6-inch, Mk. XII;
weapons/152mm_6inch_50_bl_mk22_naval_user_cannon;Ordnance, B.L., 6-inch, Mk. XXII;
weapons/152mm_6inch_50_bl_mk23_naval_user_cannon;Ordnance, B.L., 6-inch, Mk. XXIII;
152mm_45_he;HE;
152mm_45_he_dist_fuse;HE
152mm_45_cpbc;CPBC;
152mm_45_cpc;CPC;
152mm_50_mk25b_cpbc;Mk. XXVb CPBC
weapons/152mm_53_mod_45_1926_naval_user_cannon;Cannone Ansaldo da 152/53 Mod. 1926;
weapons/152mm_53_mod_45_1929_naval_user_cannon;Cannone Ansaldo da 152/53 Mod. 1929;
152mm_53_granata_dirompente_he;Granata Dirompente;
152mm_53_granata_dirompente_he_tf;Granata Dirompente CA;
152mm_53_palla_aphebc;Granata Palla;
100mm_47_granata_dirompente_he;Granata Dirompente;
100mm_47_granata_perforante_aphe;Granata Perfornate;
100mm_47_granata_dirompente_contro_aerea_he_df;Granata Dirompente CA;
40mm_39_he;HE;
102mm_45_he;HE;
102mm_33_he;HE
102mm_45_df_he;HE-DF;
102mm_45_vt_he;HE-VT;
102mm_mark_va;Mk. VA;
weapons/uk_533mm_21in_mk5_torpedo;Torpedo, 21”, Mk. V;
weapons/uk_533mm_21in_mk5_torpedo/short;Mk. V;
weapons/uk_622mm_24_5in_mk1_torpedo;Torpedo, 24.5”, Mk. I;
weapons/uk_622mm_24_5in_mk1_torpedo/short;Mk. I;
weapons/120mm_l_45_mark_8_naval_user_cannon;Bofors 12 cm/45 Mk. 8;
120mm_l_45_he;Sprenggranate;
weapons/depth_charge_de_wbg_mortar;Wasserbombe WBG;
weapons/depth_charge_de_wbg_mortar/short;WBG;
weapons/150mm_l_48_c_36_naval_user_cannon;15 cm-Schnellladekanone C/36;
weapons/150mm_60_skc_25_naval_user_cannon;15 cm-Schnellladekanone C/25;
150mm_pzgr_l_3_7;Panzergranate L/3,7 m.Hb.;
150mm_spgr_l_4_4_bdz;Sprenggranate L/4,6 Kz. m.Hb.;
150mm_spgr_l_4_4_kz_he;Sprenggranate L/4,5 Bd.Z. m.Hb.;
150mm_spgr_l_4_5_kz_he;Sprenggranate L/4,4 Kz.;
150mm_spgr_l_4_5_bdz_he;Sprenggranate L/4,5 Zt.Z.;
150mm_spgr_l_4_5_ztz_he;Sprenggranate L/4,5 Zt.Z.;
150mm_spgr_l_4_6_kz_he;Sprenggranate L/4,5 Kz m.Hb.;
weapons/152mm_6inch_53_mk_12_naval_user_cannon;6”/53 Caliber Gun Mk 12 Mod 0;
weapons/152mm_6inch_47_mk_16_naval_user_cannon;6”/47 Caliber Gun Mk 16 Mod 0;
weapons/152mm_6inch_47_mk_16_dp_naval_user_cannon;6”/47 Caliber Dual Purpose Gun Mk 16 Mod 0;
152mm_sc_mk27_ap;SC Mk 27 Mod 0;
152mm_hc_mk_34;HC Mk 34 Mod 0;
152mm_hc_mk_34_bf;HC Mk 34 Mod 0;
152mm_hc_mk_34_vt;HC-VT Mk 34 Mod 0;
152mm_47_ap_mk35;AP Mk 35 Mod 0;
weapons/28mm_75_mk_1_chicago_piano_naval_user_cannon;1.1”/75 Caliber Gun Mk 1 Mod 0;
weapons/28mm_75_mk_1_chicago_piano_naval_user_cannon/short;1.1”/75 Caliber Gun Mk 1 Mod 0;
25mm_mk1_sd;SD Mk 1 Mod 0;
weapons/102mm_50_4inch_mk9_naval_user_cannon;4”/50 Caliber Gun Mk 9 Mod 0;
102mm_hc_mk15;HC Mk 15 Mod 0;
102mm_hc_mk15_bf;HC Mk 15 Mod 0;
102mm_sp_common_mk16;SP Common Mk 16 Mod 0;
weapons/76mm_3_23_mk4_naval_user_cannon;3”/23 Caliber Gun Mk 4 Mod 0;
76mm_mk3_common;Common Mk 3 Mod 0;
76mm_mk26_aa;AA Mk 26 Mod 0;
105mm_sprgr_l_44_kz;Sprenggranate L/4,4 Kpf.Z.;
105mm_sprgr_l_44_bdz;Sprenggranate L/4,4 Bd.Z.;
105mm_sprgr_l_44_ztz;Sprenggranate L/4,4 Zt.Z.;
150mm_spgr_l_45_kz;Sprenggranate L/4,5 Kpf.Z.;
380mm_psgr_l_44_ap;Panzergranate L/4,4;
380mm_spr_gr_l_4_5_bdz;Sprenggranate L/4,5;
380mm_spr_gr_l_4_6_kz;Sprenggranate L/4,6;
weapons/105mm_l_65_naval_user_cannon;10,5 cm-Schnellladekanone C/33;
weapons/150mm_l_55_naval_user_cannon;15 cm-Schnellladekanone C/28;
weapons/380mm_52_skc_34_naval_user_cannon;38 cm-Schnellladekanone C/34;
weapons/germ_380mm_skc34;38 cm-Schnellladekanone C/34;
weapons/350mm_45_skl_45_naval_user_cannon;38 cm-Schnellladekanone L/45
350_psgr_l_4_2_apc;Sprengranate L/4,2 Bdz.
350_psgr_l_3_6_apc;Panzergranate L/3,6
30mm_of_83;53-ОФ-83;
30mm_f_83;53-Ф-83;
30mm_br_83;53-БР-83;
weapons/30mm_ak_230_naval_user_cannon;30-мм спаренная автоматическая корабельная артиллерийская установка AK-230;
weapons/30mm_ak_230_naval_user_cannon/short;AK-230;
weapons/ussr_533mm_53_56_torpedo;533-мм торпеда 53-56;
weapons/ussr_533mm_53_56_torpedo/short;53-56;
weapons/cannonBrowning-Colt_Mk12_Mod3;20 mm Cannon Mk 12 Mod 3;
weapons/cannonBrowning-Colt_Mk12_Mod0;20 mm Cannon Mk 12 Mod 0;
weapons/cannonGSh_23;23-мм авиационная пушка ГШ-23-2;
football_kick;Kick;
football_kick/name/short;SF;
football_kick/name;Special football kick;
football_jump;Jump;
football_jump/name/short;SF;
football_jump/name;Special football jump;
weapons/152mm_football_user_cannon_orange;Football cannon;
weapons/152mm_football_user_cannon_orange_jump;Football cannon;
weapons/152mm_football_user_cannon;Football cannon;
weapons/152mm_football_user_cannon_jump;Football cannon;
weapons/152mm_football_user_cannon_without_effect;Secret football cannon;
weapons/57mm_ak_725_naval_user_cannon;57-мм спаренная автоматическая корабельная артиллерийская установка AK-725;
weapons/57mm_ak_725_naval_user_cannon/short;AK-725;
weapons/30mm_bp_30_mortar_naval_user_cannon;30-мм aвтоматический станковый гранатомёт БП-30;
weapons/bomb_ussr_rbm;РБМ;
weapons/bomb_ussr_rbm/short;РБМ;
weapons/76mm_ak_726_naval_user_cannon;76-мм спаренная автоматическая корабельная артиллерийская установка AK-726;
weapons/76mm_ak_726_naval_user_cannon/short;AK-726;
76mm_OF62_navy;A3-OФ-62;
76mm_zs62_navy;A3-ЗС-62;
weapons/ussr_400mm_set40_torpedo;400-мм торпеда СЭТ-40;
weapons/ussr_400mm_set40_torpedo/short;СЭТ-40;
weapons/ussr_400mm_set72_torpedo;400-мм торпеда СЭТ-72;
weapons/ussr_400mm_set72_torpedo/short;СЭТ-72;
weapons/bomb_ussr_rgb25;РГБ-25;
weapons/bomb_ussr_rgb25/short;РГБ-25;
180mm_of32_1928;A3-OФ-32;
180mm_b32_1928;A3-Б-32;
180mm_pb32_1928;A3-ПБ-32;
180mm_zs32_1928;A3-ЗС-32;
weapons/180mm_60_b1k_naval_user_cannon;180-мм корабельная пушка обр. 1931 г. (Б-1-K);
weapons/180mm_60_b1k_naval_user_cannon/short;Б-1-K;
weapons/180mm_57_b1p_naval_user_cannon;180-мм корабельная пушка обр. 1932 г. (Б-1-П);
weapons/180mm_57_b1p_naval_user_cannon/short;Б-1-П;
weapons/100mm_56_b34_1940_naval_user_cannon;100-мм корабельная пушка обр. 1940 г. (Б-34);
weapons/100mm_56_b34_1940_naval_user_cannon/short;Б-34;
100mm_f_56;A3-Ф-56;
100mm_zs56_aa;A3-ЗС-56;
100mm_zs56r_vt;A3-ЗС-56P;
100mm_2_01542_aa;ЗС обр. 1928 г.;
100mm_1928_navy_HE;OФ обр. 1928 г.;
weapons/100mm_50_minizini_naval_user_cannon;Cannone OTO da 100/47 Mod. 1928;
weapons/ussr_533mm_set65_torpedo;533-мм торпеда СЭТ-65;
weapons/ussr_533mm_set65_torpedo/short;СЭТ-65;
weapons/ussr_450mm_45_36nu_1939_torpedo;450-мм торпеда 45-36НУ;
weapons/ussr_450mm_45_36nu_1939_torpedo/short;45-36НУ;
weapons/102mm_60_1911_naval_user_cannon;102-мм пушка Обуховского завода;
weapons/102mm_60_1911_naval_user_cannon/short;пушка Обухов;
102mm_mod1915_navy_HE;ОФ обр. 1915 г.;
102mm_mod191_navy_shrapnel;Шрапнель;
weapons/76mm_1914_lender_naval_user_cannon;76-мм зенитная пушка обр. 1914/15 г.;
weapons/76mm_1914_lender_naval_user_cannon/short;обр. 1914/15 г.;
76mm_sh_354p_navy_shrapnel;53-Ш-354П;
76mm_o_361k;53-O-361K;
76mm_o_361d;53-O-361Д;
weapons/uk_450mm_18in_mk12_torpedo;Torpedo, 18”, Mk. XII;
weapons/uk_450mm_18in_mk12_torpedo/short;Mk. XII;
weapons/7_7mm_lewis_amg_1916_naval_user_machinegun;.303” Machine Gun, Lewis Model 1916;
40mm_158R_hv_mk_ii;HE Mk. II;
40mm_158R_ap_mk_ii;AP Mk. II;
102mm_qf_navy_shrapnel;Shrapnel;
weapons/102mm_45_4in_bl_mark9_10_naval_user_cannon;Ordnance, B.L., 4.5-inch, Mk. IX;
weapons/40mm_39_2pdr_qf_mk8_pom_pom_naval_user_cannon;Ordnance, Q.F., 2-pr, Mk. VIII;
76mm_qf_shrapnel_mk_i_navy_shrapnel;Shrapnel Mk. I;
weapons/76mm_3_40_12cwt_qf_mk5_naval_user_cannon;Ordnance, Q.F., 3-inch 20-cwt, Mk. V;
weapons/114mm_45_qf_mk4_naval_user_cannon;Ordnance, Q.F., 4.5-inch, Mk. IV;
weapons/114mm_45_qf_mk5_naval_user_cannon;Ordnance, Q.F., 4.5-inch, Mk. V;
weapons/114mm_45_qf_mk1_aa_naval_user_cannon;Ordnance, Q.F., 4.5-inch, Mk. III;
uk_114mm_45_sap;SAP;
uk_114mm_45_he;HE;
uk_114mm_45_he_dist_fuse;HE-DF;
uk_114mm_45_he_radio_fuse;HE-VT;
weapons/102mm_33_4in_qf_mk23_naval_user_cannon;Ordnance, Q.F., 4-inch, Mk. XXIII;
weapons/bomb_uk_mk4;Depth Charge Mk 4 Mod 0;
weapons/bomb_uk_mk4/short;Mk 4 Mod 0;
weapons/20mm_mg151_20_1938_naval_user_cannon;20 mm-Flugzeugmaschinengewehr 151/20;
weapons/20mm_shvak_naval_user_cannon;20-мм авиационная пушка ШВАК;
weapons/bomb_uk_hedgehog;Anti-Submarine Projector Mk. X;
weapons/bomb_uk_hedgehog/short;Mk. X;
weapons/bomb_uk_mk15_hedgehog;Anti-Submarine Projector Mk. XV;
weapons/bomb_uk_mk15_hedgehog/short;Mk. XV
weapons/bomb_ussr_mbu600;Бомбомёт МБУ-600;
weapons/bomb_ussr_mbu600/short;МБУ-600;
weapons/rocket_m14_launcher;Неуправляемая ракета М-14;
weapons/rocket_m14_launcher/short;М-14;
30mm_vog_17a;ВОГ-17А;
45mm_f_73;A3-Ф-73;
76mm_ww_ii_he;HE;
212mm_rgb25;РГБ-25;
212mm_rgb60;РГБ-60;
140mm_m_140of;М-140Ф;
weapons/82mm_M8_naval_rocket_launcher;М-8;
weapons/82mm_M8_naval_rocket_launcher/short;М-8;
weapons/110mm_M8_naval_rocket_launcher;Rocket, HE, 4.5”, M8;
weapons/110mm_M8_naval_rocket_launcher/short;4.5” M8;
weapons/114mm_m7_naval_rocket_launcher;4.5” Barrage Rocket (Head Mk 3);
weapons/114mm_m7_naval_rocket_launcher/short;4.5” BR (Mk 3);
weapons/127mm_25_5inch_mk13_naval_user_cannon;5”/25 Caliber Gun Mk 13 Mod 0;
127mm_25_aac_mk36;AAC Mk 36 Mod 0;
127mm_25_vt_aac_mk28;AAC-VT Mk 28 Mod 0;
weapons/130mm_55_obr1913_naval_user_cannon;130-мм корабельная пушка обр. 1913 г. (Б-7);
130mm_obr1928_he;Oбр. 1928 Фугасные;
130mm_obr1928_sap;Oбр. 1928 Полубронебойные;
130mm_obr1928_dist;Oбр. 1928 Осветительные;
weapons/ussr_533mm_53_39_torpedo;533-мм торпеда 53-39;
weapons/ussr_533mm_53_39_torpedo/short;53-39;
weapons/76mm_55_39k_naval_user_cannon;76-мм зенитная пушка 39-К;
weapons/88mm_76_skc_32_naval_user_cannon;8,8 cm-Schnellladekanone C/32;
88mm_sprgr_32;Sprenggranate 32 L/4,5;
88mm_sprgr_ztz;Sprenggranate L/4,5 Zt.Z.;
weapons/133mm_5_25inch_50_qf_mk1_naval_user_cannon;Ordnance, Q.F., 5.25-inch, Mk. I;
weapons/133mm_5_25inch_50_qf_mk1_ask_naval_user_cannon;Ordnance, Q.F., 5.25-inch, Mk. I
133mm_qf_mk1_he;HE;
133mm_qf_mk1_vt_he;HE-VT;
133mm_mark_ii_sap;SAP Mk. II;
weapons/bomb_ussr_rgb60;РГБ-60;
weapons/bomb_ussr_rgb60/short;РГБ-60;
152mm_50_5_10crh_he;HE;
152mm_50_5_10crh_df_he;HE-DF;
152mm_50_5_10crh_vt_he;HE-VT;
152mm_50_5_10crh_cpbc;CPBC;
130mm_naval_pb_46a;A3-ПБ-46A;
130mm_aa_zs_46p;A3-ЗС-46Р;
130mm_naval_of_46;A3-OФ-46;
76mm_naval_br_361;53-БР-361;
85mm_naval_o_365m;53-O-365М;
85mm_naval_o_365k;53-O-365K;
85mm_naval_br_365;53-БР-365;
45mm_naval_br_240_ap;53-БР-240;
76mm_naval_of_350m;53-OФ-350М;
76mm_naval_br_350a;53-БР-350А;
weapons/7_7mm_80_type_92_naval_user_machinegun;九二式7,7mm重機関銃;
weapons/7_7mm_type_89_naval_user_machinegun;八九式7,7mm固定機関銃;
weapons/7_7mm_darne_mle1922_naval_user_machinegun;7,7 mm Mitrailleuse légère Darne modèle 1922;
37mm_jp_type_94_aphe;九四式徹甲弾;
37mm_jp_type_94_he;九四式榴弾;
weapons/37mm_type_94_naval_user_cannon;九四式三十七粍速射砲;
weapons/37mm_type_4_naval_user_cannon;四式三十七粍速射砲;
weapons/20mm_type_98_naval_user_cannon;九八式二十粍高射機関砲;
weapons/6_5mm_type_38_1907_naval_user_machinegun;三八式6,5mm機関銃;
weapons/37mm_type_11_naval_user_cannon;一一年式三十七粍平射歩兵砲;
37mm_jp_type_11_he;一一年式榴弾;
weapons/57mm_type_97_1937_naval_user_cannon;十一年式榴弾;
weapons/20mm_type_98_twin_type4_naval_user_cannon;九七式五糎七速射砲;
weapons/152mm_6inch_50_qf_mk_5_naval_user_cannon;九八式二十粍高射機関砲 (四式);
152mm_50_qf_mk5_navy_ap;Ordnance, Q.F., 6-inch, Mk. V;
152mm_50_qf_mk5_navy_he;AP;
152mm_50_qf_mk5_navy_vt_he;HE;
weapons/76mm_70_mark_6_naval_user_cannon;Ordnance, Q.F., 3-inch, Mk. VI;
76mm_nc101_navy_he_vt;NC101;
76mm_jp_type90_he;九〇式榴弾;
76mm_jp_type90_he_tf;九〇式高射鋭弾;
76mm_jp_type95_he;九五式榴弾;
weapons/75mm_type_88_aa_naval_user_cannon;八八式七糎半野戦高射砲;
weapons/jp_610mm_type93_model_1_mod2_torpedo;610mm九三式魚雷一型改2;
weapons/jp_610mm_type93_model_1_mod2_torpedo/short;九三式一型改2;
weapons/jp_610mm_type93_model_3_torpedo;610mm九三式魚雷三型;
weapons/jp_610mm_type93_model_3_torpedo/short;九三式魚雷三型;
20mm_mk_149_apds;APDS Mk 149 Mod 0;
130mm_srboc;SRBOC Mk 36 Mod 0;
weapons/40mm_62_hi_type91_naval_user_cannon;毘式四糎連装機銃;
weapons/120mm_45_type_3_naval_user_cannon;四十五口径三年式十二糎砲;
120mm_common_type1;一式榴弾;
120mm_jp_type_0;〇式榴弾;
120mm_type1_sap;一式徹甲弾;
127mm_jp_type_1;一式榴弾;
127mm_jp_type_1_tf;一式高射榴弾;
weapons/20mm_jm61_rfs_vulcan_naval_user_cannon;Gun, 20-mm, Automatic: JM61-RFS;
weapons/20mm_jm61_rfs_vulcan_naval_user_cannon/short;JM61-RFS;
weapons/20mm_jm61_m_vulcan_naval_user_cannon;Gun, 20-mm, Automatic: JM61-RFS;
weapons/20mm_jm61_m_vulcan_naval_user_cannon/short;JM61-RFS;
weapons/140mm_50_3rd_year_type_14_naval_user_cannon;五十口径三年式十四糎砲;
140mm_1940_type0_he;〇式榴弾;
140mm_1940_type0_he_tf;〇式高射榴弾;
140mm_1940_type2_sap;二式徹甲弾;
140mm_1934_mod1_sap;一型徹甲弾;
weapons/80mm_40_3rd_year_type_naval_user_cannon;四十口径三年式八糎高角砲;
80mm_common_type_0;〇式榴弾;
weapons/jp_533mm_type6_torpedo;533mm六年式魚雷;
weapons/jp_533mm_type6_torpedo/short;六年式;
weapons/200mm_50_3rd_year_type_no1_naval_user_cannon;五十口径三年式二〇糎砲1号;
200mm_type4_common_he;四式榴弾;
200mm_type88_no6_apc;八八式徹甲弾;
weapons/jp_610mm_type8_no2_torpedo;610mm八年式魚雷二番;
weapons/jp_610mm_type8_no2_torpedo/short;八年式二番;
203mm_type91_ap;九一式徹甲弾;
203mm_type91_common_he;九一式榴弾;
203mm_type0_he;〇式榴弾;
203mm_type0_he_tf;〇式高射榴弾;
weapons/203mm_50_3rd_year_type_no2_naval_user_cannon;五十口径三年式二〇糎砲2号;
weapons/120mm_45_10th_year_type_naval_user_cannon;四十五口径一〇年式十二糎高角砲;
weapons/152mm_50_type_41_naval_user_cannon;五十口径四一式十五糎砲;
152mm_type4_sap;四式榴弾;
152mm_type0_he;〇式榴弾;
152mm_type0_he_tf;〇式高射榴弾;
weapons/80mm_60_type_98_naval_user_cannon;六〇口径九八式八糎高角砲;
80mm_common_type_98;九八式榴弾;
80mm_common_type_98_tf;九八式高射榴弾;
weapons/13_2mm_76_type93_naval_user_machinegun;九三式十三粍固定機銃;
weapons/76mm_50cal_mk33_twin_naval_user_cannon;3”/50 Caliber Dual Purpose Gun Mk 22 Mod 0 (Mount Mk 33 Mod 0);
weapons/76mm_50_eu_mk33_twin_naval_user_cannon;3”/50 Caliber Dual Purpose Gun Mk 22 Mod 0 (Mount Mk 33 Mod 0);
weapons/jp_324mm_mark_46_torpedo;12.75” Torpedo Mk 46 Mod 0;
weapons/jp_324mm_mark_46_torpedo/short;Mk 46 Mod 0;
weapons/us_324mm_mark_44_torpedo;12.75” Torpedo Mk 44 Mod 0;
weapons/us_324mm_mark_44_torpedo/short;Mk 44 Mod 0;
weapons/203mm_60_skc_34_naval_user_cannon;20,3 cm-Schnellladekanone C/34;
203mm_spgr_l_4_7_kz_he;Sprenggranate L/4,7 Kz.;
203mm_pzgr_l_4_4;Panzergranate L/4,4 m.Hb.;
203mm_sprgr_l_4_7_bdz_he;Sprenggranate L/4,7 Bd.Z. m.Hb.;
105mm_pzrg_l_4_2_apc;Panzergranate L/4,2;
weapons/105mm_60_sk_c33_naval_user_cannon;10,5 cm-Schnellladekanone C/33;
weapons/105mm_60_sk_c33_df_naval_user_cannon;10,5 cm-Schnellladekanone C/33;
weapons/102mm_45_4in_qf_mark15_naval_user_cannon;Ordnance, Q.F., 4-inch, Mk. XVI;
weapons/152mm_57_b38_naval_user_cannon;152-мм корабельная пушка обр. 1938 г. (Б-38);
152mm_of35;A3-ОФ-35;
152mm_b35;A3-Б-35;
152mm_pb35;A3-ПБ-35;
152mm_zs35;A3-ЗС-35;
weapons/100mm_70_sm_5_1_naval_user_cannon;100-мм корабельная пушка СМ-5-1;
100mm_of_55;A3-ОФ-55;
100mm_zs_55;A3-ЗС-55;
100mm_f_55;A3-Ф-55;
100mm_zs_55r;A3-ЗС-55Р;
weapons/37mm_67_70k_twin_v11_naval_user_cannon;37-мм спаренное автоматическая зенитная пушка В-11;
weapons/127mm_5_40_type_89_naval_user_cannon;四十口径八九式十二糎七高角砲;
weapons/uk_533mm_21in_mk9_torpedo;Torpedo, 21”, Mk. IX;
weapons/uk_533mm_21in_mk9_torpedo/short;Mk. IX;
weapons/82mm_bm_37_mortar_naval_user_cannon;82-мм батальонный миномёт обр. 1937 г. (БМ-37);
82mm_o_832_he;O-832;
weapons/bomb_ussr_82mm_o_832;82-мм батальонный миномёт обр. 1937 г. (БМ-37);
weapons/bomb_ussr_82mm_o_832/short;БМ-37;
weapons/203mm_55_8inch_mk14_naval_user_cannon;8”/55 Caliber Gun Mk 14 Mod 0;
203mm_mk_14_common;Common Mk 14 Mod 1;
203mm_mk_19_apc;AP Mk 19 Mod 0;
203mm_mk25_hc;HC Mk 25 Mod 1;
203mm_mk17_special_common;SC Mk. 17;
weapons/6_5mm_type_3_naval_user_machinegun;6,5mm三式重機関銃;
weapons/190mm_7_5inch_45_bl_mk6_naval_user_cannon;Ordnance, B.L., 7.5-inch, Mk. VI;
190mm_45_bl_sap;SAPC;
190mm_45_bl_he;HE;
weapons/127mm_38_mk12_turret_mk21_single_naval_user_cannon;5”/38 Caliber Dual Purpose Gun Mk 12 Mod 0 (Mount Mk 21 Mod 0);
weapons/127mm_38_mk12_turret_mk22_twin_naval_user_cannon;5”/38 Caliber Dual Purpose Gun Mk 12 Mod 0 (Mount Mk 22 Mod 0);
weapons/127mm_38_mk12_turret_mk30_single_naval_user_cannon;5”/38 Caliber Dual Purpose Gun Mk 12 Mod 0 (Mount Mk 30 Mod 0);
weapons/127mm_38_eu_mk12_turret_mk30_single_naval_user_cannon;5”/38 Caliber Dual Purpose Gun Mk 12 Mod 0 (Mount Mk 30 Mod 0);
weapons/127mm_38_mk12_turret_mk38_twin_naval_user_cannon;5”/38 Caliber Dual Purpose Gun Mk 12 Mod 0 (Mount Mk 38 Mod 0);
weapons/127mm_38_mk12_turret_mk28_twin_naval_user_cannon;5”/38 Caliber Dual Purpose Gun Mk 12 Mod 0 (Mount Mk 29 Mod 0);
weapons/283mm_52_skc_28_naval_user_cannon;28 cm-Schnellladekanone C/28;
283mm_sprgr_l_4_2_kz;Sprenggranate L/4,2 Kz.;
283mm_spgr_l_4_2_bdz;Sprenggranate L/4,2 Bd.Z.;
283mm_psgr_l_3_7;Panzergranate L/3,7;
weapons/150mm_55_skc_28_naval_user_cannon;15 cm-Schnellladekanone C/28;
320mm_rur4;RUR-4;
320mm_rur/short;RUR-4;
weapons/320mm_mk108_weapon_alfa_rocket_launcher;Anti-Submarine Rocket Launcher Mk 108 Mod 0;
weapons/320mm_mk108_weapon_alfa_rocket_launcher/short;ASRL Mk 108 Mod 0;
weapons/155mm_60_type_3_naval_user_cannon;六十口径三年式十五糎半連装砲;
155mm_60_type0_he;〇式榴弾;
155mm_60_type0_he_dist_fuse;〇式榴弾;
155mm_60_type91_ap;九一式徹甲弾;
weapons/jp_533mm_type89_torpedo;533 mm 89式魚雷;
weapons/jp_533mm_type89_torpedo/short;89式;
weapons/jp_533mm_type89_1929_mod1_torpedo;533mm八九式航空魚雷;
weapons/jp_533mm_type89_1929_mod1_torpedo/short;八九式;
weapons/purposeType/AIR_TO_AIR;Anti-air loadout;
weapons/purposeType/AIR_TO_GROUND;Ground attack loadout;
weapons/purposeType/AIR_TO_SEA;Naval attack loadout;
weapons/purposeType/ARMORED;Anti-armor loadout;
weapons/purposeType/UNIVERSAL;Multi-purpose loadout;
weapons/purposeType/FAVORITE;Favorite loadout;
weapons/purposeType/CUSTOM;Custom loadout;
weapons/203mm_50_8inch_mk8_naval_user_cannon;Ordnance, B.L., 8-inch, Mk. VIII;
203mm_50_mk_ib_sapcbc;SAPC Mk. IB;
203mm_50_mk8_he;HE;
weapons/45mm_89_sm_20_zif_naval_user_cannon;45-мм автоматическая корабельная пушка СМ-20-ЗИФ;
45mm_f75_he;Ф-75;
45mm_or75_heit;ОР-75;
weapons/130mm_58_sm_2_1_naval_user_cannon;130-мм корабельная пушка СМ-2-1;
130mm_naval_of_42;A3-ОФ-42;
130mm_naval_pb_42;A3-ПБ-42;
130mm_aa_zs_42p;A3-ЗС-42Р;
weapons/100mm_55_mle_1953_naval_user_cannon;100 mm/55 modèle 1953;
100mm_oea_f1_he;OEA F1 HE;
100mm_opf_f4_aavt;OPF F4 PFHE;
375mm_erika;37,5 cm Bofors anti-ubåt raketgevär m/50;
weapons/bomb_de_375mm_erika;37,5 cm Bofors anti-ubåt raket;
weapons/bomb_de_375mm_erika/short;37,5 cm Bofors Anti-Ubåt Raket;
weapons/us_533mm_21in_mark35_torpedo;21” Torpedo Mk 35 Mod 0;
weapons/us_533mm_21in_mark35_torpedo/short;Mk 35 Mod 0;
weapons/120mm_45_type_10_naval_user_cannon;四十五口径十年式十二糎砲;
weapons/6_5mm_fiat_mod26_naval_user_machinegun;6,5 mm Fiat Mod. 26;
weapons/13_2mm_76_breda_mod31_naval_user_machinegun;Mitragliatrice Breda da 13,2 mm Mod. 31;
weapons/it_450mm_si170_torpedo;Si 170/450X5,25;
weapons/it_450mm_si170_torpedo/short;Si 170;
weapons/203mm_50_ansaldo_mod1924_naval_user_cannon;Cannone Ansaldo da 203/50 Mod. 1924;
weapons/203mm_50_ansaldo_mod1927_naval_user_cannon;Cannone Ansaldo da 203/50 Mod. 1927;
203mm_50_53_gr_dir_he;Granata Dirompente;
203mm_50_53_gr_dir_contro_aerea_he;Granata Dirompente CA;
203mm_50_53_gr_perf_aphebc;Granata Perforante;
weapons/37mm_54_breda_mod1938_mod32_watercool_twin_naval_user_cannon;Cannone-Mitragliera Breda da 37/54 Mod. 32;
weapons/37mm_54_breda_mod1938_mod38_aircool_twin_naval_user_cannon;Cannone-Mitragliera Breda da 37/54 Mod. 38;
weapons/37mm_54_breda_mod1938_mod39_aircool_single_naval_user_cannon;Cannone-Mitragliera Breda da 37/54 Mod. 39;
37mm_gr_tracciante_da37ca_he_t;Granata Tracciante da 37 CA;
weapons/40mm_l70_bofors_oto_breda_naval_user_cannon;Cannone Automatico Breda-Bofors da 40/70 (DARDO Tipo 107);
40mm_apfs_ds;APFSDS;
40mm_bofors_breda_hei_t;HEI-T;
40mm_bofors_breda_he_pff;HE-PFF;
40mm_bofors_breda_l70_he/name;HEI-T
40mm_bofors_breda_l70_he_radio_fuse/name;HE-VT
weapons/rocket_nettuno_mk1_naval_rocket_launcher;320 mm Nettuno;
weapons/rocket_nettuno_mk1_naval_rocket_launcher/short;Nettuno;
nettuno_mk1_asw;Marte Mk. 1;
weapons/120mm_45_oto_1926_naval_user_cannon;Cannone OTO da 120/45 Mod. 1926;
120mm_45_granata_dirompente_he;Granata Dirompente;
120mm_45_granata_perforante_ap;Granata Perforante;
120mm_45_granata_dirompente_contro_aerea_he;Granata Dirompente CA;
weapons/20mm_70_isotta_fraschini_mod1939_naval_user_cannon;Cannone-Mitragliera Scotti-Isotta Fraschini da 20/70 Mod. 39;
weapons/135mm_45_oto_mod1938_naval_user_cannon;Cannone OTO da 135/45 Mod. 1938;
135mm_45_gr_dir_he;Granata Dirompente;
135mm_45_gr_perf_aphebc;Granata Perforante;
135mm_45_gr_dir_contro_aerea_he_tf;Granata Dirompente CA;
weapons/6_5mm_breda_mod30_naval_user_machinegun;Mitragliatrice Breda da 6,5 mm Mod. 30;
weapons/20mm_oerlikon_3s_single_naval_user_cannon;Cannone-Automatico da 20/70 Oerlikon 3S;
weapons/germ_mine_emc;Einheitsminen EMC;
weapons/germ_mine_emc/short;EMC;
weapons/germ_mine_emd;Einheitsminen EMD;
weapons/germ_mine_emd/short;EMD;
weapons/germ_mine_emf;Einheitsminen EMF;
weapons/germ_mine_emf/short;EMF;
weapons/it_mine_elia145_1925;Mine a Contatto Vickers-Elia 145/1925;
weapons/it_mine_elia145_1925/short;Vickers-Elia 145/1925;
weapons/it_mine_bollo_p125_1932;Mine a Contatto Bollo P.125/1932;
weapons/it_mine_bollo_p125_1932/short;Bollo P.125/1932;
weapons/it_mine_bollo_p200_p5;Mine a Contatto Bollo P.200/1936;
weapons/it_mine_bollo_p200_p5/short;Bollo P.200/1936;
weapons/jp_mine_mk6_mod1;六号機雷一型;
weapons/jp_mine_mk6_mod1/short;六号一型;
weapons/jp_mine_type88_mod1;八八式一型機雷;
weapons/jp_mine_type88_mod1/short;八八式一型;
weapons/jp_mine_type93_mod1;九三式一型機雷;
weapons/jp_mine_type93_mod1/short;九三式一型;
weapons/ussr_mine_1908_1939_115;Мина обр. 1908/39 г.;
weapons/ussr_mine_1908_1939_115/short;обр. 1908/39 г.;
weapons/ussr_mine_1912_100;Мина обр. 1912 г.;
weapons/ussr_mine_1912_100/short;обр. 1912 г.;
weapons/ussr_mine_amd_1000;Мина АМД-1000;
weapons/ussr_mine_amd_1000/short;АМД-1000;
weapons/ussr_mine_kb1_1931;Морская Мина КБ-1;
weapons/ussr_mine_kb1_1931/short;КБ-1;
weapons/ussr_mine_kb3_1940;Морская Мина КБ-3;
weapons/ussr_mine_kb3_1940/short;КБ-3;
weapons/ussr_mine_kmd2_500;Мина KМД-500;
weapons/ussr_mine_kmd2_500/short;KМД-500;
weapons/ussr_mine_kmd2_1000;Мина KМД-1000;
weapons/ussr_mine_kmd2_1000/short;KМД-1000;
weapons/ussr_mine_m26;корабельная Якорная Мина обр. 1926 г.;
weapons/ussr_mine_m26/short;обр. 1926 г.;
weapons/ussr_mine_r1;Речная Мина Р-1;
weapons/ussr_mine_r1/short;Р-1;
weapons/ussr_mine_yam43;Малая Якорная Гальваноударная Мина обр. 1943 г.;
weapons/ussr_mine_yam43/short;ЯМ-43;
weapons/ussr_mine_mirab;Мина Индукционная Речная Авиационная для постановки с Бреющего полета;
weapons/ussr_mine_mirab/short;МИРАБ;
weapons/us_mine_mk13_mod0;1000-lb Mine Mk 13 Mod 0;
weapons/us_mine_mk13_mod0/short;Mk 13 Mod 0;
weapons/uk_mine_type_a_mk1;Mine, Magnetic, 1500 lb, Type A Mk. I;
weapons/uk_mine_type_a_mk1/short;Type A Mk. I;
weapons/uk_mine_type_m_mk1;Mine, Contact, 1123/1323 lb, Type M Mk. I;
weapons/uk_mine_type_m_mk1/short;Type M Mk. I;
weapons/uk_mine_type_m_mk2;Mine, Magnetic, 1760 lb, Type M Mk. II;
weapons/uk_mine_type_m_mk2/short;Type M Mk. II;
weapons/12_7mm_63_breda_safat_naval_user_machinegun;Breda-SAFAT da 12,7 mm;
weapons/cannon_type23_2k;23毫米2K型航空机关炮;
weapons/305mm_52_obr1907_naval_user_cannon;12” пушка Обуховского завода;
weapons/305mm_52_obr1907_mariya_naval_user_cannon;12” пушка Обуховского завода
305mm_obr1911_ap;ББ обр. 1911 г.;
305mm_obr1911_he;ОФ обр. 1911 г.;
305mm_obr1911_sap;ПБ обр. 1911 г.;
305mm_obr1928_er_he;ОФ обр. 1928 г.;
weapons/356mm_52_obr1913_naval_user_cannon;356-мм корабельная пушка;
356mm_obr1911_ap;ББ обр. 1911 г.;
356mm_obr1913_he;Ф обр. 1913 г.;
weapons/63mm_38_obr1916_naval_user_cannon;63-мм пушка Обуховского завода;
63mm_he_df;ОФ;
weapons/76mm_50_canet_obr1892_naval_user_cannon;75-мм пушка Канэт;
75mm_obr1915_hetf;ОФ-ДВ обр. 1915 г.;
76mm_obr1915_hetf;ОФ-ДВ обр. 1915 г.;
130mm_obr1911_he;ОФ обр. 1911 г.;
130mm_obr1911_sap;ПБ обр. 1911 г.;
weapons/ussr_450mm_mod1912_torpedo;456-мм торпеда обр. 1912 г.;
weapons/ussr_450mm_mod1912_torpedo/short;обр. 1912 г.;
weapons/ussr_450mm_mod1910_torpedo;456-мм торпеда обр. 1910 г.;
weapons/ussr_450mm_mod1910_torpedo/short;обр. 1910 г.;
weapons/120mm_50_obr1905_naval_user_cannon;120-мм пушка Виккерса;
120mm_obr1911_he;ОФ обр. 1911 г.;
120mm_obr1911_sap;ПБ обр. 1911 г.;
weapons/76mm_45_3in_20cwt_qf_mk1_naval_user_cannon;Ordnance, Q.F., 3-inch 20-cwt, Mk. I;
76mm_45_ww_i_tf;HE-TF;
weapons/305mm_45_12inch_mark10_naval_user_cannon;Ordnance, B.L., 12-inch, Mk. X;
305mm_4crh_mark_2a_he;HE Mk. IIa;
305mm_4crh_mark_6a_apc;APC Mk. VIa;
305mm_4crh_mark_7a_cpc;CPC Mk. VIIa;
weapons/305mm_50_12inch_mk7_naval_user_cannon;12”/50 Caliber Gun Mk 7 Mod 0;
305mm_mk15_ap;APC Mk 15 Mod 0;
weapons/76mm_50_3inch_12pdr_18cwt_qf_mk1_naval_user_cannon;Ordnance, Q.F., 12-pr 18-cwt, Mk. I;
76mm_50_mk2_common;Common Mk. II;
weapons/uk_450mm_18in_rgf_mark6_hbh_torpedo;Torpedo, 18”, Mk. VI HB;
weapons/uk_450mm_18in_rgf_mark6_hbh_torpedo/short;Mk. VI;
weapons/127mm_54_mk42_naval_user_cannon;5”/54 Caliber Gun Mk 42 Mod 0;
weapons/127mm_54_mk16_single_naval_user_cannon;5”/54 Caliber Gun Mk 16 Mod 0
127mm_54_vt_hc_mk41;HC-VT Mk 41 Mod 0;
weapons/283mm_45_skl_45_naval_user_cannon;28,3 cm-Schnellladekanone L/45;
283mm_spgr_l_3_6_he_bdz;Sprengranate L/3,6 Bd.Z.;
283mm_psgr_l_3_2;Panzergranate L/3,2;
weapons/150mm_45_skl_45_naval_user_cannon;15 cm-Schnellladekanone L/45;
150mm_spgr_l_3_2_kz_he;Sprengranate L/3,2 Kz.;
150mm_spgr_l_3_2_sap;Sprengranate L/3,2 Bd.Z.;
150mm_45_pzgr_l_3_7;Panzergranate L/3,7;
weapons/88mm_45_skl_45_mpl_c06_naval_user_cannon;8,8 cm-Schnellladekanone L/45;
weapons/88mm_45_skl_45_mpl_c13_ha_naval_user_cannon;8,8 cm-Flugabwehrkanone L/45;
88mm_45_spgr_l_3_6;Sprengranate L/3,6;
88mm_sprgr_skl45_ztz;Sprengranate Zt.Z.;
weapons/7_92mm_mg08_1908_naval_user_machinegun;7,92 mm-MG 08;
weapons/8mm_hotchkiss_1914_naval_user_machinegun;8 mm Hotchkiss modèle 1914;
weapons/305mm_45_12inch_mk5_naval_user_cannon;12”/45 Caliber Gun Mk 5 Mod 0;
305mm_7crh_mk15_apc;APC Mk 15 Mod 0;
weapons/127mm_50_mk5_naval_user_cannon;5”/50 Caliber Gun Mk 5 Mod 0;
127mm_50_mk15_common;Common Mk 15 Mod 0;
127mm_50_apc;APC;
28mm_usa_navy_he_t/name;HE-T Mk 1 Mod 0
weapons/76mm_3_50_mk10_ww1_mk11_mount_naval_user_cannon;3”/50 Caliber Gun Mk 10 Mod 0;
76mm_aa_mk23_he_tf;HE-TF Mk 23 Mod 0;
weapons/us_533mm_21in_bliss_leavitt_mk1_torpedo;21” Bliss-Leavitt Torpedo Mk 1 Mod 0;
weapons/us_533mm_21in_bliss_leavitt_mk1_torpedo/short;Mk 1 Mod 0;
weapons/jp_450mm_type43_torpedo;450mm四三式航空魚雷;
weapons/jp_450mm_type43_torpedo/short;四三式;
weapons/305mm_50_41st_year_type_naval_user_cannon;四十五口径四一年式三十糎砲;
weapons/305mm_45_41st_year_type_naval_user_cannon;五十口径四一年式三十糎砲;
305mm_50_41st_yt_he;榴弾;
305mm_50_41st_yt_apc;徹甲弾;
weapons/120mm_45_3rd_year_type_ww1_naval_user_cannon;四十五口径三年式十二糎砲;
120mm_45_3rd_yt_he;榴弾;
weapons/152mm_45_41st_year_type_naval_user_cannon;四十五口径四一年式十五糎砲;
152mm_45_41st_yt_he;榴弾;
152mm_45_41st_yt_apc;徹甲弾;
weapons/76mm_40_41st_year_type_naval_user_cannon;四十口径四一年式八糎砲;
76mm_40_41st_yt_he_tf;HE-TF;
weapons/100mm_70_ak100_naval_user_cannon;100-мм спаренная автоматическая корабельная артиллерийская установка AK-100;
100mm_zs_58r;A3-ЗС-58Р;
weapons/30mm_54_ak630_naval_user_cannon;30-мм спаренная автоматическая корабельная артиллерийская установка AK-630;
weapons/30mm_54_ak630m_naval_user_cannon;30-мм спаренная автоматическая корабельная артиллерийская установка AK-630М;
weapons/305mm_50_skl_50_naval_user_cannon;30,5 cm-Schnellladekanone L/50;
305mm_spgr_l_3_8_bdz_he;Sprengranate L/3,4 Bd.Z.;
305mm_spgr_l_3_3_bdz_sap;Panzersprengranate L/3,4 Bd.Z. (m.Hb.);
305_psgr_l_3_4_apc;Panzergranate L/3,4;
305mm_spgr_l_3_3_bdz_he;Sprengranate L/3,4 Bd.Z.;
weapons/de_500mm_g6c_torpedo;50 cm G6c;
weapons/de_500mm_g6c_torpedo/short;G6c;
weapons/305mm_50_12inch_mark11_naval_user_cannon;Ordnance, B.L., 12-inch, Mk. XI;
weapons/102mm_50_4inch_bl_mk7_naval_user_cannon;Ordnance, B.L., 4-inch, Mk. VII;
102mm_50_bl_he;HE;
102mm_50_bl_cpc;CPC;
weapons/uk_533mm_21in_mk1_torpedo;Torpedo, 21”, Mk. I;
weapons/uk_533mm_21in_mk1_torpedo/short;Mk. I;
weapons/jp_533mm_type43_torpedo;533mm四三式航空魚雷;
weapons/jp_533mm_type43_torpedo/short;四三式;
305mm_mk18_ap;AP Mk 18 Mod 0;
305mm_mk7_apcbc;APCBC Mk 7 Mod 0;
305mm_cl_b_he;Cl.B. HE;
weapons/jp_533mm_type54_mod3_torpedo;533mm 試製54式3型魚雷;
weapons/jp_533mm_type54_mod3_torpedo/short;試製54式3型;
weapons/de_450mm_c45_91_torpedo;45 cm C45/91;
weapons/de_450mm_c45_91_torpedo/short;C45/91;
weapons/203mm_55_8inch_mk12_naval_user_cannon;8”/55 Caliber Gun Mk 12 Mod 0;
203mm_mk_21_apc;APC Mk 21 Mod 0;
weapons/102mm_40_4in_qf_mark3_naval_user_cannon;Ordnance, Q.F., 4-inch, Mk. III;
weapons/76mm_60_ak_126_naval_user_cannon;76-мм универсальная корабельная артустановка АК-176М;
weapons/bomb_ussr_rgb12;РГБ-12;
weapons/bomb_ussr_rgb12/short;РГБ-12;
weapons/356mm_45_41st_year_type_naval_user_cannon;四十五口径四一年式二〇糎砲;
356mm_ordinary_type_sap;榴弾;
356mm_ordinary_type0_sap;〇式榴弾;
356mm_type3_apc;三式徹甲弾;
356mm_type5_apc;五式徹甲弾
356mm_type91_apc;九一式徹甲弾;
weapons/de_450mm_c06d_torpedo;45 cm C/06 D;
weapons/de_450mm_c06d_torpedo/short;C/06 D;
weapons/127mm_38_mk12_turret_mk32_twin_naval_user_cannon;5”/38 Caliber Gun Mk 12 Mod 0;
weapons/uk_533mm_21in_mk20e_bidder_torpedo;21” Torpedo Mk. 20E;
weapons/uk_533mm_21in_mk20e_bidder_torpedo/short;Mk. 20E;
weapons/bomb_uk_limbo;Anti-Submarine Mortar Mk. 10;
weapons/bomb_uk_limbo/short;ASM Mk. 10;
weapons/65mm_64_ansaldo_terni_mod_1939_naval_user_cannon;Cannone Ansaldo-Terni da 65/64 Mod. 39;
65mm_granata_dirompente;Diromepente;
65mm_contro_aerea;Contro-area;
chff/name;Chaff;
chff/name/short;Chaff;
flr/name;Flare;
flr/name/short;Flare;
weapons/7_62mm_maxim_naval_user_machinegun;7,62-мм пулемёт Максима обр. 1910 г.;
weapons/30mm_SAW_user_cannon;30 mm SAW;
weapons/15mm_SAW_user_machinegun;15 mm SAW;
weapons/27mm_CoAW_user_cannon;27 mm CoAW;
weapons/60mm_aa_user_cannon;60 mm ADW;
weapons/140mm_utc_l55_user_cannon;140 mm ATW;
weapons/130mm_ASuW_launcher_user_cannon;130 mm ASuW;
140mm_KE;ATW-KE;
140mm_mphe;ATW-MP-HE;
140mm_clgp;ATW-CLGP;
130mm_asuw;ASuW;
60mm_mphe;ADW-MP-HE;
60mm_ke;ADW-KE;
60mm_clgp;ADW-CLGP;
weapons/60mm_clgp/short;ADW-CLGP;
30mm_mphe;SAW-MP-HE;
27mm_ke;CoAW-KE;
weapons/85mm_52_92k_naval_user_cannon;85-мм зенитная пушка 92-K;
weapons/13_2mm_hotchkiss_naval_user_machinegun;13,2 mm Hotchkiss modèle 1930;
weapons/305mm_46_armstrong_mod_1909_naval_user_cannon;Cannone Armstrong da 305/46 mod. 1909;
305mm_46_perforante_sap;Perforante;
305mm_46_palla_apcbc;Palla;
weapons/120mm_50_armstrong_1909_naval_user_cannon;Cannone Armstrong da 120/50 mod. 1909;
120mm_50_gr_perf_1909_sap;Perforante;
weapons/76mm_40_armstrong_mod_1897_1910_naval_user_cannon;Cannone Armstrong da 76/40 mod. 1897/1910;
76mm_40_gr_perf_aphe;Perforante;
weapons/76mm_40_armstrong_mod_1897_1912_naval_user_cannon;Cannone Armstrong da 76/40 mod. 1897/1912;
76mm_40_contro_aerea;Contro-area;
weapons/127mm_51_mk7_naval_user_cannon;5”/51 Caliber Gun Mk 7 Mod 0;
127mm_51_apc;APC;
weapons/7_62mm_fn_mag_naval_user_machinegun;7,62 mm FN MAG 60-40;
weapons/305mm_52_obr1907_1941_naval_user_cannon;12” пушка Обуховского завода;
weapons/20mm_65_rh_202_naval_user_cannon;Maschinenkanone 20 mm, MK 20;
weapons/7_62mm_mg3_naval_user_machinegun;Maschinengewehr 7,62 mm x 51, MG 3;
weapons/203mm_55_8inch_mk9_naval_user_cannon;8”/55 Caliber Gun Mk 9 Mod 0;
weapons/57mm_50_6pdr_7cwt_mk5_naval_user_cannon;Ordnance, QF 6-pr 7-cwt, Mk. V;
weapons/bomb_uk_107mm_17;Ordnance, ML 4.2” Mortar;
weapons/bomb_uk_107mm_17/short;4.2” Mortar;
107mm_he_mk2;Bomb, 4.2”, HE, Mk. II;
weapons/su_kh_25ml;Управляемая ракета «воздух-поверхность» Х-25МЛ;
weapons/su_kh_25ml/short;Х-25МЛ;
weapons/su_kh_29t;Управляемая ракета «воздух-поверхность» Х-29Т;
weapons/su_kh_29t/short;Х-29Т;
weapons/su_kh_29td;Управляемая ракета «воздух-поверхность» Х-29ТД;
weapons/su_kh_29td/short;Х-29ТД;
weapons/su_kh_29te;Управляемая ракета «воздух-поверхность» Х-29ТЭ;
weapons/su_kh_29te/short;Х-29ТЭ;
weapons/su_kh_38ml;Управляемая ракета «воздух-поверхность» Х-38МЛ;
weapons/su_kh_38ml/short;Х-38МЛ;
weapons/su_kh_38mt;Управляемая ракета «воздух-поверхность» Х-38МТ;
weapons/su_kh_38mt/short;Х-38МТ;
weapons/su_lmur;Лёгкая многоцелевая управляемая ракета Х-39
weapons/su_lmur/short;Х-39
weapons/100mm_47_1937_naval_user_cannon;Cannone OTO da 100/47 mod. 37;
weapons/120mm_45_canet_schneider_armstrong_1918_naval_user_cannon;Cannone Schneider-Canet-Armstrong da 120/45 mod. 18/19;
weapons/jp_450mm_type38_no2b_torpedo;450mm三八式2乙号魚雷;
weapons/jp_450mm_type38_no2b_torpedo/short;三八式2乙号魚雷;
weapons/127mm_54_mk18_turret_mk42_single_naval_user_cannon;5”/54 Caliber Dual Purpose Gun Mk 18 Mod 0 (Mount Mk 42 Mod 0);
127mm_54_mk42_mod0_common;SP Mk 42 Mod 0;
127mm_54_hc_mk41_mod0;HC Mk 41 Mod 0;
weapons/343mm_45_mk5h_naval_user_cannon;Ordnance, B.L., 13.5-inch, Mk. V(H);
343mm_mark1a_apc;APC Mk. Ia;
343mm_he_h;HE;
343mm_cpc_h;CPC;
weapons/343mm_45_mk5l_naval_user_cannon;Ordnance, B.L., 13.5-inch, Mk. V(L);
343mm_mark2a_apc;APC Mk. IIa;
343mm_he_l;HE;
343mm_cpc_l;CPC;
weapons/152mm_6inch_45_bl_mk7_naval_user_cannon;Ordnance, B.L., 6-inch, Mk. VII;
weapons/76mm_40_ansaldo_mod_1917_naval_user_cannon;Cannone Ansaldo da 76/40 Mod. 17;
76mm_it_ansaldo_navy_aphe;Perforante;
76mm_it_ansaldo_navy_he_df;Contro-aerea;
76mm_it_ansaldo_navy_he;Dirompente;
weapons/102mm_35_sav_mod_1915_aa_naval_user_cannon;Cannone S.A.V. da 102/35 Mod. 15;
102mm_35_contro_aerea_he;Contro-aerea
weapons/381mm_40_armstrong_mod_1914_naval_user_cannon;Cannone Armstrong da 381/40 Mod. 14
381mm_40_sapcbc;SAPCBC
weapons/381mm_50_ansaldo_oto_mod_1934_naval_user_cannon;Cannone Ansaldo-OTO da 381/50 Mod. 34
381mm_50_sapcbc;Granata Perforante
381mm_50_apcbc;Palla APCBC
weapons/uk_533mm_21in_mk4_torpedo;Torpedo, 21”, Mk. IV;
weapons/uk_533mm_21in_mk4_torpedo/short;Mk. IV;
343mm_mark3a_apc;APC Mk. IIIa;
weapons/283mm_54_5_skc_34_naval_user_cannon;28 cm-Schnellladekanone L/54;
283mm_pzgr_l_4_4;Panzergranate L/4,4 m.Hb.;
283mm_spgr_l_4_4_bdz;Sprengranate L/4,4 Bd.Z. m.Hb.;
283mm_sprgr_l_4_4_kz;Sprengranate L/4,4 Kz. m.Hb.;
283mm_sprgr_l_4_4_kz_ha;Sprengranate L/4,4 Kz. m.Hb. u. Ab.;
weapons/37mm_57_flak_36_naval_user_cannon;3,7 cm-Flugabwehrkanone 36 (L/57);
weapons/88mm_56_flak18_naval_user_cannon;8,8 cm-Flugabwehrkanone 18 (L/56);
explosiveType/fp15;Fp. 15;
weapons/37mm_57_flak_43_naval_user_cannon;3,7 cm-Flugabwehrkanone 43 (L/57);
weapons/76mm_70_mark_37_naval_user_cannon;3”/70 Caliber Gun Mk 26 Mod 0 (Mount Mk 37 Mod 0);
76mm_mk34_mod1_navy_he;HEMk 34 Mod 1;
76mm_mk34_mod1_navy_he_vt;HE-VT Mk 34 Mod 1;
weapons/uk_533mm_21in_mk9b_torpedo;Torpedo, 21”, Mk. IX**;
weapons/uk_533mm_21in_mk9b_torpedo/short;Mk. IX**;
weapons/45mm_89_sm_21_zif_naval_user_cannon;45-мм автоматическая корабельная пушка СМ-21-ЗИФ;
76mm_it_om1_navy_he;OM-1;
76mm_it_om2_navy_he;OM-2;
76mm_it_om2_navy_he_vt;OM-2;
weapons/76mm_62_smp_3_naval_user_cannon;76 mm SMP 3;
weapons/40mm_l70_bofors_early_breda_naval_user_cannon;Cannone Automatico Breda-Bofors da 40/70 (DARDO Tipo 107);
weapons/356mm_45_14inch_mk8_naval_user_cannon;14”/45 Caliber Gun Mk 8 Mod 0;
weapons/356mm_45_14inch_mk12_naval_user_cannon;14”/45 Caliber Gun Mk 12 Mod 0;
weapons/356mm_50_14inch_mk11_naval_user_cannon;14”/50 Caliber Gun Mk 11 Mod 0;
356mm_mk19_hc;HC Mk 19 Mod 0;
356mm_mk16_apcbc;APCBC Mk 16 Mod 0;
356mm_class_b_mk9_he;Bombardment Mk 9 Mod 0;
356mm_class_b_mk11_he;HE Mk 11 Mod 0;
356mm_mk8_apcbc;APCBC Mk 8 Mod 0;
weapons/127mm_25_5inch_mk11_naval_user_cannon;5”/25 Caliber Gun Mk 11 Mod 0;
weapons/toon_gun_7_62;7.62 mm Valiant;
weapons/toon_gun_7_62/short;Valiant;
weapons/toon_gun_12_7;12.7 mm Attaboy;
weapons/toon_gun_12_7/short;Attaboy;
weapons/toon_cannon_20;20 mm Argument;
weapons/toon_cannon_20/short;Argument;
weapons/toon_cannon_minigun;20 mm Golden Dragon;
weapons/toon_cannon_minigun/short;Golden Dragon;
weapons/toon_rocket;Cricket;
weapons/toon_rocket/short;Cricket;
weapons/toon_bomb;Present;
weapons/toon_bomb/short;Present;
weapons/dragonfly_atgm;Fire Stone;
weapons/dragonfly_atgm/short;Fire Stone;
weapons/dragonfly_cannon;30 mm Light Pillar;
weapons/dragonfly_cannon/short;30 mm Light Pillar;
weapons/dragonfly_99_cannon;AC-12;
weapons/dragonfly_99_rocket/short;IR-20;
weapons/dragonfly_99_rocket;IR-20;
180mm_mphe;180 mm Maul-MP-HE;
weapons/180mm_destroyer_h_user_cannon;180 mm Maul-Q7;
weapons/acoustic_heavy_user_cannon;1000 mm Acoustic-M7;
weapons/140mm_CT_T_user_cannon;140 mm ATW;
weapons/40mm_Q_AD_user_cannon;40 mm McUW-3A;
40mm_mp_he;McUW-MP-HE;
mlrs_tank_rocket;Cudgel-33A;
weapons/mlrs_tank_rocket_launcher;203 mm Cudgel-33A Launcher;
weapons/mlrs_tank_rocket_launcher/short;Cudgel-33A;
combat_track_missile;Red Spear;
weapons/combat_track_missile_launcher;Red Spear Launcher;
weapons/combat_track_missile_launcher/short;Red Spear;
weapons/combat_track/short;Red Spear;
380mm_sprgr_l_4_6_kz_ha;Sprengranate L/4,6 Zt.Z;
380mm_45_sprgr_l_4_1_bdz;Sprengranate L/4,1 Bd.Z.;
380mm_45_psgr_l_3_5_ap;Panzergranate L/3,5;
weapons/de_600_mm_h8_torpedo;60 cm H 8 Torpedo;
weapons/de_600_mm_h8_torpedo/short;H 8;
weapons/it_324mm_a224_torpedo;324 mm A224 Torpedo;
weapons/it_324mm_a224_torpedo/short;A224;
weapons/380mm_45_skl_45_naval_user_cannon;38 cm-Schnellladekanone L/45;
weapons/305mm_54_b_50_naval_user_cannon;305-мм корабельная пушка обр. 1940 г. (Б-50);
305mm_b_50_ap;БР;
305mm_ds_15_he;OФ обр. 1928 г.;
weapons/37mm_67_70k_quad_naval_user_cannon;37-мм автоматическая зенитная пушка 46-K;
weapons/100mm_56_b34_aa_1940_naval_user_cannon;100-мм корабельная пушка обр. 1940 г. (Б-34);
weapons/100mm_56_b34_aa_1940_naval_user_cannon/short;Б-34;
weapons/381mm_42_bl_mk1_naval_user_cannon;Ordnance, B.L., 15-inch, Mk. I;
381mm_4crh_cpc;CPC;
381mm_mark_12a_4crh_apc;Mk. XIIa APC;
381mm_mark_1a_4crh_apc;Mk. Ia APC;
381mm_mark_17b_6crh_apc;Mk. XVIIb APC
381mm_mark_22b_6crh_apc;Mk. XXIIb SC APC
weapons/406mm_45_bl_mk1_r1_naval_user_cannon;Ordnance, B.L., 16-inch, Mk. I
weapons/406mm_45_bl_mk1_r2_naval_user_cannon;Ordnance, B.L., 16-inch, Mk. I
406mm_uk_he;Mk. Ib HE
406mm_mark_1a_apcbc;Mk. Ia APCBC
weapons/178mm_up_mk1_naval_rocket_launcher;UP, 7”, Mk. I;
weapons/178mm_up_mk1_naval_rocket_launcher/short;UP Mk. I;
up_mk1;UP Mk. I;
weapons/rocket_rim_24_a_naval_rocket_launcher;RIM-24A Tartar;
weapons/rocket_rim_24_a_naval_rocket_launcher/short;RIM-24A;
rim_24;RIM-24A;
weapons/rocket_mk11_naval_rocket_launcher;Guided Missile Launcher Mk 11 Mod 0
weapons/rocket_mk11_naval_rocket_launcher/short;Mk 11 Mod 0
weapons/52mm_55_skl55_naval_user_cannon;5,2 cm-Schnellladekanone L/55;
52mm_sprgr_he;Sprenggranate;
weapons/bomb_ussr_rku36u;РКУ-36У;
weapons/bomb_ussr_rku36u/short;РКУ-36У;
302mm_rku36;РКУ-36У
weapons/ussr_533mm_53_57_torpedo;533-мм торпеда 53-57;
weapons/ussr_533mm_53_57_torpedo/short;53-57;
weapons/jp_533mm_type72_mod1_torpedo;533 mm 72式魚雷;
weapons/jp_533mm_type72_mod1_torpedo/short;72式魚雷;
weapons/305mm_50_12inch_mk8_naval_user_cannon;12”/50 Caliber Gun Mk 8 Mod 0;
305mm_mk17_he;HC Mk 17 Mod 1;
weapons/305mm_46_vickers_mod_1909_naval_user_cannon;Cannone Vickers da 305/46 Mod. 09;
weapons/152mm_45_schneider_mod1911_naval_user_cannon;Cannone Schneider da 152/45 Mod. 11;
152mm_45_schneider_he;Dirompente;
152mm_45_schneider_aphe;Perforante;
152mm_45_schneider_mod1916_aphe;Perforante;
weapons/76mm_45_schneider_mod1911_naval_user_cannon;Cannone Schneider da 76/45 Mod. 11;
weapons/76mm_50_vickers_mod1909_naval_user_cannon;Cannone Vickers da 76/50 Mod. 09;
76mm_it_schneider_navy_he;Dirompente;
weapons/25mm_87_mark_38_naval_user_cannon;25 mm/87 Caliber Machine Gun Mk 38 Mod 0
weapons/it_whitehead_a110_450_torpedo;450 mm Whitehead A 110/450;
weapons/it_whitehead_a110_450_torpedo/short;A 110/450;
weapons/40mm_l70_bofors_model48_naval_user_cannon;40 mm lv akan m/48;
weapons/152mm_40_armstrong_mod_1899_1916_naval_user_cannon;Cannone Armstrong da 152/40 Mod. 1899/16;
152mm_40_granata_mina_he;Granata mina HE;
152mm_40_palla_apc;Palla APC;
152mm_40_perforante_saphe;Perforante SAPHE;
weapons/ussr_533mm_set53m_torpedo;533-мм торпеда СЭТ-53М;
weapons/ussr_533mm_set53m_torpedo/short;СЭТ-53М;
weapons/7_62mm_m73_naval_user_machinegun;Machine Gun, 7.62 mm: M73;
weapons/203mm_55_8inch_mk16_naval_user_cannon;8”/55 Caliber Gun Mk 16 Mod 0;
152mm_55_palla_aphebc;Palla APHEBC;
weapons/152mm_55_mod_45_1934_naval_user_cannon;Cannone Ansaldo da 152/55 Mod. 34;
weapons/128mm_45_skc_41_naval_user_cannon;12,8 cm-Schnellladekanone C/41;
weapons/128mm_45_skc_41_naval_user_cannon/short;12,8 cm-Schnellladekanone C/41;
128mm_sprgr_l45_kpfz;Sprengranate L/4,5 kz. m.Hb.;
128mm_sprgr_l45_bdz;Sprengranate L/4,5 Bd. Z. m.Hb.;
128mm_sprgr_l45_ztz;Sprengranate L/4,5 Zt.Z. m.Hb.;
weapons/23mm_2a14_naval_user_cannon;23-мм автоматическая зенитная пушка 2А14;
weapons/de_533_53_65_torpedo;533-мм торпеда 53-65;
weapons/de_533_53_65_torpedo/short;53-65;
weapons/fr_400_mle_1926da_torpedo;40 cm Torpille 1926DA;
weapons/fr_400_mle_1926da_torpedo/short;1926DA;
weapons/fr_400mm_mle1926v_torpedo;40 cm Torpille 1926V;
weapons/fr_400mm_mle1926v_torpedo/short;1926V;
weapons/fr_450mm_1909_torpedo;45 cm Torpille 1909R;
weapons/fr_450mm_1909_torpedo/short;1909R;
weapons/germ_mine_udm_e;UDM-E;
weapons/germ_mine_udm_e/short;UDM-E;
weapons/40mm_67_skoda_naval_user_cannon;4 cm-Flugabwehrkanone Škoda L/67;
weapons/40mm_67_skoda_naval_user_cannon/short;4 cm-Flugabwehrkanone L/67;
40mm_skoda_he;Z.Z.-Granate;
weapons/88mm_45_skc_30_naval_user_cannon;8,8cm S.K. C/30 L/45;
weapons/88mm_45_skc_30_naval_user_cannon/short;8,8cm S.K. C/30;
weapons/120mm_50_mk4_bofors_1924_naval_user_cannon;12 cm/50 kan m/24
weapons/120mm_50_mk4_bofors_1924_naval_user_cannon/short;m/24;
120mm_bofors_m1924_he;Spränggranat;
23mm_2a14_naval_hei/name;3УОФ5;
23mm_2a14_naval_hei/name/short;3УОФ5;
weapons/rocket_bm21_launcher;122-мм пусковая установка А-215 «Град-М»;
weapons/rocket_bm21_launcher/short;А-215;
122mm_9m22;М-21ОФ
weapons/138mm_40_model_1927_naval_user_cannon;Canon de 138,6 mm modèle 1927;
weapons/138mm_40_model_1927_naval_user_cannon/short;138,6 mm mle 1927;
weapons/37mm_50_model1925_naval_user_cannon;Canon de 37 mm modèle 1925;
weapons/37mm_50_model1925_naval_user_cannon/short;37 mm mle 1925;
weapons/37mm_50_model1933_naval_user_cannon;Canon de 37 mm modèle 1933;
weapons/37mm_50_model1933_naval_user_cannon/short;37 mm mle 1933;
weapons/37mm_70_model1935_naval_user_cannon;Canon de 37 mm modèle 1935
weapons/37mm_70_model1935_naval_user_cannon/short;37 mm mle 1935
weapons/13_2mm_76_model1929_naval_user_machinegun;13,2 mm Hotchkiss modèle 1929;
weapons/13_2mm_76_model1929_naval_user_machinegun/short;Hotchkiss mle 1929;
weapons/fr_550mm_mod1923dt_torpedo;Torpille de 550 mm modèle 1923DT;
weapons/fr_550mm_mod1923dt_torpedo/short;23DT;
weapons/fr_550mm_mod1919v_torpedo;Torpille de 550 mm modèle 1919V;
weapons/fr_550mm_mod1919v_torpedo/short;19V;
weapons/fr_550mm_l3_torpedo;Torpille L3;
weapons/fr_550mm_l3_torpedo/short;L3;
37mm_oea1925_he;OEA mle 1925;
37mm_oea1935_he;OEA mle 1935
138mm_oea1928_he;OEA mle 1928;
138mm_opfa1924_sap;OPFA mle 1924;
weapons/155mm_50_model_20_naval_user_cannon;Canon de 155 mm modèle 1920;
weapons/155mm_50_model_20_naval_user_cannon/short;155 mm mle 1920;
155mm_m1924_he;OE mle 1924;
155mm_m1924_he_bdz;OE-TF mle 1924;
155mm_m1924_sap;SAP mle 1924;
weapons/75mm_50_model_1922_aa_naval_user_cannon;Canon de 75 mm modèle 1922;
weapons/75mm_50_model_1922_aa_naval_user_cannon/short;75 mm mle 1922;
weapons/75mm_50_model_1927_aa_naval_user_cannon;Canon de 75 mm modèle 1927;
weapons/75mm_50_model_1927_aa_naval_user_cannon/short;75 mm mle 1927;
75mm_oea_mle1925;OEA mle 1925;
75mm_oea_mle1925_tf;OEA mle 1925 (TF);
weapons/320mm_40_mod_1936_naval_user_cannon;Cannone Ansaldo da 320/44 Mod. 36;
weapons/320mm_40_mod_1936_naval_user_cannon/short;320/44 Mod. 36;
320mm_40_perforante_sap;Granata Peforante;
320mm_40_palla_apcbc;Palla;
weapons/90mm_50_ansaldo_mod_1939_naval_user_cannon;Cannone Ansaldo da 90/50 Mod. 39;
weapons/90mm_50_ansaldo_mod_1939_naval_user_cannon/short;90/50 Mod. 39;
90mm_50_granata_dirompente_contro_aerea_he_df;Granata Dirompente Contro Aerea;
weapons/130mm_40_model_1919_naval_user_cannon;Canon de 130 mm modèle 1919;
weapons/130mm_40_model_1919_naval_user_cannon/short;130 mm mle 1919;
130mm_oea1932_he;OEA mle 1932;
130mm_opfa1923_sap;OPFA mle 1923;
weapons/rocket_5v24_v600p_naval_rocket_launcher;ЗРК М-1М «Волна-М»;
weapons/rocket_5v24_v600p_naval_rocket_launcher/short;ЗРК М-1М;
5v24;ЗУР В-600П
weapons/rocket_9m33_naval_rocket_launcher;ЗРК ЗиФ-122
weapons/rocket_9m33_naval_rocket_launcher/short;ЗРК ЗиФ-122
209mm_9m33;ЗУР 9М33
25mm_hedp;HEDP
30mm_HE_DP;HEDP;
21mm_3d27;3Д27;
112mm_apilas;APILAS;
125mm_rpg_28;Ручной Противотанковый Гранатомёт РПГ-28 «Клюква»;
152mm_9m133m6;ПТУР 9М133М6;
125mm_9M115m;ПТУР 9М115М;
weapons/125mm_9M115m/short;ПТУР 9М115М;
152mm_tow_2n;BGM-71K TOW 3C;
70mm_fim_92x;FIM-92L Stinger;
su_9M336M;ЗУР 9М336М;
110mm_spike_sr;Spike-SR4;
weapons/110mm_spike_sr/short;Spike-SR4;
110mm_spike_srme;Spike-SR4ME;
43mm_VK_94;VK-94;
100mm_atomic_hedgie_missile;PC;
weapons/100mm_atomic_hedgie_missile/short;PC;
weapons/100mm_atomic_hedgie_rocket_launcher;PC;
weapons/100mm_atomic_hedgie_rocket_launcher/short;PC;
weapons/21mm_exo_smoke_launcher;Smoke Grenade;
weapons/21mm_exo_smoke_launcher/short;Smoke Grenade;
weapons/112mm_exo_APILAS_rocket_launcher;APILAS;
weapons/125mm_exo_RPG_28_rocket_launcher;Пусковая установка 6Г32;
weapons/30mm_exo_2A72_sniper_user_cannon;30-мм пушка 2А72-2;
weapons/30mm_exo_XM914_sniper_user_cannon;Cannon, 30mm, XM914;
weapons/152mm_exo_BGM_71_tow_launcher_user_cannon;Launcher, Tubular, Guided Missile, M220A5;
weapons/152mm_exo_9M133_launcher_user_cannon;ПУ 9М133 для 6Б55;
weapons/43mm_exo_GM_93_user_cannon;ГМ-93М;
weapons/12_7mm_exo_6P51_user_machinegun;12,7-мм пулемёт Корд (6П51);
weapons/12_7mm_exo_M2_HB_user_machinegun;Machine Gun, Caliber .50: Browning, M2, Heavy Barrel, Fixed
weapons/8_6mm_exo_MG338_user_machinegun;.338 Maschinengewehr MG 338;
weapons/70mm_exo_FIM_92X_rocket_launcher;Stinger Launcher;
weapons/72mm_exo_9M336M_rocket_launcher;ПУ 9М336М для 6Б55; 
weapons/110mm_exo_spike_sr_rocket_launcher;Spike-SR Launcher;
weapons/130mm_exo_9M115M_rocket_launcher;ПУ 9М115М для 6Б55;
weapons/90mm_50_mle_1926_naval_user_cannon;Canon de 90 mm modèle 1926
weapons/90mm_50_mle_1926_naval_user_cannon/short;90 mm mle 1926;
90mm_oea_mle1925;OEA mle 1925;
90mm_oea_mle1925_tf;OEA mle 1925 (TF);
weapons/203mm_50_mle_1924_naval_user_cannon;Canon de 203 mm modèle 1924;
weapons/203mm_50_mle_1924_naval_user_cannon/short;203 mm mle 1924;
203mm_oea_mle1927_he;OEA mle 1927
203mm_50_opf_mle1927_sapbc;OPF mle 1927
203mm_opf_mle1936_apcbc;OPF mle 1936
weapons/138mm_50_model_1929_naval_user_cannon;Canon de 138.6 mm modèle 1929;
weapons/138mm_50_model_1929_naval_user_cannon/short;138.6 mm mle 1929;
weapons/depth_charge_fr_guiraud_100;Guiraud 100 kg;
weapons/depth_charge_fr_guiraud_100/short;Guiraud 100 kg;
weapons/138mm_55_model_1910_naval_user_cannon;Canon de 138.6 mm modèle 1910;
weapons/138mm_55_model_1910_naval_user_cannon/short;138.6 mm mle 1910;
weapons/305mm_45_model_1906_10_naval_user_cannon;Canon de 305 mm modèle 1906/10;
weapons/305mm_45_model_1906_10_naval_user_cannon/short;305 mm mle 1906/10;
weapons/75mm_50_model_1922_naval_user_cannon;Canon de 75 mm modèle 1922;
weapons/75mm_50_model_1922_naval_user_cannon/short;75 mm mle 1922;
138mm_oea1919_he;OEA mle 1919;
138mm_opfa1910_sap;OPFA mle 1910;
138mm_opfa1921_sap;OPFA mle 1921;
305mm_oea_mle1927_he;OEA mle 1927;
305mm_opf_mle1910_apc;OPF mle 1910;
weapons/330mm_52_model_1931_naval_user_cannon;Canon de 330 mm modèle 1931
weapons/330mm_52_model_1931_naval_user_cannon/short;340 mm mle 1931
330mm_oea_mle1935_he;OEA mle 1935
330mm_opf_mle1935_sapcbc;OPF mle 1935
weapons/380mm_45_mle_1935_naval_user_cannon;Canon de 380 mm modèle 1935
weapons/380mm_45_mle_1935_naval_user_cannon/short;380 mm mle 1935
380mm_oea_mle1949_he;OEA Mle 1949
380mm_opf_mle1936_apcbc;OPF Mle 1936
380mm_opf_mle1943_apcbc;OPF Mle 1943
weapons/130mm_45_model_1932_naval_user_cannon;Canon de 130 mm modèle 1932
weapons/130mm_45_model_1932_naval_user_cannon/short;130 mm mle 1932
130mm_oea1934_he;OEA mle 1934
130mm_oea1934_he_tf;OEA mle 1934 (TF)
130mm_opf1933_sap;OPF mle 1933
weapons/340mm_45_model_1912_naval_user_cannon;Canon de 340 mm modèle 1912M;
weapons/340mm_45_model_1912_naval_user_cannon/short;340 mm mle 1912M;
340mm_oea_mle1926_he;OEA mle 1926;
340mm_opf_mle1921_apcbc;OPF mle 1921;
340mm_opf_mle1912_apc;OPF mle 1912;
weapons/13_2mm_browning_naval_user_machinegun;Mitrailleuse de 13,2 mm Browning;
weapons/152mm_55_model_1930_naval_user_cannon;Canon de 152 mm modèle 1930;
weapons/152mm_55_model_1930_naval_user_cannon/short;152 mm mle 1930;
weapons/152mm_55_model_1930mod_naval_user_cannon;Canon de 152 mm modèle 1930
weapons/152mm_55_model_1930mod_naval_user_cannon/short;152 mm mle 1930
152mm_m1937_he;OEA mle 1937;
152mm_m1936_he_df;OEA mle 1936
152mm_m1937_sap;OPF mle 1937;
152mm_fr_us_ap_mk35;OPF Mk 35;
weapons/100mm_45_mle_1930_naval_user_cannon;Canon de 100 mm modèle 1930
weapons/100mm_45_mle_1930_naval_user_cannon/short;100 mm mle 1930
100mm_oea1928_he_df;OEA mle 1928
weapons/75mm_35_model_1925_naval_user_cannon;Canon de 75 mm modèle 1925;
weapons/75mm_35_model_1925_naval_user_cannon/short;75 mm mle 1925;
weapons/75mm_35_model_1897_naval_user_cannon;Canon de 75 mm modèle 1897;
weapons/75mm_35_model_1897_naval_user_cannon/short;75 mm mle 1897;
75mm_oea_mle1917;OEA mle 1917;
75mm_oea_mle1917_tf;OEA mle 1926 FC;
75mm_opf_mle1917;OPF mle 1917;
weapons/fr_mine_b4m;B4M;
weapons/fr_mine_b4m/short;B4M;
weapons/bomb_it_bas;Bomba Anti Sommergibile;
weapons/bomb_it_bas/short;BAS;
weapons/bomb_it_mk4;Bomba Anti Sommergibile;
weapons/bomb_it_mk4/short;BAS;
weapons/200mm_45_type_41_naval_user_cannon;四十五口径四一年式三十六糎砲
200mm_type3_common;三式榴弾
200mm_type3_apc;三式徹甲弾
20mm_36M_pancelgranat;36M páncélgránát;
weapons/20mm_Solothurn_QF_36M_user_cannon;20 mm 36M;
weapons/ato_200_flamethrower;АТО-200;
weapons/100mm_D10T2S_TO_55_user_cannon;100-мм танковая пушка обр. 1944 г. (Д-10Т2С);
weapons/122mm_2A31_user_cannon;122-мм гаубица Д-32 (2А31);
122mm_3of24;3ОФ24;
122mm_3of56;3ОФ56;
122mm_3of7_vt;3ОФ24-1;
162mm_losat;MGM-166A LOSAT;
weapons/162mm_losat/short;MGM-166A LOSAT;
weapons/162mm_MGM166_launcher_user_cannon;LOSAT Launcher;
weapons/155mm_CN98_user_cannon;155 mm CN98;
weapons/155mm_PL05_user_cannon;PL05式155毫米加农榴弹炮;
weapons/155mm_l52_user_cannon;155 mm L52;
155mm_plz_05_he;HE
155mm_plz_05_he_vt;HE-VT
155mm_bea_1;BEA1
weapons/40mm_41M_user_cannon;40 mm 41M;
weapons/105mm_Mavag_40_43M_user_cannon;105 mm 40/43M;
105mm_38_33m;38/33M repeszgránát;
105mm_42m;42M páncélrobbantó gránát;
155mm_oe_f3;OE 155 F3;
weapons/320mm_40_oto_mod_1934_naval_user_cannon;Cannone OTO da 320/44 Mod. 34;
weapons/320mm_40_oto_mod_1934_naval_user_cannon/short;320/44 Mod. 34;
weapons/320mm_40_ansaldo_mod_1934_naval_user_cannon;Cannone Ansaldo da 320/44 Mod. 34;
weapons/320mm_40_ansaldo_mod_1934_naval_user_cannon/short;320/44 Mod. 34;
weapons/410mm_45_type_3_naval_user_cannon;四五口径三年式四一糎砲;
weapons/410mm_45_type_3_naval_user_cannon/short;三年式四一糎砲;
410mm_ordinary_type0_sap;〇式榴弾;
410mm_no5_apc;五式徹甲弾;
410mm_no3_apc;三式徹甲弾;
weapons/460mm_45_type_94_naval_user_cannon;四五口径九四式四六糎砲
weapons/460mm_45_type_94_naval_user_cannon/short;九四式四六糎砲
460mm_type0_common_he;〇式榴弾
460mm_type91_apc;九一式徹甲弾
weapons/406mm_45_mk5_naval_user_cannon;16”/45 Caliber Gun Mk 5 Mod 0
weapons/406mm_45_mk5_naval_user_cannon/short;16”/45 Caliber Gun Mk 5 Mod 0
406mm_mk13_hc;HC Mk 13
406mm_mk3_apcbc;APCBC Mk 3
406mm_mk5_apcbc;APCBC Mk 5
120mm_bofors_m39_sap;stgr m/39;
weapons/de_533mm_g7a_sub_torpedo;533 mm G7a
weapons/de_533mm_g7a_sub_torpedo/short;G7a
weapons/de_533mm_g7a_mod_sub_torpedo;533 mm G7a
weapons/de_533mm_g7a_mod_sub_torpedo/short;G7a;
weapons/us_depth_charge_mk_6_mortar;Depth Charge Mk 6 Mod 0
weapons/us_depth_charge_mk_6_mortar/short;Mk 6 Mod 0
weapons/us_depth_charge_mk_6;Depth Charge Mk 9 Mod 0
weapons/us_depth_charge_mk_6/short;Mk 6 Mod 0
weapons/uk_depth_charge_hedgehog_mortar;Anti-Submarine Projector Mk. X;
weapons/uk_depth_charge_hedgehog_mortar/short;Mk. X;
weapons/germ_mine_tma_1;Torpedomine TMA-1;
weapons/germ_mine_tma_1/short;TMA-1;
weapons/87_6mm_31_ordnance_qf_naval_user_cannon;Ordnance, Q.F., 25-pr, Mk. I;
87_6mm_mk1d_he;Mk. Id HE;
87_6mm_ap_shot;Mk. I APC;
weapons/76mm_50_canet_mod1891_naval_user_cannon;Canon de 75 mm modèle 1891;
75mm_oea_mle1907;OE mle 1917;
weapons/152mm_m81_naval_user_cannon;Cannon, 152 mm Gun/Launcher: M81;
weapons/57mm_60_mle1951_naval_user_cannon;Canon de 57 mm modèle 1951;`
57mm_model1951;OE mle 1951;
weapons/8mm_breda_mod37_naval_user_machinegun;Mitragliatrice Breda da 8 mm Mod. 37;
weapons/138mm_50_model_1934_naval_user_cannon;Canon de 138.6 mm modèle 1934 mod 1938;
weapons/138mm_50_model_1934_naval_user_cannon/short;138.6 mm mle 1934 mod 1938;
138mm_oea1932_he;OEA mle 1932;
weapons/100mm_45_m1917_naval_user_cannon;Canon de 100 mm modèle 1917
weapons/100mm_45_m1917_naval_user_cannon/short;100 mm mle 1917
100mm_45_common;mle 1902
100mm_45_ap;mle 1913
weapons/65mm_50_m1902_naval_user_cannon;Canon de 65 mm modèle 1902
weapons/65mm_50_m1902_naval_user_cannon/short;65 mm mle 1901
65mm_50_fr_common;mle 1892
65mm_50_fr_ap;mle 1902
weapons/406mm_50_b37_naval_user_cannon;406-мм корабельная пушка обр. 1937 г. (Б-37);
406mm_obr1915_28_sapcbc;обр. 1928 г.
406mm_obr1915_28_apcbc;обр. 1928 г.
weapons/406mm_50_mk7_naval_user_cannon;16”/50 Caliber Gun Mk 7 Mod 0
406mm_mk8_mod6_apcbc;APCBC Mk 8 Mod 6
weapons/rocket_ss11_naval_rocket_launcher;SS.11;
weapons/rocket_ss11_naval_rocket_launcher/short;SS.11;
weapons/rocket_9k32m_strela2m_naval_rocket_launcher;ПУ 9М32М для «Стрела-2М»;
weapons/rocket_9k34_strela3_naval_rocket_launcher;ПУ 9М36 для «Стрела-3»;
72mm_strela2m;ЗУР 9М32М;
72mm_strela3;ЗУР 9М36;
weapons/72mm_9s846_4_rocket_launcher;ПУ 9С846;
72mm_9m39;ЗУР 9М39;
72mm_9m342;ЗУР 9М342
weapons/125mm_2A46_M1_T_80UD_user_cannon;125-мм танковая пушка 2А46М-1;
weapons/20mm_Oerlikon_204gk_user_cannon;20 mm Oerlikon 204GK;
weapons/25mm_zpt90_user_cannon;ZPT90式车载25毫米自动枪;
weapons/105mm_cockerill_hp_user_cannon;105 mm Cockerill CV 105HP Gun;
weapons/152mm_2A64_user_cannon;152-мм гаубица 2А64
weapons/152mm_2A65_m2_user_cannon;152-мм гаубица 2А64М2
V_759;В-759
weapons/V_759/short;В-759
weapons/654mm_S_75_V_755_20DS_rocket_launcher;ПУ СМ-90
weapons/7_62mm_ss77_user_machinegun;7.62 mm SS-77
weapons/130mm_FB_10_rocket_launcher;FB-10
fb10_rocket;FB-10
fb10a_rocket;FB-10A
weapons/30mm_pgz_625_user_cannon;30 mm 630型
weapons/cz_ofab_100mb;100 kg OFAB-100MB
weapons/cz_ofab_100mb/short;OFAB-100MB
weapons/cz_ofab_100_110_tu_jupiter;100 kg OFAB-100-110TU
weapons/cz_ofab_100_110_tu_jupiter/short;OFAB-100-110TU
weapons/30mm_denel_gi30_user_cannon;30 mm GI-30
weapons/160mm_spyder_launcher_user_cannon;SPYDER
CLIPPED_LANG_KEEP_IT_ALWAYS_FIRST;;