<ID|readonly|noverify>;<NewLanguage>;
modification/category/lth;Flight Performance;
modification/category/armor;Survivability;
modification/category/weapon;Weaponry;
modification/category/mobility;Mobility;
modification/category/protection;Protection;
modification/category/firepower;Firepower;
modification/category/primaryWeapon;Offensive Armament;
modification/category/secondaryWeapon;Secondary Weapon;
modification/category/premiumMods;Special;
modification/category/expendables;Supplies;
modification/category/seakeeping;Seakeeping;
modification/category/unsinkability;Unsinkability;
modification/category/bonus;Tier bonus;
modification/category/bonus/tooltip;When researching all modifications at each tier, you will receive bonus RP for the vehicle being researched in the amount of {bonus}% of the sum of RP earned to research all modifications of this tier.;
modification/tierBonus;Bonus:;
modification/bonusReceived;Bonus received;
modification/progressModsText;Modification research progress;
modification/progressModsAllResearchedText;♠ All modifications researched;
modification/f2a3_2x100lb;Mk 41 Mod 0;
modification/f2a3_2x100lb/desc;Allows installation of 2 x 100 lb bombs.;
modification/g50_2xSC50;ETC 50 IId;
modification/g50_2xSC50/desc;Allows installation of 2 x 50 kg bombs.;
modification/it50_mod;MC GP 50;
modification/it50_mod/desc;Allows installation of 50 kg bombs.;
modification/it100_mod;MC SAP 100;
modification/it100_mod/desc;Allows installation of 100 kg bombs.;
modification/it150_mod;MC AP 150;
modification/it150_mod/desc;Allows installation of 150 kg bombs.;
modification/it160_mod;AP 160;
modification/it160_mod/desc;Allows installation of 160 kg bombs.;
modification/it250_mod;MC GP 250;
modification/it250_mod/desc;Allows installation of 250 kg bombs.;
modification/it500_mod;MC GP 500;
modification/it500_mod/desc;Allows installation of 500 kg bombs.;
modification/it630_ap_mod;PD 630;
modification/it630_ap_mod/desc;Allows installation of 630 kg bombs.;
modification/it800_mod;MC GP 800;
modification/it800_mod/desc;Allows installation of 800 kg bombs.;
modification/he51_6xsd10;ETC 10 VId;
modification/he51_6xsd10/desc;Allows installation of 6 x 10 kg bombs.;
modification/Hs-123_4xSC50;ETC 50 VIIIb;
modification/Hs-123_4xSC50/desc;Allows installation of 4 x 50 kg bombs.;
modification/Hs-123_SC250;ETC 250 IV;
modification/Hs-123_SC250/desc;Allows installation of 1 x 250 kg bomb.;
modification/Bf-109E-3_4xSC50;ETC 50 VIIId;
modification/Bf-109E-3_4xSC50/desc;Allows installation of 4 x 50 kg bombs.;
modification/Bf-109E-3_SC250;ETC 500 IXb;
modification/Bf-109E-3_SC250/desc;Allows installation of 1 x 250 kg bomb.;
modification/Bf-109F-4_4xSC50;ETC 50 VIIId;
modification/Bf-109F-4_4xSC50/desc;Allows installation of 4 x 50 kg bombs.;
modification/Bf-109F-4_SC250;ETC 500 IXb I;
modification/Bf-109F-4_SC250/desc;Allows installation of 1 x 250 kg bomb.;
modification/Bf-109F-4_SC500;ETC 500 IXb II;
modification/Bf-109F-4_SC500/desc;Allows installation of 1 x 500 kg bomb.;
modification/Bf-109F-4_R1;Bf 109 F-4/R1;
modification/Bf-109F-4_R1/desc;Allows installation of 2 x Flugzeugmaschinengewehr 151/15 cannons under the wings.;
modification/Bf-109G-10_R5;Bf 109 G-10/R5;
modification/Bf-109G-10_R5/desc;Allows installation of 2 x Flugzeugmaschinengewehr 108 cannons under the wings.;
modification/Bf-109G-10_SC250;ETC 500 IXb I;
modification/Bf-109G-10_SC250/desc;Allows installation of 1 x 250 kg bomb.;
modification/Bf-109G-10_SC500;ETC 500 IXb II;
modification/Bf-109G-10_SC500/desc;Allows installation of 1 x 500 kg bomb.;
modification/Bf-109G-10_MK108_mod;Bf 109 G-10/U4;
modification/Bf-109G-10_MK108_mod/desc;Allows installation of 1 x Flugzeugmaschinengewehr 108 cannon.;
modification/Bf-109G-10_R6;Bf 109 G-10/R6;
modification/Bf-109G-10_R6/desc;Allows installation of 2 x Flugzeugmaschinengewehr 151/20 cannons under the wings.;
modification/hs129_r2;Hs 129 B-2/R2;
modification/hs129_r2/desc;Allows installation of 1 x Flugzeugmaschinengewehr 103 cannon.;
modification/Bf-109G-2_4xSC50;ETC 50 VIIId;
modification/Bf-109G-2_4xSC50/desc;Allows installation of 4 x 50 kg bombs.;
modification/Bf-109G-2_SC250;ETC 500 IXb I;
modification/Bf-109G-2_SC250/desc;Allows installation of 1 x 250 kg bomb.;
modification/Bf-109G-2_SC500;ETC 500 IXb II;
modification/Bf-109G-2_SC500/desc;Allows installation of 1 x 500 kg bomb.;
modification/Bf-109G-2_R6;Bf 109 G-2/R6;
modification/Bf-109G-2_R6/desc;Allows installation of 2 x Flugzeugmaschinengewehr 151/20 cannons under the wings.;
modification/Bf-109G-6_R6;Bf 109 G-6/R6;
modification/Bf-109G-6_R6/desc;Allows installation of 2 x Flugzeugmaschinengewehr 151/20 cannons under the wings.;
modification/Bf-109G-6_R5;Bf 109 G-6/R5;
modification/Bf-109G-6_R5/desc;Allows installation of 2 x Flugzeugmaschinengewehr 108 cannons under the wings.;
modification/Bf-109G-6_4xSC50;ETC 50 VIIId;
modification/Bf-109G-6_4xSC50/desc;Allows installation of 4 x 50 kg bombs.;
modification/Bf-109G-6_SC250;ETC 500 IXb I;
modification/Bf-109G-6_SC250/desc;Allows installation of 1 x 250 kg bomb.;
modification/Bf-109G-6_SC500;ETC 500 IXb II;
modification/Bf-109G-6_SC500/desc;Allows installation of 1 x 500 kg bomb.;
modification/Bf-109G-6_W;Werfergranate 21;
modification/Bf-109G-6_W/desc;Allows installation of 2 x Werfergranate 21 rockets.;
modification/bf-109g6_u4_mod;Bf 109 G-6/U4;
modification/bf-109g6_u4_mod/desc;Allows installation of 1 x Flugzeugmaschinengewehr 108 cannon.;
modification/Bf-109K-4_R5;Bf 109 K-4/R5;
modification/Bf-109K-4_R5/desc;Allows installation of 2 x Flugzeugmaschinengewehr 151/20 cannons under the wings.;
modification/Bf-110C-4_8xSC50;ER4 ETC 50;
modification/Bf-110C-4_8xSC50/desc;Allows installation of 8 x 50 kg bombs.;
modification/Bf-110C-4_2xSC250;ETC 500 IXb I;
modification/Bf-110C-4_2xSC250/desc;Allows installation of 2 x 250 kg bombs.;
modification/Bf-110C-4_SC50_SC250;ETC 250 IXb I;
modification/Bf-110C-4_SC50_SC250/desc;Allows installation of 2 x up to 250 kg bombs.;
modification/Bf-110C-4_SC500;ETC 500 IXb II;
modification/Bf-110C-4_SC500/desc;Allows installation of 1 x 500 kg bomb.;
modification/Bf-110C-7_SC1000;ETC 1000 IXb I;
modification/Bf-110C-7_SC1000/desc;Allows installation of 1 x 1000 kg bomb.;
modification/Bf-110C-7_SC1000_SC250;ETC IXb;
modification/Bf-110C-7_SC1000_SC250/desc;Allows installation of 1 x 1000 kg bomb.;
modification/he-111h-2_8xSC250;ITC 250 VIIIb;
modification/he-111h-2_8xSC250/desc;Allows installation of 8 x 250 kg bombs.;
modification/he-111_2x1000kg_250kg_pylon;ETC PVC II;
modification/he-111_2x1000kg_250kg_pylon/desc;Allows installation of 2 x 1000 kg bombs and 1 x 250 kg bomb.;
modification/he-111_2x1000kg_pylon;ETC PVC I;
modification/he-111_2x1000kg_pylon/desc;Allows installation of 2 x 1000 kg bombs.;
modification/Fw-190A-5_4xSC50;ETC 50;
modification/Fw-190A-5_4xSC50/desc;Allows installation of 4 x 50 kg bombs.;
modification/Fw-190A-5_SC250;ETC 501 I;
modification/Fw-190A-5_SC250/desc;Allows installation of 1 x 250 kg bomb.;
modification/Fw-190A-5_SC500;ETC 501 II;
modification/Fw-190A-5_SC500/desc;Allows installation of 1 x 500 kg bomb.;
modification/Fw-190A-5_R1;Fw 190 A-5/U12/R1;
modification/Fw-190A-5_R1/desc;Allows to install 4 x Flugzeugmaschinengewehr 151/20 cannons under the wings.;
modification/Fw-190A-5_R6;Fw 190 A-5/R6;
modification/Fw-190A-5_R6/desc;Allows installation of 2 x Werfergranate 21 rockets.;
modification/bf_110f-2_rz65;RZ 65;
modification/bf_110f-2_rz65/desc;Allows installation of RZ 65 rockets.;
modification/Fw-190D-12_4xSC50;ETC 71 I;
modification/Fw-190D-12_4xSC50/desc;Allows installation of 4 x 50 kg bombs.;
modification/Fw-190D-12_8xSC50;ETC 71 II;
modification/Fw-190D-12_8xSC50/desc;Allows installation of 8 x 50 kg bombs.;
modification/Fw-190D-12_SC250;ETC 504 I;
modification/Fw-190D-12_SC250/desc;Allows installation of 1 x 250 kg bomb.;
modification/Fw-190D-12_SC250_4xSC50;ETC 504 + ER 4 I;
modification/Fw-190D-12_SC250_4xSC50/desc;Allows installation of 1 x 250 kg and 4 x 50 kg bombs.;
modification/Fw-190D-12_SC500;ETC 504 II;
modification/Fw-190D-12_SC500/desc;Allows installation of 1 x 500 kg bomb.;
modification/Fw-190D-12_SC500_4xSC50;ETC 504 + ER 4 II;
modification/Fw-190D-12_SC500_4xSC50/desc;Allows installation of 1 x 500 kg and 4 x 50 kg bombs.;
modification/Fw-190F-8_SC500;ETC 501 I;
modification/Fw-190F-8_SC500/desc;Allows installation of 1 x 500 kg bomb.;
modification/Fw-190F-8_SC500_4xSC50;ETC 501 + ER 4 I;
modification/Fw-190F-8_SC500_4xSC50/desc;Allows installation of 1 x 500 kg and 4 x 50 kg bombs.;
modification/Fw-190F-8_SC1000;ETC 501 II;
modification/Fw-190F-8_SC1000/desc;Allows installation of 1 x 1000 kg bomb.;
modification/Fw-190F-8_SC1000_4xSC50;ETC 501 + ER 4 II;
modification/Fw-190F-8_SC1000_4xSC50/desc;Allows installation of 1 x 1000 kg and 4 x 50 kg bombs.;
modification/Fw-190F-8_R3;Fw 190 F-8/R3;
modification/Fw-190F-8_R3/desc;Allows installation of 2 x Flugzeugmaschinengewehr 103 cannons under the wings.;
modification/ar234_SC1000;ETC 1001 I;
modification/ar234_SC1000/desc;Allows installation of 1 x 1000 kg bomb.;
modification/p_40_fuel_100;100 octane fuel;
modification/p_40_fuel_100/desc;Allows usage of 100 octane fuel. Engine performance will be improved.;
modification/la-5fn_armorplate_10/short;Rear Armor Plate;
modification/la-5fn_armorplate_10;Rear Armor Plate;
modification/la-5fn_armorplate_10/desc;8.5 mm rear armor plate will be replaced with 10 mm armor plate.;
modification/la-5fn_rear_armorglass_75/short;Armored Glass;
modification/la-5fn_rear_armorglass_75;Armored Glass;
modification/la-5fn_rear_armorglass_75/desc;66 mm rear armored glass will be replaced with 75 mm armored glass.;
modification/la-5fn_dz-40;ДЗ-40;
modification/la-5fn_dz-40/desc;Allows installation of 2 x 50 kg bombs.;
modification/la-7_armorplate_10/short;Rear Armor Plate;
modification/la-7_armorplate_10;Rear Armor Plate;
modification/la-7_armorplate_10/desc;8.5 mm rear armor plate will be replaced with 10 mm armor plate.;
modification/la-7_rear_armorglass_75/short;Armored Glass;
modification/la-7_rear_armorglass_75;Armored Glass;
modification/la-7_rear_armorglass_75/desc;66 mm rear armored glass will be replaced with 75 mm armored glass.;
modification/la-7_dz-40;ДЗ-40;
modification/la-7_dz-40/desc;Allows installation of 2 x up to 100 kg bombs.;
modification/bd-2-48;Д-4-50;
modification/bd-2-48/desc;Allows installation of 2 x up to 250 kg bombs.;
modification/d-4-50;Д-4-50;
modification/d-4-50/desc;Allows installation of 2 x up to 250 kg bombs.;
modification/LaGG_ro-82;РO-82;
modification/LaGG_ro-82/desc;Allows installation of 6 x РС-82 rockets.;
modification/LaGG_dz-40;ДЗ-40;
modification/LaGG_dz-40/desc;Allows installation of 2 x up to 100 kg bombs.;
modification/C5;С-5К;
modification/C5/desc;Allows installation of С-5К rockets.;
modification/swd_j29_75mm_m55;m/55;
modification/swd_j29_75mm_m55/desc;Allows installation of m/55 rockets.;
modification/swd_j29_145mm_m49a;m/49A;
modification/swd_j29_145mm_m49a/desc;Allows installation of m/49A rockets.;
modification/swd_j29_150mm_m51;m/51;
modification/swd_j29_150mm_m51/desc;Allows installation of m/51 rockets.;
modification/swd_j29_180mm_m49;m/49;
modification/swd_j29_180mm_m49/desc;Allows installation of m/49 rockets.;
modification/swd_aj37_120kg_m71;m/71;
modification/swd_aj37_120kg_m71/desc;Allows installation of 120 kg bombs.;
modification/swd_rb75;Rb 75;
modification/swd_rb75/desc;Allows installation of Rb 75 missiles.;
modification/swd_rb75t;Rb 75T;
modification/swd_rb75t/desc;Allows installation of Rb 75T missiles.;
modification/swe_minb_m37a/desc;Allows installation of 50 kg bombs.;
modification/swe_minb_m37a;m/37A;
modification/swe_minb_m61/desc;Allows installation of 120 kg bombs.;
modification/swe_minb_m61;m/61;
modification/swe_minb_m40/desc;Allows installation of 250 kg bombs.;
modification/swe_minb_m40;m/40;
modification/swe_minb_m41/desc;Allows installation of 500 kg bombs.;
modification/swe_minb_m41;m/41;
modification/swe_minb_m50/desc;Allows installation of 600 kg bombs.;
modification/swe_minb_m50;m/50;
modification/swe_torp_m41;m/41;
modification/swe_torp_m41/desc;Allows installation of torpedo.;
modification/swe_torp_t18b_1;m/38;
modification/swe_torp_t18b_1/desc;Allows installation of torpedo.;
modification/fin_50kg/desc;Allows installation of 2 x 50 kg bombs.;
modification/fin_50kg;50 kg;
modification/fin_100kg/desc;Allows installation of 2 x 100 kg bombs.;
modification/fin_100kg;100 kg;
modification/fr_75kg/desc;Allows installation of 75 kg bombs.;
modification/fr_75kg;75 kg;
modification/fr_150kg/desc;Allows installation of 150 kg bombs.;
modification/fr_150kg;150 kg;
modification/fr_40cm_1926;1926DA;
modification/fr_40cm_1926/desc;Allows installation of torpedo.;
modification/j_7_hf5;HF5;
modification/j_7_hf5/desc;Allows installation of 57-1型 rockets.;
modification/cn_hf25b;HF25B;
modification/cn_hf25b/desc;Allows installation of FS70 rockets.;
modification/cn_hf27;HF27;
modification/cn_hf27/desc;Allows installation of 57-1型 rockets.;
modification/cn_q5_hf6;HF6;
modification/cn_q5_hf6/desc;Allows installation of 90-1型 rockets.;
modification/q_5b_type130;HF14;
modification/q_5b_type130/desc;Allows installation of 130-2型 rockets.;
modification/cn_hf18;HF18;
modification/cn_hf18/desc;Allows installation of 57-1型 rockets.
modification/cn_hf7a;HF7A;
modification/cn_hf7a/desc;Allows installation of FS70 rockets.;
modification/cn_hf7d;HF7D;
modification/cn_hf7d/desc;Allows installation of FS70 rockets.;
modification/C5M;С-5M;
modification/C5M/desc;Allows installation of С-5M rockets.;
modification/mig_21_ub16;УБ-16;
modification/mig_21_ub16/desc;Allows installation of additional С-5 rockets.;
modification/mig_21_ub32;УБ-32;
modification/mig_21_ub32/desc;Allows installation of additional С-5 rockets.;
modification/C21;С-21;
modification/C21/desc;Allows installation of C-21 rockets.;
modification/su_7b_s3;С-3К;
modification/su_7b_s3/desc;Allows installation of C-3К rockets.;
modification/a_26b_10_2x37_mod;AN/M4;
modification/a_26b_10_2x37_mod/desc;Allows installation of 2 x 37 mm Cannon, AN/M4 cannons.;
modification/a_26b_10_1x37_2_50_mod;AN/M4 + 2 AN/M2;
modification/tis_ns_45_mod/desc;Allows installation of НС-45 cannon.;
modification/tis_ns_45_mod;НС-45;
modification/a_26b_10_1x37_2_50_mod/desc;Allows installation of 1 x 37 mm Cannon, AN/M4 cannon and 2 x Caliber .50 Browning M2 machine guns.;
modification/a_26b_10_1x37_4_50_mod;AN/M4 + 4 AN/M2;
modification/a_26b_10_1x37_4_50_mod/desc;Allows installation of 1 x 37 mm Cannon, AN/M4 cannon and 4 x Caliber .50 Browning M2 machine guns.;
modification/der_21;Дер-21;
modification/der_21/desc;Allows installation of up to 100 kg bombs.;
modification/der-13;Дер-13;
modification/der-13/desc;Allows installation of up to 250 kg bombs.;
modification/der-15;Дер-15;
modification/der-15/desc;Allows installation of up to 500 kg bombs.;
modification/der-19;Дер-19;
modification/der-19/desc;Allows installation of up to 500 kg bombs.;
modification/der-21_fab100;Дер-21;
modification/der-21_fab100/desc;Allows installation of up to 100 kg bombs.;
modification/der-19_fab250;Дер-19 250;
modification/der-19_fab250/desc;Allows installation of up to 250 kg bombs.;
modification/der-19_fab500;Дер-19 500;
modification/der-19_fab500/desc;Allows installation of up to 500 kg bombs.;
modification/der-19_fab1000;Дер-19 1000;
modification/der-19_fab1000/desc;Allows installation of up to 1000 kg bombs.;
modification/der-20;Дер-20;
modification/der-20/desc;Allows installation of up to 1000 kg bombs.;
modification/der-21;Дер-21;
modification/der-21/desc;Allows installation of up to 100 kg bombs.;
modification/er-2_kd-3-240;КД-3-240;
modification/er-2_kd-3-240/desc;Allows installation of 250 kg bombs and 500 kg bombs.;
modification/er-2_m-105_der-19-20;Дер-19-20;
modification/er-2_m-105_der-19-20/desc;Allows installation of up to 1000 kg bombs.;
modification/er-2_ach-30b_der-19-20;Дер-19-20;
modification/er-2_ach-30b_der-19-20/desc;Allows instalation of up to 1000 kg bombs.;
modification/tu-2_pkd-2;ПКД-2;
modification/tu-2_pkd-2/desc;Allows installation up to 1000 kg of bombs.;
modification/der_19pk;Дер-19ПК
modification/der_19pk/desc;Allows installation of up to 1000 kg of bombs.
modification/der_19u;Дер-19У
modification/der_19u/desc;Allows installation of up to 1000 kg of bombs.
modification/tu-2_td-44;TД-44;
modification/tu-2_td-44/desc;Allows installation of 2 torpedoes.;
modification/il2_mdz_42;МДЗ-42;
modification/il2_mdz_42/desc;Allows instalation of 250 kg bombs.;
modification/su_fab_250m_43;ФАБ-250М-43;
modification/su_fab_250m_43/desc;Allows installation of 250 kg bombs.;
modification/su_fab_500m_43;ФАБ-500М-43;
modification/su_fab_500m_43/desc;Allows installation of 500 kg bombs.;
modification/su_fab_250_500;ФАБ-250 / ФАБ-500;
modification/su_fab_250_500/desc;Allows installation of 250kg bombs and 500 kg bombs.;
modification/su_fab_1000m_43;ФАБ-1000М-43;
modification/su_fab_1000m_43/desc;Allows installation of 1000 kg bombs.;
modification/pe-2_dz-40;ДЗ-40;
modification/pe-2_dz-40/desc;Allows installation of 250 kg bombs and 500 kg bombs.;
modification/pe-2_ro-132;РО-132;
modification/pe-2_ro-132/desc;Allows installation of 10 x РС-132 rockets.;
modification/de_x4_ruhrstahl/desc;Allows the installation of RK 344 air-to-air missiles.
modification/de_x4_ruhrstahl;E.T.C. 70 A-1
modification/sb-2_der-19;Дер-19;
modification/sb-2_der-19/desc;Allows installation of 500 kg bombs.;
modification/ar-2_np-1;НП-1;
modification/ar-2_np-1/desc;Allows installation of up to 500 kg bombs.;
modification/yak9p_ns23_mod;НС-23;
modification/yak9p_ns23_mod/desc;Allows installation of НС-23 cannon.;
modification/us_m39_cannon;M39;
modification/us_m39_cannon/desc;Allows installation of 4 x M39 cannons.;
modification/yak9p_n37_mod;Н-37;
modification/yak9p_n37_mod/desc;Allows installation of Н-37 cannon.;
modification/yak3p_mod;Як-3П;
modification/yak3p_mod/desc;Allows installation of 3 x Б-20 cannons.;
modification/yak9p_ns45_mod;НС-45;
modification/yak9p_ns45_mod/desc;Allows installation of НС-45 cannon.;
modification/lancaster_mk3_avro_mark_3;AUBC No. 1 Mk. II;
modification/lancaster_mk3_avro_mark_3/desc;Allows installation of 1000 lb bombs.;
modification/lancaster_mk3_avro_mark_1;AUBC No. 1 Mk. I;
modification/lancaster_mk3_avro_mark_1/desc;Allows installation of up to 4000 lbs bombs.;
modification/uk_12000lb_hc_mkI_n52_bomb;AUBC No. 1 Mk. IV;
modification/uk_12000lb_hc_mkI_n52_bomb/desc;Allows installation of up to 12000 lbs bombs.;
modification/wellington_sbc;SBC Mk. I;
modification/wellington_sbc/desc;Allows installation of additional 250 lb bombs.;
modification/wellington_mbc;MBC Mk. I;
modification/wellington_mbc/desc;Allows installation of 500 lb bombs.;
modification/wellington_lbc;LBC Mk. I;
modification/wellington_lbc/desc;Allows installation of 1 x 4000 lb bombs.;
modification/wellington_tc;TC Mk. I;
modification/wellington_tc/desc;Allows installation of 2 torpedoes.;
modification/wellington_2000/desc;Allows installation of 2000 lb bombs.;
modification/wellington_2000;2000 lb;
modification/wirraway_sbc;SBC Mk 21 Mod 0;
modification/wirraway_sbc/desc;Allows installation of up to 500 kg bombs.;
modification/uc_type_mk_1;UC Mk 1 Mod 0;
modification/uc_type_mk_1/desc;Allows installation of additional 250 lb bombs.;
modification/uc_type_mk_2;UC Mk 2 Mod 0;
modification/uc_type_mk_2/desc;Allows installation of 500 kg bombs.;
modification/sbc_mark25;SBC Mk 25 Mod 0;
modification/sbc_mark25/desc;Allows installation of additional 250 lb bombs.;
modification/hampden_2x500lb;SBC Mk. II;
modification/hampden_2x500lb/desc;Allows installation of additional 500 lb bombs.;
modification/uk_bomb_520lb;520 lb Mk. IN
modification/uk_bomb_520lb/desc;Allows the installation of additional 520 lb bombs.
modification/uk_bomb_1650lb;1650 lb
modification/uk_bomb_1650lb/desc;Allows the installation of additional 1650 lb bombs.
modification/yak-1-7b_bi-42;БИ-42;
modification/yak-1-7b_bi-42/desc;Allows installation of 2 x 50 kg bombs.;
modification/yak-1_bi-42;БИ-42;
modification/yak-1_bi-42/desc;Allows installation of 2 x up to 100 kg bombs.;
modification/yak-7b_ro-82;РO-82;
modification/yak-7b_ro-82/desc;Allows installation of 6 x РС-82 rockets.;
modification/b-17_sbc;SBC-17;
modification/b-17_sbc/desc;Allows installation of additional 500 lb bombs.;
modification/b-17_mbc;MBC-17;
modification/b-17_mbc/desc;Allows installation of 1000 lb bombs.;
modification/b-17_lbc;LBC-17;
modification/b-17_lbc/desc;Allows installation of 2000 lb bombs.;
modification/b-24_sbc;SBC-24;
modification/b-24_sbc/desc;Allows installation of 100 lb bombs.;
modification/fr_750lb_m117;M117;
modification/fr_750lb_m117/desc;Allows installation of 750 lb bombs.;
modification/jp_750lb_jm117;JM117;
modification/jp_750lb_jm117/desc;Allows installation of 750 lb bombs.;
modification/b-24_mbc;MBC-24;
modification/b-24_mbc/desc;Allows installation of additional 500 lb bombs.;
modification/b-24_lbc;LBC-24;
modification/b-24_lbc/desc;Allows installation of 1000 lb bombs.;
modification/is_100_50_gp;100/50 GP;
modification/is_100_50_gp/desc;Allows installation of 100 kg bombs.
modification/is_250_50_gp;250/50 GP;
modification/is_250_50_gp/desc;Allows installation of 250 kg bombs.
modification/is_360_50_gp;360/50 GP;
modification/is_360_50_gp/desc;Allows installation of 360 kg bombs.
modification/is_500_50_gp;500/50 GP;
modification/is_500_50_gp/desc;Allows installation of 500 kg bombs.
modification/premExpMul;Talisman;
modification/premExpMul/desc;Talisman vehicle allows you to gain +{value}% RP when controlling this vehicle.;
modification/ussr_fuel_b-95;95 octane fuel usage;
modification/ussr_fuel_b-95/desc;Allows usage of 95 octane lend-lease fuel. Engine performance will be improved.;
modification/ussr_fuel_b-100;100 octane fuel usage;
modification/ussr_fuel_b-100/desc;Allows usage of 100 octane lend-lease fuel. Engine performance will be improved.;
modification/b17e_flak_vest;Protective Vest;
modification/b17e_flak_vest/desc;Allows partial protection of the crew from fragmentation effect of flak and aerial shells.;
modification/b17g_flak_vest;Protective Vest;
modification/b17g_flak_vest/desc;Allows partial protection of the crew from fragmentation effect of flak and aerial shells.;
modification/b-24_flak_vest;Protective Vest;
modification/b-24_flak_vest/desc;Allows partial protection of the crew from fragmentation effect of flak and aerial shells.;
modification/b-25_flak_vest;Protective Vest;
modification/b-25_flak_vest/desc;Allows partial protection of the crew from fragmentation effect of flak and aerial shells.;
modification/lancaster_m1_flyers_vest;Protective Vest;
modification/lancaster_m1_flyers_vest/desc;Allows partial protection of the crew from fragmentation effect of flak and aerial shells.;
modification/wellington_m1_flyers_vest;Protective Vest;
modification/wellington_m1_flyers_vest/desc;Allows partial protection of the crew from fragmentation effect of flak and aerial shells.;
spare/spare;Backup Vehicle;
spare/spare/desc;Allows you to control a vehicle in a mission twice (but no more per mission). You can only use a backup vehicle in battle modes allowing several respawns.;
spare/spare/short;Backup;
modification/b5n2_17-34in_mod45;17 3/4” 45型;
modification/b5n2_17-34in_mod45/desc;Allows installation of 1 torpedo.;
modification/b5n2_14in_mod35;14” 35型;
modification/b5n2_14in_mod35/desc;Allows installation of 1 x 800 kg bomb.;
modification/b5n2_12in_mod30;12” 30型;
modification/b5n2_12in_mod30/desc;Allows installation of 2 x 250 kg bombs.;
modification/12in_mod30;12” 30型;
modification/12in_mod30/desc;Allows installation of 250 kg bombs.;
modification/14in_mod30;14” 30型;
modification/14in_mod30/desc;Allows installation of 500 kg bombs.;
modification/mosquitofb_sbc;SBC Mk. II;
modification/mosquitofb_sbc/desc;Allows installation of additional 250 lb bombs.;
modification/mosquitofb_mbc;MBC Mk. II;
modification/mosquitofb_mbc/desc;Allows installation of 500 lb bombs.;
modification/mosquitofb_rsc;RSC Mk. II;
modification/mosquitofb_rsc/desc;Allows installation of 8 x RP-3 rockets.;
modification/uk_rp3_mk12;Mk. 12;
modification/uk_rp3_mk12/desc;Allows installation of RP-3 rockets.;
modification/uk_matra_7;Matra No. 7 Mk. 1;
modification/uk_matra_7/desc;Allows installation of 2-inch Royal Navy rockets.;
modification/pby5_ltc;LTC-5;
modification/pby5_ltc/desc;Allows installation of 2 torpedoes.;
modification/type_r80_sura;Typ 80 (SURA);
modification/type_r80_sura/desc;Allows installation of Typ 80 rockets.;
modification/pby5_mbc;MBC-5;
modification/pby5_mbc/desc;Allows installation of 500 lb bombs.;
modification/pby5_lbc;LBC-5;
modification/pby5_lbc/desc;Allows installation of a 1000 lb bomb.;
modification/beaufighter_tsc;TSC Mk. II;
modification/beaufighter_tsc/desc;Allows installation of 1 torpedo.;
modification/beaufighter_rsc;RSC Mk. II;
modification/beaufighter_rsc/desc;Allows installation of 8 x RP-3 rockets.;
modification/s79a_mbc;MBC-79;
modification/s79a_mbc/desc;Allows installation of 250 kg bombs.;
modification/s79a_lbc;LBC-79;
modification/s79a_lbc/desc;Allows installation of 500 kg bombs.;
modification/s79a_tbc;TBC-79;
modification/s79a_tbc/desc;Allows installation of 1 torpedo.;
modification/pe-3_dz-40;ДЗ-40;
modification/pe-3_dz-40/desc;Allows installation of 250 kg bombs and 100 kg bombs.;
modification/pe-3_ro-132;РO-132;
modification/pe-3_ro-132/desc;Allows installation of 6 x РС-132 rockets.;
modification/beaufort_mbc;MBC-A;
modification/beaufort_mbc/desc;Allows installation of 500 lb bombs.;
modification/beaufort_tbc;TBC-A;
modification/beaufort_tbc/desc;Allows installation of 1 torpedo.;
modification/blenheim_mbc;MBC-B;
modification/blenheim_mbc/desc;Allows installation of 500 lb bombs.;
modification/blenheim_tbc;TBC-B;
modification/blenheim_tbc/desc;Allows installation of 1 torpedo.;
modification/bb_su-2_der-19;Дер-19;
modification/bb_su-2_der-19/desc;Allows installation of 250 kg bombs and 100 kg bombs.;
modification/bb_su-2_kd-2;КД-2;
modification/bb_su-2_kd-2/desc;Allows installation of 50 kg bombs.;
modification/h6k_17-34in_mod45;17 3/4” 45型;
modification/h6k_17-34in_mod45/desc;Allows installation of 2 torpedoes.;
modification/h6k_14in_mod35;14” 35型;
modification/h6k_14in_mod35/desc;Allows installation of up to 800 kg bombs.;
modification/h6k_12in_mod30;12” 30型;
modification/h6k_12in_mod30/desc;Allows installation of up to 250 kg bombs.;
modification/g4m_17-34in_mod45;17 3/4” 45型;
modification/g4m_17-34in_mod45/desc;Allows installation of 1 torpedo.;
modification/g4m_14in_mod35;14” 35型;
modification/g4m_14in_mod35/desc;Allows installation of up to 800 kg bombs.;
modification/g4m_12in_mod35_500;14” 35型;
modification/g4m_12in_mod35_500/desc;Allows installation of up to 500 kg bombs.;
modification/ki49_14in_mod35_500;14” 35型;
modification/ki49_14in_mod35_500/desc;Allows installation of up to 500 kg bombs.;
modification/g4m_12in_mod30;12” 30型;
modification/g4m_12in_mod30/desc;Allows installation of up to 250 kg bombs.;
modification/ki49_14in_mod35;14” 35型;
modification/ki49_14in_mod35/desc;Allows installation of up to 800 kg bombs.;
modification/ki49_12in_mod30;12” 30型;
modification/ki49_12in_mod30/desc;Allows installation of 250 kg bombs.;
modification/pv1_universal;Omni-purpose ammunition belt for 7.62 mm machine gun;
modification/pv1_universal/short;Universal;
modification/pv1_all_tracers;7.62 mm machine gun ammunition belt with APIT bullets;
modification/pv1_all_tracers/short;APIT;
modification/pv1_stealth;7.62 mm machine gun ammunition belt for stealth attack;
modification/pv1_stealth/short;Stealth;
modification/shkas_universal;Omni-purpose ammunition belt for 7.62 mm machine gun;
modification/shkas_universal/short;Universal;
modification/shkas_all_tracers;7.62 mm machine gun ammunition belt with APIT bullets;
modification/shkas_all_tracers/short;APIT;
modification/shkas_stealth;7.62 mm machine gun ammunition belt for stealth attack;
modification/shkas_stealth/short;Stealth;
modification/ub_universal;Omni-purpose ammunition belt for 12.7 mm machine gun;
modification/ub_universal/short;Universal;
modification/ub_air_targets;12.7 mm machine gun ammunition belt for air targets;
modification/ub_air_targets/short;Air targets;
modification/ub_all_tracers;12.7 mm machine gun ammunition belt with APIT bullets;
modification/ub_all_tracers/short;Tracers;
modification/ub_stealth;12.7 mm machine gun ammunition belt for stealth attack;
modification/ub_stealth/short;Stealth;
modification/ub_ground_targets;12.7 mm machine gun ammunition belt for ground targets;
modification/ub_ground_targets/short;Ground targets;
modification/shvak_universal;Omni-purpose ammunition belt for 20 mm cannon;
modification/shvak_universal/short;Universal;
modification/shvak_ground_targets;20 mm cannon ammunition belt for ground targets;
modification/shvak_ground_targets/short;Ground targets;
modification/shvak_armor_targets;20 mm cannon ammunition belt for armored targets;
modification/shvak_armor_targets/short;AP;
modification/shvak_tracers;20 mm cannon ammunition belt with increased amount of tracer shells;
modification/shvak_tracers/short;Tracers;
modification/shvak_stealth;20 mm cannon ammunition belt for stealth attack;
modification/shvak_stealth/short;Stealth;
modification/vya_universal;Omni-purpose ammunition belt for 23 mm cannon;
modification/vya_universal/short;Universal;
modification/vya_armor_targets;23 mm cannon ammunition belt for armored targets;
modification/vya_armor_targets/short;AP;
modification/ns23_armor_targets;23 mm cannon ammunition belt for armored targets;
modification/ns23_armor_targets/short;AP;
modification/ns23_air_targets;23 mm cannon ammunition belt for air targets;
modification/ns23_air_targets/short;Air targets;
modification/ns23_stealth;23 mm cannon ammunition belt for stealth attack;
modification/ns23_stealth/short;Stealth;
modification/ns37_armor_target;37 mm cannon ammunition belt for armored targets;
modification/ns37_armor_target/short;AP;
modification/ns37_air_target;37 mm cannon ammunition belt for air targets;
modification/ns37_air_target/short;Air targets;
modification/mg_universal;Omni-purpose ammunition belt for 7.92 mm machine gun;
modification/mg_universal/short;Universal;
modification/mg_all_tracers;7.92 mm machine gun ammunition belt with tracer bullets;
modification/mg_all_tracers/short;Tracers;
modification/mg_stealth;7.92 mm machine gun ammunition belt for stealth attack;
modification/mg_stealth/short;Stealth;
modification/breda_universal;Omni-purpose ammunition belt for 7.7 mm machine gun;
modification/breda_universal/short;Universal;
modification/breda_all_tracer;7.7 mm machine gun ammunition belt with tracer shells;
modification/breda_all_tracer/short;Tracers;
modification/breda_stealth;7.7 mm machine gun ammunition belt for stealth attack;
modification/breda_stealth/short;Stealth;
modification/breda12_7_universal;Omni-purpose ammunition belt for 12.7 mm machine gun;
modification/breda12_7_universal/short;Universal;
modification/breda12_7_air_targets;12.7 mm machine gun ammunition belt for air targets;
modification/breda12_7_air_targets/short;Air targets;
modification/breda12_7_all_tracer;12.7 mm machine gun ammunition belt with tracer shells;
modification/breda12_7_all_tracer/short;Tracers;
modification/breda12_7_stealth;12.7 mm machine gun ammunition belt for stealth attack;
modification/breda12_7_stealth/short;Stealth;
modification/mgff_universal;Omni-purpose ammunition belt for 20 mm cannon;
modification/mgff_universal/short;Universal;
modification/mgff_air_targets;20 mm cannon ammunition belt for air targets;
modification/mgff_air_targets/short;Air targets;
modification/mgff_all_tracer;20 mm cannon ammunition belt with tracer shells;
modification/mgff_all_tracer/short;Tracers;
modification/mgff_stealth;20 mm cannon ammunition belt for stealth attack;
modification/mgff_stealth/short;Stealth;
modification/mg151_universal;Omni-purpose ammunition belt for 20 mm cannon;
modification/mg151_universal/short;Universal;
modification/mg151_air_targets;20 mm cannon ammunition belt for air targets;
modification/mg151_air_targets/short;Air targets;
modification/mg151_armor_targets;20 mm cannon ammunition belt for armored targets;
modification/mg151_armor_targets/short;AP;
modification/mg151_all_tracer;20 mm cannon ammunition belt with tracer shells;
modification/mg151_all_tracer/short;Tracers;
modification/mg151_stealth;20 mm cannon ammunition belt for stealth attack;
modification/mg151_stealth/short;Stealth;
modification/mk_103_antitank;30 mm cannon anti-tank ammunition belt;
modification/mk_103_antitank/short;AP;
modification/mk_103_antibomber;30 mm cannon ammunition belt for air targets;
modification/mk_103_antibomber/short;Air targets;
modification/mk_103_stealth;30 mm cannon ammunition belt for stealth attack;
modification/mk_103_stealth/short;Stealth;
modification/mk_108_fighter_night;30 mm cannon ammunition belt for night fighters;
modification/mk_108_fighter_night/short;Night;
modification/mk_108_fighter_stealth;30 mm cannon ammunition belt for stealth attack;
modification/mk_108_fighter_stealth/short;Stealth;
modification/bk37_antitank;37 mm cannon anti-tank magazine version;
modification/bk37_antitank/short;AP;
modification/bk37_antibomber;37 mm cannon magazine for air targets;
modification/bk37_antibomber/short;Air targets;
modification/bk5_antitank;50 mm cannon anti-tank magazine version;
modification/bk5_antitank/short;AP;
modification/bk5_antibomber;50 mm cannon magazine for air targets;
modification/bk5_antibomber/short;Air targets;
modification/30cal_universal;Omni-purpose ammunition belt for 7.62 mm machine gun;
modification/30cal_universal/short;Universal;
modification/30cal_tracer;7.62 mm machine gun ammunition belt with tracer bullets;
modification/30cal_tracer/short;Tracers;
modification/30cal_stealth;7.62 mm machine gun ammunition belt for stealth attack;
modification/30cal_stealth/short;Stealth;
modification/50cal_universal;Omni-purpose ammunition belt for 12.7 mm machine gun;
modification/50cal_universal/short;Universal;
modification/50cal_ground_targets;12.7 mm machine gun ammunition belt for ground targets;
modification/50cal_ground_targets/short;Ground targets;
modification/50cal_tracers;12.7 mm machine gun ammunition belt with tracer bullets;
modification/50cal_tracers/short;Tracers;
modification/50cal_stealth;12.7 mm machine gun ammunition belt for stealth attack;
modification/50cal_stealth/short;Stealth;
modification/hispano_universal;Omni-purpose ammunition belt for 20 mm cannon;
modification/hispano_universal/short;Universal;
modification/hispano_ground_targets;20 mm cannon ammunition belt for ground targets;
modification/hispano_ground_targets/short;Ground targets;
modification/hispano_tracers;20 mm cannon ammunition belt with increased amount of tracer shells;
modification/hispano_tracers/short;Tracers;
modification/hispano_stealth;20 mm cannon ammunition belt for stealth attack;
modification/hispano_stealth/short;Stealth;
modification/an_m2_universal;Omni-purpose ammunition belt for 20 mm cannon;
modification/an_m2_universal/short;Universal;
modification/an_m2_ground_targets;20 mm cannon ammunition belt for ground targets;
modification/an_m2_ground_targets/short;Ground targets;
modification/an_m2_air_targets;20 mm cannon ammunition belt for air targets;
modification/an_m2_air_targets/short;Air targets;
modification/an_m2_stealth;20 mm cannon ammunition belt for stealth attack;
modification/an_m2_stealth/short;Stealth;
modification/m4_universal;Omni-purpose ammunition belt for 37 mm cannon;
modification/m4_universal/short;Universal;
modification/m4_ground_targets;37 mm cannon ammunition belt for ground targets;
modification/m4_ground_targets/short;Ground targets;
modification/7_7mm_universal;Omni-purpose ammunition belt for 7.7 mm machine gun;
modification/7_7mm_universal/short;Universal;
modification/7_7_all_tracers;7.7 mm machine gun ammunition belt with tracer bullets;
modification/7_7_all_tracers/short;Tracers;
modification/7_7_stealth;7.7 mm machine gun ammunition belt for stealth attack;
modification/7_7_stealth/short;Stealth;
modification/type99mk2_universal;Omni-purpose ammunition belt for 20 mm cannon;
modification/type99mk2_universal/short;Universal;
modification/type99mk2_ground_targets;20 mm cannon ammunition belt for ground targets;
modification/type99mk2_ground_targets/short;Ground targets;
modification/type99mk2_all_tracers;20 mm cannon ammunition belt with tracer shells;
modification/type99mk2_all_tracers/short;Tracers;
modification/type99mk2_stealth;20 mm cannon ammunition belt for stealth attack;
modification/type99mk2_stealth/short;Stealth;
modification/type99mk1_universal;Omni-purpose ammunition belt for 20 mm cannon;
modification/type99mk1_universal/short;Universal;
modification/type99mk1_ground_targets;20 mm cannon ammunition belt for ground targets;
modification/type99mk1_ground_targets/short;Ground targets;
modification/type99mk1_all_tracers;20 mm cannon ammunition belt with tracer shells;
modification/type99mk1_all_tracers/short;Tracers;
modification/type99mk1_stealth;20 mm cannon ammunition belt for stealth attack;
modification/type99mk1_stealth/short;Stealth;
modification/ho1_universal;Omni-purpose ammunition belt for 20 mm cannon;
modification/ho1_universal/short;Universal;
modification/ho1_ground_targets;20 mm cannon ammunition belt for ground targets;
modification/ho1_ground_targets/short;Ground targets;
modification/ho1_all_tracers;20 mm cannon ammunition belt with tracer shells;
modification/ho1_all_tracers/short;Tracers;
modification/ho1_stealth;20 mm cannon ammunition belt for stealth attack;
modification/ho1_stealth/short;Stealth;
modification/303_universal;Omni-purpose ammunition belt for 7.7 mm machine gun;
modification/303_universal/short;Universal;
modification/303_all_tracers;7.7 mm machine gun ammunition belt with incendiary tracer bullets;
modification/303_all_tracers/short;Tracers;
modification/303_stealth;7.7 mm machine gun ammunition belt for stealth attack;
modification/303_stealth/short;Stealth;
modification/ho5_universal;Omni-purpose ammunition belt for 20 mm cannon;
modification/ho5_universal/short;Universal;
modification/ho5_ground_targets;20 mm cannon ammunition belt for ground targets;
modification/ho5_ground_targets/short;Ground targets;
modification/ho5_all_tracers;20 mm cannon ammunition belt with APT shells;
modification/ho5_all_tracers/short;Tracers;
modification/ho5_stealth;20 mm cannon ammunition belt for stealth attack;
modification/ho5_stealth/short;Stealth;
modification/7_5mm_universal;Omni-purpose ammunition belt for 7.5 mm machine gun;
modification/7_5mm_universal/short;Universal;
modification/7_5mm_all_tracers;7.5 mm machine gun ammunition belt with incendiary tracer bullets;
modification/7_5mm_all_tracers/short;Tracers;
modification/7_5mm_stealth;7.5 mm machine gun ammunition belt for stealth attack;
modification/7_5mm_stealth/short;Stealth;
modification/type5_universal;Omni-purpose ammunition belt for 30 mm cannon;
modification/type5_universal/short;Universal;
modification/type5_ground_targets;30 mm cannon ammunition belt for ground targets;
modification/type5_ground_targets/short;Ground targets;
modification/type5_all_tracers;30 mm cannon ammunition belt with tracer shells;
modification/type5_all_tracers/short;Tracers;
modification/type5_stealth;30 mm cannon ammunition belt for stealth attack;
modification/type5_stealth/short;Stealth;
modification/303_turret_ap;7.7 mm turret machine gun ammunition belt with AP bullets;
modification/303_turret_ap/short;AP;
modification/303_turret_api;7.7 mm turret machine gun ammunition belt with API bullets;
modification/303_turret_api/short;Universal;
modification/shvak_turret_apit;20 mm cannon ammunition belt with APT shells;
modification/shvak_turret_apit/short;AP;
modification/shvak_turret_het;20 mm cannon ammunition belt for air targets;
modification/shvak_turret_het/short;Air targets;
modification/mgff_turret_ap;20 mm cannon ammunition belt with AP shells;
modification/mgff_turret_ap/short;AP;
modification/mgff_turret_ap_he;20 mm cannon ammunition belt for air targets;
modification/mgff_turret_ap_het/short;Air targets;
modification/ho1_turret_apt;20 mm cannon ammunition belt with AP shells;
modification/ho1_turret_apt/short;AP;
modification/ho1_turret_he;20 mm cannon ammunition belt for air targets;
modification/ho1_turret_he/short;Air targets;
modification/type99mk1_turret_he;20 mm cannon ammunition belt for air targets;
modification/type99mk1_turret_he/short;Air targets;
modification/type99mk1_turret_ap;20 mm cannon ammunition belt with AP shells;
modification/type99mk1_turret_ap/short;AP;
modification/breda12_7_turret_ap;12.7 mm machine gun ammunition belt with AP bullets;
modification/breda12_7_turret_ap/short;AP;
modification/breda12_7_turret_apit;Omni-purpose 12.7 mm machine gun ammunition belt;
modification/breda12_7_turret_apit/short;Universal;
modification/breda_turret_ap;12.7 mm machine gun ammunition belt with AP bullets;
modification/breda_turret_ap/short;AP;
modification/breda_turret_apit;Omni-purpose 7.7 mm machine gun ammunition belt;
modification/breda_turret_apit/short;Universal;
modification/30cal_turret_ap;7.62 mm machine gun ammunition belt with AP bullets;
modification/30cal_turret_ap/short;AP;
modification/303cal_turret_ap;7.7 mm machine gun ammunition belt with AP bullets;
modification/303cal_turret_ap/short;AP;
modification/303cal_turret_api;Omni-purpose 7.7 mm machine gun ammunition belt;
modification/303cal_turret_api/short;Universal;
modification/50cal_turret_ap;12.7 mm machine gun ammunition belt with AP bullets;
modification/50cal_turret_ap/short;AP;
modification/50cal_turret_api;Omni-purpose 12.7 mm machine gun ammunition belt;
modification/50cal_turret_api/short;Universal;
modification/7_5mm_turret_ap;7.5 mm machine gun ammunition belt with AP bullets;
modification/7_5mm_turret_ap/short;AP;
modification/7_5mm_turret_ap_t;7.5 mm machine gun ammunition belt with APT bullets;
modification/7_5mm_turret_ap_t/short;Tracers;
modification/mg131_turret_apt;13 mm machine gun ammunition belt with APIT bullets;
modification/mg131_turret_apt/short;Tracers;
modification/mg_turret_ap;7.92 mm machine gun ammunition belt with AP bullets;
modification/mg_turret_ap/short;AP;
modification/mle33_ap_turret;7.5 mm machine gun ammunition belt with AP bullets;
modification/mle33_ap_turret/short;AP;
modification/mle33_api_turret;7.5 mm machine gun ammunition belt with APT bullets;
modification/mle33_api_turret/short;Tracers;
modification/mg_turret_api_apt;7.92 mm machine gun ammunition belt with AP and APIT bullets;
modification/mg_turret_api_apt/short;Universal;
modification/shkas_turret_ap;7.62 mm machine gun ammunition belt with AP bullets;
modification/shkas_turret_ap/short;AP;
modification/shkas_turret_apit;7.92 mm machine gun ammunition belt with APIT bullets;
modification/shkas_turret_apit/short;Tracers;
modification/type92_turret_ap;7.7 mm machine gun ammunition belt with AP bullets;
modification/type92_turret_ap/short;AP;
modification/type92_turret_ap_t;7.7 mm machine gun ammunition belt with APT bullets;
modification/type92_turret_ap_t/short;Tracers;
modification/7_7mm_ap;7.7 mm machine gun ammunition belt with AP bullets;
modification/7_7mm_ap/short;AP;
modification/7_7mm_ap_t;7.7 mm machine gun ammunition belt with APT bullets;
modification/7_7mm_ap_t/short;Tracers;
modification/ub_turret_ap;12.7 mm machine gun ammunition belt with AP bullets;
modification/ub_turret_ap/short;AP;
modification/ub_turret_api;12.7 mm machine gun ammunition belt with API bullets;
modification/ub_turret_api/short;Universal;
modification/g5n_14in_mod35;14” 35型;
modification/g5n_14in_mod35/desc;Allows installation of up to 800 kg bombs.;
modification/g8n_14in_mod35;14” 35型;
modification/g8n_14in_mod35/desc;Allows installation of up to 800 kg bombs.;
modification/g8n_1500;1500 kg;
modification/g8n_1500/desc;Allows installation of up to 1500 kg bombs.;
modification/do217_250-500kg_pylon;ITC PVC I;
modification/do217_250-500kg_pylon/desc;Allows installation of up to 500 kg bombs.;
modification/do217_2x1000kg_pylon;ITC PVC II;
modification/do217_2x1000kg_pylon/desc;Allows installation of 2 x 1000 kg bombs.;
modification/b-25_sbc;SBC-25;
modification/b-25_sbc/desc;Allows installation of additional bombs up to 250 lbs.;
modification/b-25_mbc;MBC-25;
modification/b-25_mbc/desc;Allows installation of 500 lb bombs.;
modification/b-25_lbc;LBC-25;
modification/b-25_lbc/desc;Allows installation of 1000 lb bombs.;
modification/us_300lb_m_31;M31;
modification/us_300lb_m_31/desc;Allows installation of 300 lb bombs.;
modification/us_600lb_m_32;M32;
modification/us_600lb_m_32/desc;Allows installation of 600 lb bombs.;
modification/us_1000lb_anm_44;AN/M44;
modification/us_1000lb_anm_44/desc;Allows installation of 1000 lb bombs.;
modification/us_2000lbs_anm34;AN/M34;
modification/us_2000lbs_anm34/desc;Allows installation of 2000 lb bombs.;
modification/us_2000lbs_anm66;AN/M66;
modification/us_2000lbs_anm66/desc;Allows installatino of 2000 lb bombs.;
modification/speed_change;%s to max speed;
modification/climb_change;%s to climb rate;
modification/virage_change;%s to turn time;
modification/climbArcade_change;%s to climb rate in Arcade Battles;
modification/virageArcade_change;%s to turn time in Arcade Battles;
modification/roll_change;%s to roll rate;
modification/armored_glass;Thickness of armored glass increased by %s mm.;
modification/back_armor;Thickness of rear armor plate increased by %s mm.;
modification/hp_105;Engine;
modification/hp_105/desc;Rebuilding and tuning of the engine, replacement of worn engine with a new one.;
modification/hp_105_jet;Engine;
modification/hp_105_jet/desc;Replacement of worn engine with a new one.;
modification/cd_98;Wings Repair;
modification/cd_98/desc;Replacement of damaged elements of wing skin, removal of openings, and surface finish to reduce air drag.;
modification/CdMin_Fuse;Fuselage Repair;
modification/CdMin_Fuse/desc;Replacement of damaged elements of fuselage skinning, removal of openings, and surface finish to reduce air drag.;
modification/f_4c_CdMin_Fuse;Fuselage Repair;
modification/f_4c_CdMin_Fuse/desc;Replacement of damaged elements of fuselage skinning, removal of openings, and surface finish to reduce air drag.;
modification/Cd_Varnish;Varnish;
modification/Cd_Varnish/desc;Varnish of wooden surface to reduce air drag.;
modification/new_radiator;Radiator;
modification/new_radiator/desc;Cleaning of radiator and cooling system makes engine cooling more effective.;
modification/new_compressor;Compressor;
modification/new_compressor/desc;Checking and tweaking of compressor provides maximum engine power.;
modification/new_compressor_mi_4;Compressor;
modification/new_compressor_mi_4/desc;Checking and tweaking of compressor provides maximum engine power.;
modification/new_compressor_jet;Compressor;
modification/new_compressor_jet/desc;Checking, tweaking and regular maintaining of compressor provides maximum engine power.;
modification/new_compressor_heli;Compressor;
modification/new_compressor_heli/desc;Checking, tweaking and regular maintaining of compressor provides maximum engine power.;
modification/heli_counterMeasures;IRCM;
modification/heli_counterMeasures/desc;Optoelectronic station for protection against missiles with infrared seeker of various types.;
modification/a_129_cbt_counterMeasures;IRCM;
modification/a_129_cbt_counterMeasures/desc;Optoelectronic station for protection against missiles with infrared seeker of various types.;
modification/ah_1z_heli_counterMeasures;IRCM;
modification/ah_1z_heli_counterMeasures/desc;Optoelectronic station for protection against missiles with infrared seeker of various types.;
modification/new_engine_injection;Engine Injection;
modification/new_engine_injection/desc;Tweaking of engine injection elements makes engine throttle more efficient.;
modification/new_engine_throttle;Engine Throttle;
modification/new_engine_throttle/desc;Tuning of throttle. Regular maintenance and replacement of engine throttle elements increases engine's afterburning performance.;
modification/new_cover;Cover;
modification/new_cover/desc;Regular maintaining of cover and replacement of damaged cover parts increases overall plane's durability and flight performance, due to weight reduction.;
modification/tis_ma_new_cover;Cover;
modification/tis_ma_new_cover/desc;Regular maintaining of cover and replacement of damaged cover parts increases overall plane's durability and flight performance, due to weight reduction.;
modification/new_heli_cover;Cover;
modification/new_heli_cover/desc;Regular maintaining of cover and replacement of damaged cover parts increases overall plane's durability and flight performance, due to weight reduction.;
modification/structure_str;Airframe;
modification/structure_str/desc;Replacement of damaged airframe elements increases overall plane's durability and flight performance due to weight reduction. For some planes it means that you get a new plane with undamaged airframe.;
modification/f_4c_structure_str;Airframe;
modification/f_4c_structure_str/desc;Replacement of damaged airframe elements increases overall plane's durability and flight performance due to weight reduction. For some planes it means that you get a new plane with undamaged airframe.;
modification/tis_ma_structure_str;Airframe;
modification/tis_ma_structure_str/desc;Replacement of damaged airframe elements increases overall plane's durability and flight performance due to weight reduction. For some planes it means that you get a new plane with undamaged airframe.;
modification/hispano_mk_2_narrow_chamber_new_gun;Hispano-Suiza Mk. II (1942);
modification/hispano_mk_2_narrow_chamber_new_gun/desc;There were some technological issues when the Hispano-Suiza cannon was converted to belt feed. Among them was the fact that the chamber width was 1/16 inch too large, which allowed backflow gases to enter the barrel and jam the breechlock. Reducing the size of the chamber width helped solve the problem and lessened the amount of weapon failures.;
modification/hispano_mk_2_1943_new_gun;Hispano-Suiza Mk. II (1943);
modification/hispano_mk_2_1943_new_gun/desc;Modification of Hispano-Suiza Mk. II (1943). Replacement of graphite lubricant with fluid lubrication. Using extractor spring of cantilever type. All this increased the weapon's reliability.;
modification/_new_gun;New %s mm MGs;
modification/_new_gun/desc;The %s mm machine guns' worn barrels, trigger and striking mechanisms are replaced with new ones, to improve fire density and to decrease the chance of seizure.;
modification/_new_gun/cannon;New %s mm Cannons;
modification/_new_gun/cannon/desc;The %s mm cannons' worn barrels, trigger and striking mechanisms are replaced with new ones, to improve fire density and to decrease the chance of seizure.;
modification/_turret_new_gun;New %s mm MGs (turret);
modification/_turret_new_gun/desc;The %s mm turret machine guns' worn barrels, trigger and striking mechanisms are replaced with new ones, to improve fire density and to decrease the chance of seizure.;
modification/_turret_new_gun/cannon;New %s mm Cannons (turret);
modification/_turret_new_gun/cannon/desc;The %s mm turret cannons' worn barrels, trigger and striking mechanisms are replaced with new ones, to improve fire density and to decrease the chance of seizure.;
modification/_belt_pack;Offensive %s mm belts;
modification/_belt_pack/desc;Set of %s mm belts for offensive weapons.;
modification/_belt_pack/short;Offensive %s mm;
modification/_turret_belt_pack;Turret %s mm belts;
modification/_turret_belt_pack/desc;Set of %s mm belts for turret weapons.;
modification/_turret_belt_pack/short;Turret %s mm;
modification/_tank_gun_pack;%s mm gun;
modification/_tank_minigun_pack;%s mm machine gun;
modification/_rockets;Rockets;
modification/_missiles;Missiles;
modification/_smoke_screen;Smoke Screen;
modification/_flares;Flares;
modification/countermeasures_belt_pack_unchecked;Chaff;
modification/countermeasures_belt_pack_unchecked/desc;Allows use of chaff.;
modification/countermeasures_launcher_chaff_priority_unchecked;Flares;
modification/countermeasures_launcher_flare_priority_unchecked;Flares;
modification/countermeasures_launcher_flare_only_unchecked;Flares;
modification/countermeasures_launcher_chaff_only_unchecked;Flares;
modification/_countermeasures;Countermeasures;
modification/countermeasures_launcher_chaff_priority;Chaff;
modification/countermeasures_launcher_flare_priority;Flares;
modification/countermeasures_launcher_flare_only;Flares;
modification/ountermeasures_launcher_chaff_only;Chaff;
modification/countermeasures_belt_pack;Chaff;
modification/countermeasures_belt_pack/desc;Allows use of chaff.;
countermeasuresBol_default/name;Countermeasures
countermeasuresMAW_default/name;Countermeasures
countermeasures_launcher_chaff_large/name;Countermeasures
countermeasures_launcher_chaff_bol_pod/name;Countermeasures
countermeasures_launcher_chaff_add_pod/name;Countermeasures
countermeasures_launcher_chaff/name;Countermeasures
maw_countermeasures_launcher_chaff/name;Countermeasures
maw_countermeasures_launcher_chaff_large/name;Countermeasures
countermeasures_launcher_chaff_large_add_pod/name;Countermeasures
modification/uk_ltc_bol;LAU-138/A;
modification/uk_ltc_bol/desc;Allows installation of LAU-138/A countermeasure pod.;
modification/swd_ltc_bol;Remsor;
modification/swd_ltc_bol/desc;Allows installation of Remsor countermeasure pod.;
modification/mig_29_uv_5_08;УВ-5-08;
modification/mig_29_uv_5_08/desc;Allows installation of УВ-5-08 countermeasure pod.;
modification/chaff_pods;Chaff Dispensers;
modification/chaff_pods/desc;Allows use of chaff dispensers.;
modification/fsbc_mk1;FSBC Mk 1 Mod 0;
modification/fsbc_mk1/desc;Allows installation of 100 lb bombs.;
modification/fsbc_mk5;FSBC Mk 5 Mod 0;
modification/fsbc_mk5/desc;Allows installation of 250 lb bombs.;
modification/fmbc_mk1;FMBC Mk 1 Mod 0;
modification/fmbc_mk1/desc;Allows installation of 500 lb bombs.;
modification/flbc_mk1;FLBC Mk 1 Mod 0;
modification/flbc_mk1/desc;Allows installation of additional 1000 lb bombs.;
modification/flbc_mk3;FLBC Mk 3 Mod 0;
modification/an_mk1/desc;Allows installation of 1600 lb bombs.;
modification/an_mk1;AN/Mk 1 Mod 0;
modification/flbc_mk3/desc;Allows installation of additional 2000 lb bombs.;
modification/frc_mk5;FRC Mk 5 Mod 0;
modification/frc_mk5/desc;Allows installation of 10 x 5” HVAR rockets.;
modification/frc_mk2;FRC Mk 2 Mod 0;
modification/frc_mk2/desc;Allows installation of 10 x 5” HVAR rockets.;
modification/ar_rocket;AR
modification/ar_rocket/desc;Allows installation of AR rockets.;
modification/mk41_mod;Mk 41 Mod 0;
modification/mk41_mod/desc;Allows installation of 100 lb bombs.;
modification/ju-88_4xSC250;ETC 250 IV;
modification/ju-88_4xSC250/desc;Allows installation of 250 kg bombs.;
modification/ju-88_2xSC500;ETC 500 II;
modification/ju-88_2xSC500/desc;Allows installation of 500 kg bombs.;
modification/ju-88_etc1000;ETC 1000 I;
modification/ju-88_etc1000/desc;Allows installation of 1 x 1000 kg bomb.;
modification/ju-88_itc50;ITC 50 IX;
modification/ju-88_itc50/desc;Allows installation of additional 50 kg bombs.;
modification/etc1800;ETC 1800;
modification/etc1800/desc;Allows installation of 1800 kg bombs.;
modification/etc2500;ETC 2500;
modification/etc2500/desc;Allows installation of 1x 2500 kg bomb.;
modification/ju_88_SC250;SC 250;
modification/ju_88_SC250/desc;Allows installation of 250 kg bombs.;
modification/ju_88_SC500;SC 500;
modification/ju_88_SC500/desc;Allows installation of 500 kg bombs.;
modification/ju_88_SC1000;SC 1000;
modification/ju_88_SC1000/desc;Allows installation of 1000 kg bomb.;
modification/ju_88_SC1800;SC 1800;
modification/ju_88_SC1800/desc;Allows installation of 1800 kg bombs.;
modification/fx1400;FX 1400;
modification/fx1400/desc;Allows installation of guided glide bombs PC 1400 X.;
modification/sb-2_der-25;Дер-33;
modification/sb-2_der-25/desc;Allows installation of 250 kg bombs/;
modification/ro_82_mod;РО-82;
modification/ro_82_mod/desc;Allows installation of РС-82 rockets.;
modification/ros_132_mod;РО-132;
modification/ros_132_mod/desc;Allows installation of РОС-132 rockets.;
modification/ro_132_mod;РО-132;
modification/ro_132_mod/desc;Allows installation of РС-132 rockets.;
modification/ro_250kg_bomb_45;BA-250
modification/ro_250kg_bomb_45/desc;Allows installation of 250 kg of bombs.
modification/ro_500kg_bomb_45;BA-500
modification/ro_500kg_bomb_45/desc;Allows installation of 500 kg of bombs.
modification/ro_aam_a91;A-91
modification/ro_aam_a91/desc;Allows installation of A-91 air-to-air missiles.
modification/ro_prn_122;PRN-122
modification/ro_prn_122/desc;Allows installation of PRN-122 rockets.
modification/jp_rocket_type3_9kg;三式一番二八号爆弾一型;
modification/jp_rocket_type3_9kg/desc;Allows installation of 三式一番二八号爆弾一型 rockets.;
modification/jp_rocket_type3_13kg;五式一番九号爆弾一型;
modification/jp_rocket_type3_13kg/desc;Allows installation of 五式一番九号爆弾一型 rockets.;
modification/jp_rocket_type3_66kg;三式六番二7号爆弾;
modification/jp_rocket_type3_66kg/desc;Allows installation of 三式六番二7号爆弾 rockets.;
modification/jp_rocket_type3_84kg;五式六番九号爆弾;
modification/jp_rocket_type3_84kg/desc;Allows installation of 五式六番九号爆弾 rockets.;
modification/n1k_5in_mod15;三式一番二八号爆弾一型;
modification/n1k_5in_mod15/desc;Allows installation of 三式一番二八号爆弾一型 rockets.;
modification/n1k_7in_mod20;7” 20型;
modification/n1k_7in_mod20/desc;Allows installation of 60 kg bombs;
modification/n1k_12in_mod30;12” 30型;
modification/n1k_12in_mod30/desc;Allows installation of 250 kg bombs;
modification/n1k_14in_mod35;14” 35型;
modification/n1k_14in_mod35/desc;Allows installation of 500 kg bombs;
modification/spread_change;%s to weapon spread at 500 m distance;
modification/overheat_change;%s to mean time between failures;
modification/overheadCooldown_change;%s to cooling time for arcade afterburning;
modification/armor_change;%s to overall structural strength;
modification/cutProbability_change;%s to overall construction strength;
modification/fmbc_mk2/desc;Allows installation of 500 lb bombs.;
modification/fmbc_mk2;FMBC Mk 1 Mod 0;
modification/flbc_mk2/desc;Allows installation of additional 1000 lb bombs.;
modification/flbc_mk2;FLBC Mk 1 Mod 0;
modification/halker_sbc;HSBC Mk. 2;
modification/halker_sbc/desc;Allows installation of 250 lb bombs.;
modification/halker_mbc;HMBC Mk. 2;
modification/halker_mbc/desc;Allows installation of 500 lb bombs.;
modification/halker_lbc;HLBC Mk. 2;
modification/halker_lbc/desc;Allows installation of 1000 lb bombs.;
modification/halker_rc;HRC Mk. 8;
modification/halker_rc/desc;Allows installation of RP-3 rockets.;
modification/halker_rc_mk2;HRC Mk. 9;
modification/halker_rc_mk2/desc;Allows installation of RP-3 Mk. II rockets.;
modification/gloster_src;GRC Mk. 7;
modification/gloster_src/desc;Allows installation of HVAR rockets.;
modification/triplex_rp;Triplex RP;
modification/triplex_rp/desc;Allows installation of Triplex RP rockets.;
modification/uncle_tom;Uncle Tom;
modification/uncle_tom/desc;Allows installation of Uncle Tom rockets.;
modification/red_angel;Red Angel;
modification/red_angel/desc;Allows installation of Red Angel rockets.;
modification/gloster_rc;GRC Mk. 8;
modification/gloster_rc/desc;Allows installation of RP-3 Mk. I rockets.;
modification/gloster_rc_mk2;HRC Mk. 9;
modification/gloster_rc_mk2/desc;Allows installation of RP-3 Mk. II rockets.;
modification/gloster_rc_add;GRC Mk. 9;
modification/gloster_rc_add/desc;Allows installation of additional RP-3 rockets.;
modification/gloster_lbc;GLBC Mk. 3;
modification/gloster_lbc/desc;Allows installation of 1000 lb bombs.;
modification/etc50_4_mod;ETC 50 IV;
modification/etc50_4_mod/desc;Allows installation of 50 kg bombs.;
modification/etc250_2_mod;ETC 250 II;
modification/etc250_2_mod/desc;Allows installation of 250 kg bombs.;
modification/su_25_x38ml;Х-38МЛ
modification/su_25_x38ml/desc;Allows installation of Х-38МЛ missiles.;
modification/su_25_x38mt;Х-38МТ;
modification/su_25_x38mt/desc;Allows installatino of Х-38МТ missiles.;
modification/cn_ts_250/desc;Allows installation of TG-250 guided bombs.;
modification/cn_ts_250;TG-250;
modification/cn_ls_500j/desc;Allows installation of K/YJG500 guided bombs.;
modification/cn_ls_500j;K/YJG500;
modification/cn_ls_1000j/desc;Allows installation of TG-1000 guided bombs.;
modification/cn_ls_1000j;TG-1000;
modification/su_25_x29te/desc;Allows installatino of Х-29ТЕ missiles.;
modification/su_25_x29te;Х-29ТЕ;
modification/su_27sm_x29td;Х-29ТД
modification/su_27sm_x29td/desc;Allows installation of Х-29ТД missiles.;
modification/mig_27_x29t;Х-29Т;
modification/mig_27_x29t/desc;Allows installation of Х-29Т missiles.;
modification/su_fab_500_kab_500s/desc;Allows installation of 250 kg bombs and 500 kg bombs.;
modification/su_fab_500_kab_500s;ФАБ-250 / ФАБ-500;
modification/su_fab_500_upab_500b/desc;Allows installation of ФАБ-500 bombs or УПАБ-500Б guided bombs.
modification/su_fab_500_upab_500b;ФАБ-500/УПАБ-500
modification/su_upab_500b/desc;Allows installation of УПАБ-500Б guided bombs.
modification/su_upab_500b;УПАБ-500
modification/su_upab_1500/desc;Allows installation of УПАБ-1500Б guided bombs.
modification/su_upab_1500;УПАБ-1500
modification/su_fab_1500_upab_1500/desc;Allows installation of ФАБ-1500 bombs or УПАБ-1500Б guided bombs.
modification/su_fab_1500_upab_1500;ФАБ-500/УПАБ-1500
modification/su_fab_3000_umpk_3000/desc;Allows installation of ФАБ-3000М-54 bombs or ФАБ-3000М-54 (УМПК) glide bombs.
modification/su_fab_3000_umpk_3000;ФАБ-3000М-54 / ФАБ-3000М-54 (УМПК)
modification/su_24m2_fab_500_kab_500s/desc;Allows installation of КАБ-500С guided bombs.;
modification/su_24m2_fab_500_kab_500s;КАБ-500С;
modification/mig_27_kab_500/desc;Allows installation of КАБ-500 guided bombs.
modification/mig_27_kab_500;КАБ-500;
modification/mig_27_kab_500l/desc;Allows installation of КАБ-500Л guided bombs.;
modification/mig_27_kab_500l;КАБ-500Л;
modification/su_kab_500lg/desc;Allows installation of КАБ-500ЛГ guided bombs.
modification/su_kab_500lg;КАБ-500ЛГ
modification/su_kab_laser/desc;Allows the installation of КАБ-1500ЛГ or КАБ-1500ЛГ guided bombs.
modification/su_kab_laser;КАБ-500ЛГ / КАБ-1500ЛГ
modification/cn_kab_laser/desc;Allows the installation of GB500 or GB1000 bombs.
modification/cn_kab_laser;GB500 / GB1000
modification/su_27_kab_1500/desc;Allows installation of КАБ-1500Кр guided bombs.;
modification/su_27_kab_1500;КАБ-1500Кр;
modification/su_kab_tv/desc;Allows the installation of guided КАБ-500Кр / КАБ-1500Кр bombs.
modification/su_kab_tv;КАБ-500Кр / КАБ-1500Кр
modification/su_kab_1500l/desc;Allows installation of КАБ-1500Л guided bombs.;
modification/su_kab_1500l;КАБ-1500Л;
modification/su_kab_1500lg/desc;Allows the installation of guided КАБ-1500ЛГ bombs.
modification/su_kab_1500lg;КАБ-1500ЛГ
modification/us_agm_62/desc;Allows installation of AGM-62A guided bombs.;
modification/us_agm_62;AGM-62A;
modification/us_agm_62_2_erdl/desc;Allows the installation of AGM-62A ERDL guided bombs.
modification/us_agm_62_2_erdl;AGM-62A ERDL
modification/us_gbu_15v1/desc;Allows installation of GBU-15(V)1/B guided bombs.
modification/us_gbu_15v1;GBU-15(V)1/B;
modification/us_gbu_8_15/desc;Allows installation of GBU-8/B & GBU-15(V)1/B guided bombs.;
modification/us_gbu_8_15;GBU-8 / GBU-15;
modification/jp_gbu38_jdam/desc;Allows installation of GBU-38/B JDAM guided bombs;
modification/jp_gbu38_jdam;GBU-38 JDAM;
modification/us_500lb_mk82_gbu38_jdam/desc;Allows installation of 500 lb bombs and GBU-38/B guided bombs.;
modification/us_500lb_mk82_gbu38_jdam;Mk 82 / GBU-38;
modification/us_500lb_mk82_gbu38_gbu62_jdam/desc;Allows the installation of 500 lb bombs and GBU-38/B and GBU-62(V)1/B JDAM guided bombs.
modification/us_500lb_mk82_gbu38_gbu62_jdam;Mk 82 / GBU-38 / GBU-62
modification/us_gbu38_gbu62_jdam/desc;Allows the installation of GBU-38/B and GBU-62(V)1/B JDAM guided bombs.
modification/us_gbu38_gbu62_jdam;GBU-38 / GBU-62
modification/us_500lb_mk82_gbu54b/desc;Allows installation of GBU-54(V)1/B LJDAM and GBU-62(V)1/B LJDAM guided bombs.
modification/us_500lb_mk82_gbu54b;GBU-54 / GBU-62
modification/us_jdam/desc;Allows the installation of JDAM guided bombs.
modification/us_jdam;JDAM
modification/us_gbu54b/desc;Allows installation of GBU-54/B LJDAM guided bombs.
modification/us_gbu54b;GBU-54
modification/us_gbu55b/desc;Allows installation of GBU-55/B LJDAM guided bombs.
modification/us_gbu55b;GBU-55
modification/gr_assta_3_0_gbu54b/desc;Allows installation of GBU-54(V)1/BB LJDAM guided bombs.
modification/gr_assta_3_0_gbu54b;ASSTA 3.0
modification/us_500lb_mk82_ls_6_250/desc;Allows installation of 500 lb bombs and LS-6/250 glide bombs.;
modification/us_500lb_mk82_ls_6_250;Mk 82 / LS-6/250;
modification/us_1000lb_mk83_ls_6_500/desc;Allows installation of 1000 lb bombs and LS-6/500 glide bombs.;
modification/us_1000lb_mk83_ls_6_500;Mk 83 / LS-6/500;
modification/us_1000lb_mk83_gbu31_jdam/desc;Allows installation of 1000 lb bombs and GBU-31/B and GBU-64(V)1/B JDAM guided bombs.;
modification/us_1000lb_mk83_gbu31_jdam;Mk 83 / GBU-31 / GBU-64;
modification/us_1000lb_mk83_us_2000lb_mk84/desc;Allows the installation of 1000 lb bombs and 2000 lb bombs.
modification/us_1000lb_mk83_us_2000lb_mk84;Mk 83 / Mk 84
modification/us_2000lb_mk84_gbu31_jdam/desc;Allows installation of 2000 lb bombs and GBU-31/B guided bombs.;
modification/us_2000lb_mk84_gbu31_jdam;GBU-31;
modification/us_2000lb_mk84_gbu31_gbu64_jdam/desc;Allows the installation of 2000 lb bombs and GBU-31/B and GBU-64(V)1/B JDAM guided bombs.
modification/us_2000lb_mk84_gbu31_gbu64_jdam;Mk 84 / GBU-31 / GBU-64
modification/us_gbu31_gbu64_jdam/desc;Allows the installation of GBU-31/B and GBU-64(V)1/B JDAM guided bombs.
modification/us_gbu31_gbu64_jdam;GBU-31 / GBU-64
modification/il_spice_2000_gbu31_jdam/desc;Allows the installation of GBU-31/B and GBU-64(V)1/B JDAM and SPICE 2000 guided bombs.
modification/il_spice_2000_gbu31_jdam;GBU-31 / GBU-64 / SPICE 2000
modification/fr_bgl400/desc;Allows installation of BGL-400 guided bombs.;
modification/fr_bgl400;BGL-400;
modification/fr_bgl400_gbu_48/desc;Allows installation of BGL-400 and GBU-48(V)1/B guided bombs.
modification/fr_bgl400_gbu_48;BGL-400 / GBU-48
modification/fr_bgl1000/desc;Allows installation of BGL-1000 guided bombs.;
modification/fr_bgl1000;BGL-1000;
modification/fr_pgm_500/desc;ALlows installation of PGM 500 guided bombs.;
modification/fr_pgm_500;PGM 500;
modification/fr_pgm_2000/desc;ALlows installation of PGM 2000 guided bombs.;
modification/fr_pgm_2000;PGM 2000;
modification/il_spice_1000/desc;Allows the installation of SPICE 1000 guided bombs.
modification/il_spice_1000;SPICE 1000
modification/il_spice_250_1000/desc;Allows the installation of SPICE 250 and SPICE 1000 guided bombs.
modification/il_spice_250_1000;SPICE 250 / SPICE 1000
modification/il_spice_2000/desc;Allows the installation of SPICE 2000 guided bombs.
modification/il_spice_2000;SPICE 2000
modification/il_spice_1000_2000/desc;Allows the installation of SPICE 1000 and SPICE 2000 guided bombs.
modification/il_spice_1000_2000;SPICE 1000 / SPICE 2000
modification/fr_aasm_250_sbu_38/desc;Allows installation of HAMMER 250 kg (SBU 38) guided bombs.
modification/fr_aasm_250_sbu_38;HAMMER 250 kg (SBU 38)
modification/fr_aasm_250_sbu_64/desc;Allows installation of HAMMER 250 kg (SBU 64) guided bombs.
modification/fr_aasm_250_sbu_64;HAMMER 250 kg (SBU 64)
modification/fr_aasm_250_sbu_54/desc;Allows installation of HAMMER 250 kg (SBU 54) guided bombs.
modification/fr_aasm_250_sbu_54;HAMMER 250 kg (SBU 54)
modification/fr_aj_168/desc;Allows installatino of AJ.168 missiles.;
modification/fr_aj_168;AJ.168;
modification/uk_mk_13_18/desc;Allows installation of Mk. 13 and Mk. 18 guided bombs.;
modification/uk_mk_13_18;Mk. 13 / Mk. 18;
modification/kr_kggb/desc;Allows the installation of KGGB guided bombs.
modification/kr_kggb;KGGB
modification/us_gbu_12/desc;Allows installation of GBU-12/B guided bombs.;
modification/us_gbu_12;GBU-12;
modification/us_gbu_12_22/desc;Allows installation of GBU-12/B and GBU-22/B guided bombs.
modification/us_gbu_12_22;GBU-12 / GBU-22
modification/us_gbu_laser/desc;Allows the installation of GBU guided bombs.
modification/us_gbu_laser;GBU
modification/us_gbu_12_49/desc;Allows installation of GBU-12/B and GBU-49(V)1/B guided bombs.
modification/us_gbu_12_49;GBU-12 / GBU-49
modification/us_gbu_16/desc;Allows installation of GBU-16/B guided bombs.;
modification/us_gbu_16;GBU-16;
modification/us_gbu_48/desc;Allows installation of GBU-48(V)1/B guided bombs.;
modification/us_gbu_48;GBU-48;
modification/us_gbu_24/desc;Allows installation of GBU-24/B guided bombs.;
modification/us_gbu_24;GBU-24;
modification/us_gbu_24_gbu_50/desc;Allows installation of GBU-24/B and GBU-50/B guided bombs.
modification/us_gbu_24_gbu_50;GBU-24 / GBU-50
modification/us_egbu_24/desc;Allows installation of GBU-24E/B guided bombs.
modification/us_egbu_24;GBU-24E
modification/us_gbu_10/desc;Allows installation of GBU-10/B guided bombs.;
modification/us_gbu_10;GBU-10;
modification/us_gbu_27/desc;Allows the installation of GBU-27/B guided bombs.
modification/us_gbu_27;GBU-27
modification/us_gbu_10_gbu_24/desc;Allows installation of GBU-10/B and GBU-24/B guided bombs.;
modification/us_gbu_10_gbu_24;GBU-10 / GBU-24;
modification/us_gbu_8/desc;Allows installation of GBU-8/B guided bombs.;
modification/us_gbu_8;GBU-8;
modification/us_agm_123/desc;Allows installation of AGM-123A missiles.;
modification/us_agm_123;AGM-123A;
modification/us_agm_119a/desc;Allows the installation of AGM-119A missiles.
modification/us_agm_119a;AGM-119A
modification/us_gbu_38/desc;Allows installation of GBU-38(V)2/B guided bombs.;
modification/us_gbu_38;GBU-38;
modification/us_gbu_38_62/desc;Allows the installation of GBU-38(V)2/B and GBU-62(V)1/B JDAM guided bombs.
modification/us_gbu_38_62;GBU-38 / GBU-62
modification/us_gbu_32/desc;Allows the installation of GBU-32(V)1/B guided bombs.
modification/us_gbu_32;GBU-32
modification/us_gbu_31/desc;Allows the installation of GBU-31(V)1/B guided bombs.
modification/us_gbu_31;GBU-31
modification/us_gbu_31_64/desc;Allows the installation of GBU-31(V)1/B and GBU-64(V)1/B JDAM guided bombs.
modification/us_gbu_31_64;GBU-31 / GBU-64
modification/us_gbu_32_31/desc;Allows the installation of GBU-31(V)1/B and GBU-38(V)2/B and GBU-64(V)1/B JDAM guided bombs.
modification/us_gbu_32_31;GBU-31 / GBU-32 / GBU-64
modification/us_gbu39/desc;Allows installation of GBU-39/B guided bombs.
modification/us_gbu39;GBU-39
modification/us_mk82_gbu39/desc;Allows installation of 500 lb bombs and GBU-39/B guided bombs.
modification/us_mk82_gbu39;Mk82/GBU-39
modification/us_mk82_gbu38_gbu39/desc;Allows installation of 500 lb bombs, GBU-38(V)2/B JDAM guided bombs, GBU-39/B, and GBU-62(V)1/B JDAM guided bombs.
modification/us_mk82_gbu38_gbu39;Mk 82 / GBU-38 / GBU-39 / GBU-62
modification/us_blu27_gbu39/desc;Allows installation of GBU-39/B guided bombs and BLU-27/B incendiary bombs.
modification/us_blu27_gbu39;GBU-39 / BLU-27
modification/uk_paveway_iv/desc;Allows installation of Paveway IV guided bombs.
modification/uk_paveway_iv;Paveway IV
modification/br_lizard/desc;Allows installation of BAFG-230 (Lizard II) guided bombs.;
modification/br_lizard;BAFG-230 (Lizard II)
modification/fr_atlis2/desc;Allows installation of ALTIS II targeting pod.;
modification/fr_atlis2;ALTIS II;
modification/it_pdlct_s_pod/desc;Allows installation of CLDP targeting pod.;
modification/it_pdlct_s_pod;CLDP;
modification/j_aaq_2_pod/desc;Allows the installation of J/AAQ-2 targeting pod.
modification/j_aaq_2_pod;J/AAQ-2
modification/gr_litening_pod/desc;ALlows installation of LITENING II targeting pod.;
modification/gr_litening_pod;LITENING II;
modification/us_sniper_pod/desc;Allows the installation of AN/AAQ-33 SNIPER ATP targeting pod.
modification/us_sniper_pod;AN/AAQ-33
modification/gr_litening_iii_pod/desc;Allows installation of LITENING III targeting pod.
modification/gr_litening_iii_pod;LITENING III
modification/us_an_aas_38_pod/desc;Allows installation of AN/AAS-38 targeting pod.
modification/us_an_aas_38_pod;AN/AAS-38
modification/us_an_aas_38a_pod/desc;Allows installation of AN/AAS-38A targeting pod.
modification/us_an_aas_38a_pod;AN/AAS-38A
modification/us_an_aas_38b_pod/desc;Allows the installation of AN/AAS-38B targeting pod.
modification/us_an_aas_38b_pod;AN/AAS-38B
modification/us_an_asq_228_pod/desc;Allows installation of AN/ASQ-228 targeting pod.
modification/us_an_asq_228_pod;AN/ASQ-228
modification/sniper_atp_pod/desc;Allows the installation of SNIPER ATP targeting pod.
modification/sniper_atp_pod;SNIPER ATP
modification/uk_tiald/desc;Allows installation of TIALD targeting pod.
modification/uk_tiald;TIALD;
modification/uk_tiald_pod/desc;Allows installation of TIALD targeting pod.
modification/uk_tiald_pod;TIALD;
modification/cn_k_pzs_01/desc;Allows installation of K/PZS-01 targeting pod.;
modification/cn_k_pzs_01;K/PZS-01;
modification/cn_k_adc03a/desc;Allows installation of K/JDC03A targeting pod.;
modification/cn_k_adc03a;K/JDC03A;
modification/tr_aselpod/desc;Allows installation of ASELPOD targeting pod.;
modification/tr_aselpod;ASELPOD;
modification/us_lantirn_pod/desc;Allows installation of LANTIRN targeting pod.;
modification/us_lantirn_pod;LANTIRN;
modification/us_pave_tack_pod/desc;Allows installation of AN/AVQ-26 Pave Tack targeting pod.;
modification/us_pave_tack_pod;AN/AVQ-26;
modification/su_mercury_pod/desc;Allows installation of Меркурий targeting pod.;
modification/su_mercury_pod;НТПС Меркурий;
modification/fr_damocles_pod/desc;Allows installation of Damocles targeting pod.;
modification/fr_damocles_pod;Damocles;
modification/t_220/desc;Allows installation of T 220 targeting pod.
modification/t_220;T 220
elite/elite;Elite aircraft rank I;
elite/sub_elite;Elite aircraft rank II;
elite/elite/desc;To unlock Elite rank I, you have to purchase all modifications for this aircraft.;
elite/sub_elite/desc;To unlock Elite rank II, you have to purchase %s modifications of the highest tier for this aircraft.;
modification/hydravlic_power;New boosters;
modification/hydravlic_power/desc;New hydraulic boosters improve plane's controllability;
modification/150_octan_fuel;150 octane fuel;
modification/150_octan_fuel/desc;Allows usage of 150 octane fuel. Engine performance will be improved;
modification/100_octan_spitfire;100 octane fuel;
modification/100_octan_spitfire/desc;Allows usage of 100 octane fuel. Engine performance will be improved;
modification/mass_change;%s to empty mass;
modification/oswalds_change;%s to wing spanwise lift efficiency coefficient;
modification/cdMinFusel_change;%s to fuselage drag coefficient;
modification/cdMinTail_change;%s to zero lift stabilizer drag coefficient;
modification/cdMinWing_change;%s to zero lift wing drag coefficient;
modification/ailThrSpd_change;%s to speed at which a pilot is able to deflect ailerons completely;
modification/elevThrSpd_change;%s to speed at which a pilot is able to deflect elevators completely;
modification/ruddThrSpd_change;%s to speed at which a pilot is able to deflect rudder completely;
modification/horsePowers_change;%s to engine power;
modification/horsePowersTransmission_change;%s to drive wheels;
modification/thrust_change;%s to engine thrust;
modification/reloadTime_change;%s to reload time of primary weapon;
modifications/params;Change of aircraft parameters:;
modifications/tank_params;Change of tank parameters:;
modifications/specs;Calculation of changes to aircraft specs:;
modifications/tank_specs;Calculation of changes to tank specs:;
modifications/specs_change;Changes to specs;
modification/cdParasite_change;%s to parasite drag;
modification/frc_mk3;LFRC Mk 12 Mod 0;
modification/frc_mk3/desc;Allows installation of 11.75” AR rockets.;
modification/btd_sbc;SBC Mk 1 Mod 0;
modification/btd_sbc/desc;Allows installation of 500 lb bombs.;
modification/btd_mbc;MBC Mk 1 Mod 0;
modification/btd_mbc/desc;Allows installation of 1000 lb bombs.;
modification/btd_lbc;LBC Mk 1 Mod 0;
modification/btd_lbc/desc;Allows installation of a 2000 lb bomb.;
modification/btd_tc;TC Mk 1 Mod 0;
modification/btd_tc/desc;Allows installation of torpedo weaponry.;
modification/us_mk13;Mk 13 Torpedo;
modification/us_mk13/desc;Allows installation of torpedo weaponry.;
modification/t-18;T-18;
modification/t-18/desc;Allows installation of 1 torpedo.;
modification/der4_47bmt;Дер-4-47БМТ;
modification/der4_47bmt/desc;Allows installation of 1 torpedo.;
modification/hampden_2x500lb_torpedo;SBC/TSC;
modification/hampden_2x500lb_torpedo/desc;Allows installation of torpedo and bombs weaponry.;
modification/winterketten_tank_tracks;Winterketten;
modification/winterketten_tank_tracks/desc;Allows installation of Winterketten tracks for improved mobility.;
modification/ostketten_tank_tracks;Ostketten;
modification/ostketten_tank_tracks/desc;Allows installation of Ostketten tracks for improved mobility.;
modification/new_tank_tracks;Tracks;
modification/new_tank_tracks/desc;Track maintenance. Replacement of worn tracks and pins, adjustment of track tension improve tank handling and passing ability.;
modification/new_wheels;Tires;
modification/new_wheels/desc;Tire maintenance. Replacement of worn tires improves handling ability and trafficability of the vehicle.;
modification/new_tank_suspension;Suspension;
modification/new_tank_suspension/desc;Suspension maintenance and adjustment. Replacement of damaged and worn elastic elements, lubrication of guide roller and tank wheel bearings. These manipulations improve suspension damping capacity, decrease pitch, and increase fire accuracy in motion.;
modification/new_car_suspension;Suspension;
modification/new_car_suspension/desc;Suspension maintenance and adjustment. Replacement of damaged and worn elastic elements, lubrication of bearings. These manipulations improve suspension damping capacity, decrease pitch, and increase fire accuracy in motion.;
modification/new_tank_filter;Filters;
modification/new_tank_filter/desc;Washing and cleaning of air, oil and fuel filters increases engine capacity.;
modification/new_tank_brakes;Brakes;
modification/new_tank_brakes/desc;Maintenance and adjustment of tank brake system increases braking efficiency.;
modification/new_tank_transmission;Transmission;
modification/new_tank_transmission/desc;Maintenance of transmission components, replacement of friction elements and nodes, lubrication of a gear box and adjustment of control rods. These manipulations improve tank handling ability, and decrease power loss of the transmission and final drives.;
modification/new_tank_engine;Engine;
modification/new_tank_engine/desc;Engine gearing train and adjustment, change of worn engine to one with unexpended capacity;
modification/tank_tool_kit_expendable;Spare Parts;
modification/tank_tool_kit_expendable/desc;Repair parts and tools. A kit of spare parts and tools for performing repairs in the field.;
modification/manual_extinguisher_expendable;Fire Extinguisher.;
modification/manual_extinguisher_expendable/desc;Fire extinguisher. An additional charge of fire-suppression equipment.;
modification/tank_medical_kit_expendable;Crew Replenishment;
modification/tank_medical_kit_expendable/desc;It allows you to replenish your crew in combat conditions.;
modification/tank_tool_kit_test;Spare Parts;
modification/tank_tool_kit_test/desc;Spare parts and tools. Allows for more efficient repair of damaged modules.;
modification/manual_extinguisher_test;Fire Extinguisher;
modification/manual_extinguisher_test/desc;Fire extinguisher. An additional charge of fire-suppression equipment.;
modification/tank_medical_kit;Crew Replenishment;
modification/tank_medical_kit/desc;It allows you to replenish your crew in combat conditions.;
modification/tank_tool_kit;Spare Parts;
modification/tank_tool_kit/desc;Spare parts and tools. Allows for more efficient repair of damaged modules.;
modification/manual_extinguisher;Fire Extinguisher;
modification/manual_extinguisher/desc;Fire extinguisher. An additional charge of fire-suppression equipment.;
modification/camouflage_net;Camouflage Net;
modification/camouflage_net/desc;Allows use of camouflage netting to improve concealment.
modification/tank_camouflage;Camouflage;
modification/tank_camouflage/desc;Tank camouflage improves stealth in a field and decreases detection range by enemy tanks and aviation.;
modification/tank_additional_armor;Additional Armor;
modification/tank_additional_armor/desc;Use of spare tracks or other alternate materials as an additional armor. It slightly increases tank protection but also - its weight.;
modification/new_tank_horizontal_aiming;Horizontal Drive;
modification/new_tank_horizontal_aiming/desc;Maintenance and lubrication of turret or gun traversing mechanism, lubrication of ball-bearing turret ring. These manipulations improve smoothness of movement at turret traverse, slightly increasing its speed.;
modification/new_tank_vertical_aiming;Elevation Mechanism;
modification/new_tank_vertical_aiming/desc;Maintenance and cleaning of the gun elevation mechanism increases its elevation speed. Gaps elimination improves pointing accuracy of the gun.;
modification/modern_tank_stereo_rangefinder;Rangefinder;
modification/modern_tank_stereo_rangefinder/desc;Installation of Rangefinder. Allows for more precise measurement of distance to a target.;
modification/laser_rangefinder_lws;LWS & LR;
modification/laser_rangefinder_lws/desc;Installation of Laser Warning System and Laser Rangefinder. Allows for more precise measurement of distance to a target and detection of incoming lasers.;
modification/laser_rangefinder_ircm_lws_t_90a;LWS & LR;
modification/laser_rangefinder_ircm_lws_t_90a/desc;Installation of Laser Warning System and Laser Rangefinder. Allows for more precise measurement of distance to a target and detection of incoming lasers.;
modification/laser_warning_system;LWS;
modification/laser_warning_system/desc;Laser Warning System. Allows for detection of incoming lasers.;
modification/modern_tank_laser_rangefinder;Laser Rangefinder;
modification/modern_tank_laser_rangefinder/desc;Installation of Laser Rangefinder. Allows for more precise measurement of distance to a target.;
modification/tank_rangefinder;Rangefinder;
modification/tank_rangefinder/desc;Installation of Rangefinder. Allows for more precise measurement of distance to a target.;
modification/art_support;Artillery Support;
modification/art_support/desc;A possibility of making a call for fire on indicated square.;
modification/tank_new_gun;Adjustment of Fire;
modification/tank_new_gun/desc;Gun calibration. Eliminates errors of misalignment between the gun and the target, improves fire accuracy.;
modification/tank_smoke_screen_system_mod;Smoke Grenade;
modification/tank_smoke_screen_system_mod/desc;Allows use of smoke grenade launchers.;
modification/thermal_vision_system;Thermal Imagers;
modification/night_vision_system_panther_2;NVD
modification/night_vision_system_panther_2/desc;Allows the use of night vision devices.
modification/night_vision_system;NVD;
modification/night_vision_system/desc;Allows use of thermal imaging devices.;
modification/night_vision_system_upgrade_nv_to_thermal;Thermal Imagers;
modification/night_vision_system_upgrade_nv_to_thermal/desc;Replacement of standard night-vision optics with thermal imagers.;
modification/heli_night_vision_system;Thermal Imagers;
modification/heli_night_vision_system/desc;Allows use of thermal imaging devices.;
modification/aa_new_gun;Adjustment of Fire;
modification/aa_new_gun/desc;Gun calibration. Eliminates errors of misalignment between the gun and the target, improves fire accuracy.;
modification/ka_chi_hull_improvement;Pontoons;
modification/ka_chi_hull_improvement/desc;Allows installation of pontoons.;
modification/bmp_1p_turret_improvement;БМП-1П;
modification/bmp_1p_turret_improvement/desc;Upgrading БМП-1 to БМП-1П 1979 standard by installing 9М113 missiles and «Туча» smoke grenade launchers, and removing the automatic loader for the main gun.;
modification/type_86_turret_improvement;AFT07E & 84式;
modification/type_86_turret_improvement/desc;Upgrading ZBD86 by installing AFT07E missiles and 84式 smoke grenade launchers.;
modification/tog_project_upgrade;1941 Proposal;
modification/tog_project_upgrade/desc;Upgrading TOG 2* to 1941 TOG 2 proposal by installing a 3” howitzer and machine gun sponsons.;
modification/bmp_2d_improvement;БМП-2Д;
modification/bmp_2d_improvement/desc;Upgrading БМП-2 to БМП-2Д 1981 standard by installing additional armor package.;
modification/bmd_4m_improvement;Armor kit
modification/bmd_4m_improvement/desc;Upgrading БМД-4М by installing additional armor package.;
modification/camouflage_net_certezza;WAR kit
modification/camouflage_net_certezza/desc;Upgrading C1 Ariete by installing WAR additional armor package.
modification/certezza_protection_improvement;WAR kit & Camouflage net
modification/certezza_protection_improvement/desc;Upgrading C1 Ariete by installing WAR additional armor package and camouflage net.
modification/abrams_protection_improvement;TUSK 1;
modification/abrams_protection_improvement/desc;Upgrading M1A2 SEP by installing Tank Urban Survival Kit 1 additional armor package.
modification/c1_protection_improvement;WAR kit;
modification/c1_protection_improvement/desc;Upgrading C1 Ariete by installing WAR additional armor package.;
modification/c1_pso_protection_improvement;PSO Tipo 2;
modification/c1_pso_protection_improvement/desc;Upgrading C1 Ariete PSO by installing PSO Tipo 2 additional armor package.;
modification/t_62m_1_protection_improvement;Side Skirts;
modification/t_62m_1_protection_improvement/desc;Additional side skirts;
modification/lav_ad_hydra_70;M261;
modification/lav_ad_hydra_70/desc;Allows installation of M200 rocket launcher in place of one Stinger launcher.;
modification/9p149m_upgrade_modification;9П149М;
modification/9p149m_upgrade_modification/desc;Upgrading 9П149 to 9П149М standard by installing 9M114М missiles.;
modification/2s6_upgrade_modification;2С6М1;
modification/2s6_upgrade_modification/desc;Upgrading 2С6 to 2С6М1 standard by installing updated fire control systems.;
modification/type_74_tire;Tires
modification/type_74_tire/desc;Mounting/dismounting tires from the stern of the hull
modification/m_1_fuel_tanks;KVT Vismod;
modification/m_1_fuel_tanks/desc;Visual modification of M1 to Krasnovian Variant Tank by installing oil drums, rubber skirts, camouflage net, fake ERA, and fake IR illuminator, as well as removing side skirts.;
modification/slat_armor_improvement;Slat Armor;
modification/slat_armor_improvement/desc;Slat armor kit;
modification/m1128_protection_improvement;Slat Armor;
modification/m1128_protection_improvement/desc;Slat armor kit;
modification/xm_8_protection_improvement;Level 3;
modification/xm_8_protection_improvement/desc;Upgrading XM8 AGS to Level 3 protection standard by installing additional armor package.;
modification/challenger_2_protection_improvement;Dorchester 2E;
modification/challenger_2_protection_improvement/desc;Upgrading Challenger 2 by installing Dorchester 2E additional armor package.;
modification/challenger_dorchester_protection_improvement;Dorchester 2F;
modification/challenger_dorchester_protection_improvement/desc;Upgrading Challenger 2 by installing Dorchester 2F additional armor package.;
modification/bmp_3_upgrade_modification;БМП-3 2017;
modification/bmp_3_upgrade_modification/desc;Upgrading БМП-3 to 2017 standard by installing Содема thermal sight.;
modification/t_72b3_2017_improvement;Т-72Б3М 2016;
modification/t_72b3_2017_improvement/desc;Upgrading Т-72Б3 to Т-72Б3М 2016 standard by installing Реликт ERA packages and В-92С2Ф engine.;
modification/t_72a_1983_protection_improvement;T-72A 1983;
modification/t_72a_1983_protection_improvement/desc;Upgrading T-72A to 1983 standard by installing additional 16 mm armor plates.;
modification/mine_protection_improvement;Mine protection;
modification/mine_protection_improvement/desc;Additional mine protection.;
modification/zerstorer_skirts_up;Side skirts up;
modification/zerstorer_skirts_up/desc;Allows side skirts to be folded up for additional protection.;
modification/vsw_flak_41_skirts_up;Side skirts up;
modification/vsw_flak_41_skirts_up/desc;Allows side skirts to be folded up for additional protection.;
modification/t_64b_protection_improvement;T-64БВ 1987;
modification/t_64b_protection_improvement/desc;Upgrading T-64Б to T-64БВ 1987 standard by installing Контакт-I ERA packages.;
modification/t_80b_protection_improvement;T-80БВ 1985;
modification/t_80b_protection_improvement/desc;Upgrading T-80Б to T-80БВ 1985 standard by installing Контакт-I ERA packages.;
modification/t_80bvm_protection_improvement;Additional ERA;
modification/t_80bvm_protection_improvement/desc;Upgrading Т-80БВМ to Army standard by installing additional ERA protection.;
modification/t_90m_protection_improvement;Additional ERA;
modification/t_90m_protection_improvement/desc;Upgrading Т-90М to Army standard by installing additional ERA protection.;
modification/fv510_protection_improvement;Additional Protection Package;
modification/fv510_protection_improvement/desc;Upgrading Warrior by installing additional armor package.;
modification/magach_protection_improvement;Baltan;
modification/magach_protection_improvement/desc;Upgrading Magach 3 by installing Baltan ERA packages.;
modification/conqeror_armor_improvement;Shaped Charge Trial Vehicle;
modification/conqeror_armor_improvement/desc;Upgrading Conqueror Mk. 2 by installing metal sheets to combat shaped charges.;
modification/lvrbv_Rbs_70B_upgrade;Rb 70B;
modification/lvrbv_Rbs_70B_upgrade/desc;Allows use of Rb 70B surface-to-air missile.;
modification/pvrbv_TOW_2_upgrade;BGM-71D;
modification/pvrbv_TOW_2_upgrade/desc;Allows use of BGM-71D missile.;
modification/begleitpanzer_57_improvement_TOW;BGM-71C;
modification/begleitpanzer_57_improvement_TOW/desc;Allows use of BGM-71C missile.;
modification/9m120_improvement;9M120;
modification/9m120_improvement/desc;Allows use of 9M120 missile.;
modification/roland_3_improvement;Roland 3;
modification/roland_3_improvement/desc;Upgrading AMX 30 Roland 1 to AMX 30 Roland 3 by installing Roland 3 missiles.;
modification/fv510_MILAN_2;MILAN 2;
modification/fv510_MILAN_2/desc;Allows use of MILAN 2 missile.;
modification/airstrike;Airstrike;
modification/airstrike/desc;Allows you to join an air battle activated by an ally on bomber or attacker (for example, in Tank Arcade Battles).;
modification/improved_optics;Improved optics;
modification/improved_optics/desc;Increases the opponents detection radius.;
modification/yak9ut_n37_mod;Н-37;
modification/yak9ut_n37_mod/desc;Allows installation of Н-37 cannon.;
modification/yak9ut_ns45_mod;НС-45;
modification/yak9ut_ns45_mod/desc;Allows installation of НС-45 cannon.;
modification/bf-109k-4_MG15120_mod;Flugzeugmaschinengewehr 151/20;
modification/bf-109k-4_MG15120_mod/desc;Allows installation of Flugzeugmaschinengewehr 151/20 cannon.;
modification/morko_morane_mg151;Flugzeugmaschinengewehr 151/20;
modification/morko_morane_mg151/desc;Allows installation of Flugzeugmaschinengewehr 151/20 cannon.
modification/su_2_am42_vya23;ВЯ-23;
modification/su_2_am42_vya23/desc;Allows installation of ВЯ-23 cannon.;
modification/a6m_9in_mod30;9” 30型;
modification/a6m_9in_mod30/desc;Allows installation of 2 x 60 kg bombs.;
modification/tank_engine_smoke_screen_system;ESS;
modification/tank_engine_smoke_screen_system/desc;Engine smoke generating system. Allows smoke screening by injection of fuel into the engine exhaust manifold.;
modification/14in_mod35;9” 35型;
modification/14in_mod35/desc;Allows installation of additional 60 kg bombs.;
modification/15in_mod35;9” 35型;
modification/15in_mod35/desc;Allows installation of additional 250 kg bombs.;
modification/13in_mod35;13” 35型;
modification/13in_mod35/desc;Allows installation of up to 500 kg bombs.;
modification/kd-3_bc;КД-3;
modification/kd-3_bc/desc;Allows installation of up to 500 kg bombs.;
modification/kd3_281;КДЗ-281;
modification/kd3_281/desc;Allows installation of up to 500 kg bombs.;
modification/kdz_250;КДЗ-226 250;
modification/kdz_250/desc;Allows installation of up to 250 kg bombs.;
modification/kdz_500;КДЗ-226 500;
modification/kdz_500/desc;Allows installation of up to 500 kg bombs.;
modification/kd-2_bc;КД-2;
modification/kd-2_bc/desc;Allows installation of up to 100 kg bombs.;
modification/kd-4_bc;КД-4;
modification/kd-4_bc/desc;Allows installation of 1000 kg bombs.;
modification/ki84_9in_mod23;9” 23型;
modification/ki84_9in_mod23/desc;Allows installation of 2 x 50 kg bombs.;
modification/ki84_12in_mod27;12” 27型;
modification/ki84_12in_mod27/desc;Allows installation of 2 x 250 kg bombs.;
modification/pvc_1006b_pylon;PVC 1006B;
modification/pvc_1006b_pylon/desc;Allows installation of 2 torpedoes.;
modification/hs129_bk37;B.K. 3,7;
modification/hs129_bk37/desc;Allows installation of B.K. 3,7 cannon.;
modification/hs129_bk37_bf110;B.K. 3,7;
modification/hs129_bk37_bf110/desc;Allows installation of B.K. 3,7 cannon.;
modification/i-185_der-25;Дер-25;
modification/i-185_der-25/desc;Allows installation of 2 x 250 kg bombs;
modification/i-185_ro-82;РО-82;
modification/i-185_ro-82/desc;Allows installation of 6 x РС-82 rockets.;
modification/ki_7in_mod20;7” 20型;
modification/ki_7in_mod20/desc;Allows installation of 50 kg bombs.;
modification/ki_12in_mod30;12” 30型;
modification/ki_12in_mod30/desc;Allows installation of 250 kg bombs.;
modification/ki_10in_mod24;10” 24型;
modification/ki_10in_mod24/desc;Allows installation of 100 kg bombs.;
modification/fr_50_dt/desc;Allows installation of additional 50 kg bombs.;
modification/fr_50_dt;50 DT;
modification/fr_100_gp_standart/desc;Allows installation of 100 kg bombs.;
modification/fr_100_gp_standart;100 GPs;
modification/fr_200_gp_standart/desc;Allows installation of 200 kg bombs.;
modification/fr_200_gp_standart;200 GPs;
modification/fr_f222_s/desc;Allows installation of 200 kg bombs.;
modification/fr_f222_s;200 GPs;
modification/fr_f222_s5/desc;Allows installation of additional 200 kg bombs.;
modification/fr_f222_s5;200 GPs S5;
modification/fr_f222_tgpu/desc;Allows installation of 500 kg bombs.;
modification/fr_f222_tgpu;500 GPs;
modification/fr_250kg_type_25c/desc;Allows installation of 250 kg bombs.;
modification/fr_250kg_type_25c;Type 25C;
modification/fr_400kg_type_21b/desc;Type 21B;
modification/fr_400kg_type_21b;Allows installation of 400 kg bombs.;
modification/uk_mk_n1_540lb/desc;Allows installation of 540 lb bombs.;
modification/uk_mk_n1_540lb;Mk. N1 540 lb;
modification/uk_mk_10_1000lb/desc;Allows installation of 1000 lb bombs.;
modification/uk_mk_10_1000lb;Mk. 10 1000 lb;
modification/bazooka_pylon;Rocket Launcher, M10;
modification/bazooka_pylon/desc;Allows installation of M8 rockets.;
modification/ammo_pack/desc;Allows use of shell %s.;
modification/ammo_pack_belt/desc;Allows use of belts %s.;
modification/me-410_u4_mod;Me 410 A-1/U4;
modification/me-410_u4_mod/desc;Allows installation of B.K. 5 cannon.;
modification/me-410_u2_mod;Me 410 A-1/U2;
modification/me-410_u2_mod/desc;Allows installation of 2 x Flugzeugmaschinengewehr 151/20 cannons.;
modification/me-410_pylon_mod;ITC 500/VIIId;
modification/me-410_pylon_mod/desc;Allows installation of up to 500 kg bombs.;
20mm_ger_kwk30_HE/name;Sprengranate;
20mm_ger_kwk30_AP/name;Panzergranate;
20mm_ger_kwk30_APCR/name;Panzergranate 40;
20mm_ussr_TNSh_HE/name;ОЗТ;
20mm_ussr_TNSh_AP/name;БЗТ;
20mm_ussr_TNSh_APCR/name;БЗ;
37mm_ger_flak36_HE/name;Sprengranate;
37mm_ger_flak36_AP/name;Panzergranate;
40mm_usa_M2_HE/name;Mk. II;
40mm_usa_M2_AP/name;M81A1;
37mm_usa_universal/name;APT-HEIT;
37mm_usa_m54_HE/name;M54;
37mm_usa_m59a1_AP/name;M59A1;
25mm_ussr_72K_HE/name;ОЗТ;
25mm_ussr_72K_AP/name;БЗТ;
7_62mm_DT_API/name;API;
7_62mm_DT_APIT/name;API-T;
12mm_vickers_mk5_API/name;API;
12mm_usa_M2HB_API_navy/name;API;
12mm_usa_M2HB_API/name;API;
12mm_usa_M2HB_AP/name;AP;
12mm_usa_M2HB_APIT/name;API-T;
12mm_ussr_dshk_AP/name;AP;
12mm_ussr_dshk_APIT/name;API-T;
12mm_ussr_dshk_API/name;API;
modification/tbf_itc;ITC Mk. III;
modification/tbf_itc/desc;Allows installation of 1 torpedo.;
modification/improved_torpedo_mod;Improved torpedo;
modification/improved_torpedo_mod/desc;Allows installation of torpedoes with improved discharge characteristics.;
modification/allowPremDecals;Mark of Distinction;
modification/allowPremDecals/desc;Allows to use all four slots for decals, even without Premium Account.;
modification/ki45_12in_mod30;12” 30型;
modification/ki45_12in_mod30/desc;Allows installation of up to 250 kg bombs.;
modification/spitfire_sbc;SMBC Mk. 2;
modification/spitfire_sbc/desc;Allows installation of 250 lb bombs.;
modification/spitfire_sbc_additional;SMBC Mk. 3;
modification/spitfire_sbc_additional/desc;Allows installation of additional 250 lb bomb.;
modification/spitfire_mbc;SMBC Mk. 2;
modification/spitfire_mbc/desc;Allows installation of 500 lb bombs.;
modification/spitfire_mbc_additional;SMBC Mk. 3;
modification/spitfire_mbc_additional/desc;Allows installation of additional 500 lb bombs.;
modification/spitfire_rc;HRC Mk. 8;
modification/spitfire_rc/desc;Allows installation of RP-3 rockets.;
modification/fr_matra_t_10;Matra T10 140;
modification/fr_matra_t_10/desc;Allows installation of T10 140 rockets.;
modification/fr_matra_t_10_150;Matra T10 151;
modification/fr_matra_t_10_150/desc;Allows installation of T10 151 rockets.;
modification/fr_matra_t_10_121;Matra T10 121
modification/fr_matra_t_10_121/desc;Allows the installation of T10 121 rockets.
modification/fr_matra_sneb;Matra SNEB;
modification/fr_matra_sneb/desc;Allows installation of SNEB rockets.;
modification/fr_jl_100r;Matra JL-100R;
modification/fr_jl_100r/desc;Allows installation of SNEB rockets.;
modification/fr_jl_100r_36;Matra JL-100 36;
modification/fr_jl_100r_36/desc;Allows installation of SNEB rockets.;
modification/fr_lr_f1;Matra LR F1;
modification/fr_lr_f1/desc;Allows installation of SNEB rockets.;
modification/fr_lr_100_4;LR 100-4;
modification/fr_lr_100_4/desc;Allows installation of TBA 100 rockets.;
modification/uk_lau_5003b_a;LAU-5003 B/A;
modification/uk_lau_5003b_a/desc;Allows installation of CRV-7 rockets.;
modification/uk_lau_51;LAU-5003B/A;
modification/uk_lau_51/desc;Allows installation of CRV-7 rockets.;
modification/uk_lau_51_ffar;LAU-5003B/A;
modification/uk_lau_51_ffar/desc;Allows installation of CRV-7 rockets.;
modification/uk_lau_51_ffar_2_75;LAU-51;
modification/uk_lau_51_ffar_2_75/desc;Allows installation of 2.75” FFAR rockets.;
modification/fr_matra_type61;Matra Type 61;
modification/fr_matra_type61/desc;Allows installation of T10 151 rockets.;
modification/fr_matra_type116;Matra Type 116;
modification/fr_matra_type116/desc;Allows installation of SNEB rockets.;
modification/fr_matra_type104a;Matra Type 104A;
modification/fr_matra_type104a/desc;Allows installation of SNEB rockets.;
modification/fr_matra_type105;Matra Type 105;
modification/fr_matra_type105/desc;Allows installation of additional SNEB rockets.;
modification/us_2_75_in_ffar;2.75” FFAR Mk 4;
modification/sws_matra_type1000;Matra Type 1000;
modification/sws_matra_type1000/desc;Allows installation of SNEB rockets.;
modification/us_2_75_in_ffar/desc;Allows installation of 2.75” FFAR rockets.;
modification/us_f8u_ffar;2.75” FFAR Mk 4;
modification/us_f8u_ffar/desc;Allows installation of 2.75” FFAR rockets.;
modification/rb_05a;Rb 05A;
modification/rb_05a/desc;Allows installation of Rb 05A missiles.;
modification/yak_38_x23m;Х-23М;
modification/yak_38_x23m/desc;Allows installation of Х-23М missiles.;
modification/su_17_x25;Х-25;
modification/su_17_x25/desc;Allows installation of Х-25 missiles.;
modification/su_17_x29l;Х-29Л;
modification/su_17_x29l/desc;Allows installation of Х-29Л missiles.;
modification/su_x25l_29l;Х-25 / Х-29Л
modification/su_x25l_29l/desc;Allows installation of Х-25 and Х-29Л missiles.
modification/su_grom;Х-36 Гром-2
modification/su_grom/desc;Allows installation of Х-36 Гром-2 guided bombs.
modification/mig_21_x66;Х-66;
modification/mig_21_x66/desc;Allows installation of Х-66 missiles.;
modification/fr_as_30l;AS.30L;
modification/fr_as_30l/desc;Allows installation of AS.30L missiles.;
modification/fr_as_30;AS.30;
modification/fr_as_30/desc;Allows installation of AS.30 missiles.;
modification/flz_lwf_lb_66;Flz.Lwf. LB 66
modification/flz_lwf_lb_66/desc;Allows the installation of Flz.Lwf. LB 66  missiles.
modification/gr_as_34;AS.34;
modification/gr_as_34/desc;Allows installation of AS.34 Kormoran missiles.;
modification/jp_asm1;ASM-1
modification/jp_asm1/desc;Allows the installation of ASM-1 missiles.
modification/jp_asm2;ASM-2
modification/jp_asm2/desc;Allows the installation of ASM-2 missiles.
modification/fj_4b_agm_12b;AGM-12B;
modification/fj_4b_agm_12b/desc;Allows installation of AGM-12B missiles.;
modification/fj_4b_agm_12c;AGM-12C;
modification/fj_4b_agm_12c/desc;Allows installation of AGM-12C missiles.;
modification/nord_as_20;AS.20;
modification/nord_as_20/desc;Allows installation of AS.20 missiles.;
modification/nord_as_30;AS.30;
modification/nord_as_30/desc;Allows installation of AS.30 missiles.;
modification/us_2_75_in_ffar_aero_7d;Aero 7D;
modification/us_2_75_in_ffar_aero_7d/desc;Allows installation of 2.75” FFAR rockets.;
modification/us_2_75_in_ffar_aero_6a;Aero 6A;
modification/us_2_75_in_ffar_aero_6a/desc;Allows installation of 2.75” FFAR rockets.;
modification/do217_etc2000;ETC 2000 XII;
modification/do217_etc2000/desc;Allows installation of additional 1000 kg bombs.;
modification/me262_r1;Me 262 A-1a/R7;
modification/me262_r1/desc;Allows installation of R4M rockets.;
modification/Fw-190F-8_Pb2;Pzb. II;
modification/Fw-190F-8_Pb2/desc;Allows installation of Pzb. II rockets.;
modification/me262_r1_2;Me 262 A-1a/R7 II;
modification/me262_r1_2/desc;Allows installation of additional R4M rockets.;
modification/me262_wgr21;Werfergranate 21;
modification/me262_wgr21/desc;Allows installation of Werfergranate 21 rockets.;
modification/Bf-109F_rz_65;RZ 65;
modification/Bf-109F_rz_65/desc;Allows installation of 8 x RZ 65 rockets.;
modification/m10_pylon;M10;
modification/m10_pylon/desc;Allows installation of additional bombs on external bomb racks.;
modification/g_suit;G-suit;
modification/g_suit/desc;G-suit makes it easier to carry overload;
modification/f_4c_g_suit;G-suit;
modification/f_4c_g_suit/desc;G-suit makes it easier to carry overload;
modification/m4_75mm_ground_targets;75 mm cannon ammunition for ground targets;
modification/m4_75mm_ground_targets/short;Ground targets;
modification/m4_75mm_armor_targets;75 mm cannon ammunition for armored targets;
modification/m4_75mm_armor_targets/short;AP;
modification/SAA_ground_targets;102 mm cannon ammunition for ground targets;
modification/SAA_ground_targets/short;Ground targets;
modification/SAA_armor_targets;102 mm cannon ammunition for armored targets;
modification/SAA_armor_targets/short;AP;
modification/fairey_tc;FTC Mk. II;
modification/fairey_tc/desc;Allows installation of 1 torpedo.;
modification/bmbc_mk1/desc;Allows installation of 500 lb bombs.;
modification/bmbc_mk1;BMBC Mk 1 Mod 0;
modification/blbc_mk1/desc;Allows installation of 1000 lb bombs.;
modification/blbc_mk1;BLBC Mk 1 Mod 0;
modification/ki_43_1_otsu;キ43-I乙;
modification/ki_43_1_otsu/desc;Upgrading キ43-I to キ43-I乙 standard by installing 1 x 1式12,7mm固定機銃 machine gun.;
modification/ki_43_1_hei;キ43-I丙;
modification/ki_43_1_hei/desc;Upgrading キ43-I to キ43-I丙 standard by installing 2 x 1式12,7mm固定機銃 machine gun.;
modification/kitsuka_14in_mod41;14” 41型;
modification/kitsuka_14in_mod41/desc;Allows installation of bombs up to 800 kg.;
modification/kitsuka_fighter;橘花改乙;
modification/kitsuka_fighter/desc;Upgrading 橘花改 to 橘花改乙 standard by installing an additional 五式3cm固定機銃 cannon.;
modification/frc_mk7;FRC Mk 7 Mod 0;
modification/frc_mk7/desc;Allows installation of 5” HVAR rockets.;
modification/frc_mk7_additional;FRC Mk 7A Mod 0;
modification/frc_mk7_additional/desc;Allows installation of additional 5” HVAR rockets.;
modification/bd-4_bc;БД-4;
modification/bd-4_bc/desc;Allows installation of up to 3000 kg bombs.;
modification/kd4_181;КД-4-181;
modification/kd4_181/desc;Allows installation of 1500 kg or 3000 kg bombs.;
modification/bd-4_1500;БД-4 1500;
modification/bd-4_1500/desc;Allows installation of 1500 kg bombs.;
modification/bd-4_3000;БД-4 3000;
modification/bd-4_3000/desc;Allows installation of 3000 kg bombs.;
modification/EEMBC_mark_1;EEMBC No. 2 Mk. 1;
modification/EEMBC_mark_1/desc;Allows installation of 1000 lb bombs.;
modification/EELBC_mark_4;EELBC No. 2 Mk. 4;
modification/EELBC_mark_4/desc;Allows installation of up to 4000 lb bombs.;
modification/nr23_turret_apit;23 mm cannon ammunition belt for armored targets;
modification/nr23_turret_apit/short;AP;
modification/nr23_turret_heit;23 mm cannon ammunition belt for air targets;
modification/nr23_turret_heit/short;Air Targets;
modification/new_compressor_r;Compressor;
modification/new_compressor_r/desc;Checking and tweaking of compressor provides maximum engine power.;
modification/new_radiator_r;Radiator;
modification/new_radiator_r/desc;Cleaning of radiator and cooling system makes engine cooling more effective.;
modification/hp_105_r;Engine;
modification/hp_105_r/desc;Rebuilding and tuning of the engine, replacement of worn engine with a new one.;
modification/structure_str_r;Airframe;
modification/structure_str_r/desc;Replacement of damaged airframe elements increases overall plane's durability and flight performance due to weight reduction. For some planes it means that you get a new plane with undamaged airframe.;
modification/new_cover_r;Cover;
modification/new_cover_r/desc;Regular maintaining of cover and replacement of damaged cover parts increases overall plane's durability and flight performance, due to weight reduction.;
modification/CdMin_Fuse_r;Fuselage Repair;
modification/CdMin_Fuse_r/desc;Replacement of damaged elements of fuselage skinning, removal of openings, and surface finish to reduce air drag.;
modification/cd_98_r;Wings Repair;
modification/cd_98_r/desc;Replacement of damaged elements of wing skin, removal of openings, and surface finish to reduce air drag.;
modification/ub_universal_r;Omni-purpose ammunition belt for 12.7 mm machine gun;
modification/ub_universal_r/short;Universal;
modification/ub_air_targets_r;12.7 mm machine gun ammunition belt for air targets;
modification/ub_air_targets_r/short;Air targets;
modification/ub_all_tracers_r;12.7 mm machine gun ammunition belt with APIT bullets;
modification/ub_all_tracers_r/short;Tracers;
modification/ub_stealth_r;12.7 mm machine gun ammunition belt for stealth attack;
modification/ub_stealth_r/short;Stealth;
modification/ub_ground_targets_r;12.7 mm machine gun ammunition belt for ground targets;
modification/ub_ground_targets_r/short;Ground targets;
modification/shvak_universal_r;Omni-purpose ammunition belt for 20 mm cannon;
modification/shvak_universal_r/short;Universal;
modification/shvak_ground_targets_r;20 mm cannon ammunition belt for ground targets;
modification/shvak_ground_targets_r/short;Ground targets;
modification/shvak_armor_targets_r;20 mm cannon ammunition belt for armored targets;
modification/shvak_armor_targets_r/short;AP;
modification/shvak_tracers_r;20 mm cannon ammunition belt with increased amount of tracer shells;
modification/shvak_tracers_r/short;Tracers;
modification/shvak_stealth_r;20 mm cannon ammunition belt for stealth attack;
modification/shvak_stealth_r/short;Stealth;
modification/mg_universal_r;Omni-purpose ammunition belt for 7.92 mm machine gun;
modification/mg_universal_r/short;Universal;
modification/mg_all_tracers_r;7.92 mm machine gun ammunition belt with tracer bullets;
modification/mg_all_tracers_r/short;Tracers;
modification/mg_stealth_r;7.92 mm machine gun ammunition belt for stealth attack;
modification/mg_stealth_r/short;Stealth;
modification/LaGG_ro-82_r;РО-82;
modification/LaGG_ro-82_r/desc;Allows installation of 6 x РС-82 rockets.;
modification/LaGG_dz-40_r;ДЗ-40;
modification/LaGG_dz-40_r/desc;Allows installation of 2 x up to 100 kg bombs.;
modification/i_180_der_31;Дер-31;
modification/i_180_der_31/desc;Allows installation of 2 x up to 100 kg bombs.;
modification/f-82_gunpod;NAGP Mk 1 Mod 0;
modification/f-82_gunpod/desc;Allows installation of 1 x NAGP Mk 1 Mod 0 gun pod.;
modification/dgp-1_gunpod;DGP-1;
modification/dgp-1_gunpod/desc;Allows installation of 2 x DGP-1 gun pods.;
modification/b-29_sbc;SBC-40;
modification/b-29_sbc/desc;Allows installation of additional 500 lb bombs.;
modification/b-29_mbc;MBC-12;
modification/b-29_mbc/desc;Allows installation of 1000 lb bombs.;
modification/b-29_lbc;LBC-8;
modification/b-29_lbc/desc;Allows installation of 2000 lb bombs.;
modification/EEMBC_mark_2;EESBC No. 2 Mk. 2;
modification/EEMBC_mark_2/desc;Allows installation of 500 lb bombs.;
modification/EELBC_mark_3;EELBC No. 1 Mk. 3;
modification/EELBC_mark_3/desc;Allows installation of 1000 lb bombs.;
modification/EERC_mark_1;EERC No. 3 Mk. 1;
modification/EERC_mark_1/desc;Allows installation of 5” HVAR rockets.;
modification/EERC_mark_2;EERC No. 3 Mk. 2;
modification/EERC_mark_2/desc;Allows installation of additional 5â€ HVAR rockets.;
modification/Bf-109G-14_R5;Bf 109 G-14/R5;
modification/Bf-109G-14_R5/desc;Allows installation of 2 x Flugzeugmaschinengewehr 108 cannons under the wings.;
modification/Bf-109G-14_SC250;ETC 500 IXb I;
modification/Bf-109G-14_SC250/desc;Allows installation of 1 x 250 kg bomb.;
modification/Bf-109G-14_MK108_mod;Bf 109 G-14/U4;
modification/Bf-109G-14_MK108_mod/desc;Allows installation of Flugzeugmaschinengewehr 108 cannon.;
modification/Bf-109G-14_R6;Bf 109 G-14/R6;
modification/Bf-109G-14_R6/desc;Allows installation of 2 x Flugzeugmaschinengewehr 151/20 cannons under the wings.;
modification/Bf-109_R4;Bf 109 K-4/R4;
modification/Bf-109_R4/desc;Allows installation of 2 x Flugzeugmaschinengewehr 151/20 cannons under the wings.;
modification/il_28sh_upk23_gunpod;УПК-23-250;
modification/il_28sh_upk23_gunpod/desc;Allows installation of 2 x УПК-23-250 gun pods.;
modification/yak_38_upk23_gunpod;УПК-23-250;
modification/yak_38_upk23_gunpod/desc;Allows installation of УПК-23-250 gun pods.;
modification/yak_38_vspu_36_gunpod;ВСПУ-36;
modification/yak_38_vspu_36_gunpod/desc;Allows installation of ВСПУ-36 gun pod.;
modification/su_guv_8700;ГУВ-8700;
modification/su_guv_8700/desc;Allows installation of ГУВ-8700 gun pods.;
modification/su_17_sppu_22_gunpod;СППУ-22-01;
modification/su_17_sppu_22_gunpod/desc;Allows installation of СППУ-22-01 gun pods.;
modification/su_sppu_6_gunpod;СППУ-6;
modification/su_sppu_6_gunpod/desc;Allows installation of СППУ-6 gun pod.;
modification/fr_mirage_f1c_cc_420_gunpod;CC-420;
modification/fr_mirage_f1c_cc_420_gunpod/desc;Allows installation of CC-420 gun pods.;
modification/fr_cc630_gun_pod;CC-630;
modification/fr_cc630_gun_pod/desc;Allows installation of CC-630 gun pods.;
modification/fr_cc422_gun_pod;CC-422
modification/fr_cc422_gun_pod/desc;Allows installation of CC-422 gun pods.
modification/mk4_mod0_gunpod;Gun Pod Mk 4 Mod 0;
modification/mk4_mod0_gunpod/desc;Allows installation of Mk 4 Mod 0 gun pods.;
modification/pk3_gunpod;PK-3
modification/pk3_gunpod/desc;Allows installation of PK-3 gun pods.
modification/ka_29_2a42;2A42;
modification/ka_29_2a42/desc;Allows installation of 2A42 autocannon.;
modification/uh_1c_xm18;M18A1;
modification/uh_1c_xm18/desc;Allows installation of M18A1 gun pod.;
modification/uh_1c_xm21;XM21;
modification/uh_1c_xm21/desc;Allows installation of XM21 gun pod.;
modification/ah_1g_xm35;XM35;
modification/ah_1g_xm35/desc;Allows installation of XM35 gun pod.;
modification/f4c_suu_23a;SUU-23/A;
modification/f4c_suu_23a/desc;Allows installation of SUU-23/A gun pods.;
modification/us_suu_16a;SUU-16/A;
modification/us_suu_16a/desc;Allows installation of SUU-16/A gun pods.;
modification/a_7d_gpu_5a;GPU-5/A;
modification/a_7d_gpu_5a/desc;Allows installation of GPU-5/A gun pods.;
modification/us_gpu_2a;GPU-2/A;
modification/us_gpu_2a/desc;Allows installation of GPU-2/A gun pods.;
modification/us_gau_19;GP-19;
modification/us_gau_19/desc;Allows installation of GP-19 gun pod.;
modification/us_cannon_lr30;LR30;
modification/us_cannon_lr30/desc;Allows installation of LR30 cannon.;
modification/fn_hmp400_lcc;FN HMP400 LCC / LTC;
modification/fn_hmp400_lcc/desc;Allows installation of FN HMP400 LCC and LTC gun pods.;
modification/fn_hmp400;FN HMP400 LCC;
modification/fn_hmp400/desc;Allows installation of FN HMP400 LCC gun pods.;
modification/uk_mgp;MGP;
modification/uk_mgp/desc;Allows installation of MGP gun pods.;
modification/fn_rmp_lc;FN RMP LC / LTC;
modification/fn_rmp_lc/desc;Allows installation of FN RMP LC and LTC gun pods.;
modification/fn_rmp;FN RMP LC;
modification/fn_rmp/desc;Allows installation of FN RMP LC gun pods.;
modification/ffv_uni_pod;FFV UNI-Pod;
modification/ffv_uni_pod/desc;Allows installation of FFV UNI-Pod 0127 gun pods.;
modification/il_28sh_s24;С-24;
modification/il_28sh_s24/desc;Allows installation of С-24 rockets.;
modification/in_nasser_240;Nasser 240
modification/in_nasser_240/desc;Allows installation of Nasser 240 rockets.
modification/su_17_s25;О-25Л;
modification/su_17_s25/desc;Allows installation of С-25 rockets.;
modification/su_s25_s13;С-25 / С-13
modification/su_s25_s13/desc;Allows installation of С-25 and С-13 rockets.
modification/il_28sh_ub_16_57;УБ-16-57;
modification/il_28sh_ub_16_57/desc;Allows installation of С-5 rockets.;
modification/itc_500;ITC PVC II;
modification/itc_500/desc;Allows installation of 500 kg bombs.;
modification/itc_1000;ITC PVC III;
modification/itc_1000/desc;Allows installation of 1000 kg bombs.;
modification/mg81gunpod_mod;WB 81B;
modification/mg81gunpod_mod/desc;Allows installation of 2 x WB 81B gun pods.;
modification/mg15120gunpod_mod;WB 151;
modification/mg15120gunpod_mod/desc;Allows installation of 2 x WB 151 gun pods.;
modification/mg15120gunpod_mod_bf110;Bf 110/M1;
modification/mg15120gunpod_mod_bf110/desc;Allows installation of 1 x WB 151 gun pod.;
modification/do-335a-0_mg15115_mod;Flugzeugmaschinengewehr 151/15;
modification/do-335a-0_mg15115_mod/desc;Allows installation of 1 x Flugzeugmaschinengewehr 151/15.;
modification/turnTurretSpeedK_change;%s to turret slewing rate;
modification/gunPitchSpeedK_change;%s to guns lifting speed;
modification/maxInclination_change;%s to maximum inclination;
modification/maxDeltaAngleK_change;%s to the horizontal weapon spread;
modification/maxDeltaAngleVerticalK_change;%s to the vertical weapon spread;
modification/maxBrakeForceK_change;%s to brake force;
modification/suspensionDampeningForceK_change;%s to suspension damping;
modification/timeToBrake_change;%s to full stop;
modification/distToBrake_change;%s to braking distance;
modification/trackFricFrontalK_change;%s to traction characteristics;
modification/accelTime_change;%s to acceleration time;
modification/viewDist_change;%s to crew's visual range;
modification/respawnCost_change;%s reducing the aircraft respawn cost (in SP);
modification/itc250;EHVC 500;
modification/itc250/desc;Allows installation of 250 kg bombs.;
modification/itc250_add;EHVC 500 II;
modification/itc250_add/desc;Allows installation of additional 250 kg bombs.;
modification/blackburn_tc;FTC Mk. IV;
modification/blackburn_tc/desc;Allows installation of 1 torpedo.;
modification/mb_175_lbt_130;LBT 130;
modification/mb_175_lbt_130/desc;Allows installation of 1 torpedo.;
modification/partHpMult_change;%s to overall module strength;
modification/etc502_pylon;ETC 502;
modification/etc502_pylong/desc;Allows installation of torpedo.;
modification/etc500_3_mod;ETC 500 III;
modification/etc500_3_mod/desc;Allows installation of 500 kg bombs.;
modification/etc1000_1_mod;ETC 1000 I;
modification/etc1000_1_mod/desc;Allows installation of 1000 kg bombs.;
modification/subc_mk1;SUBC Mk. I;
modification/subc_mk1/desc;Allows installation of 500 lb bombs.;
modification/subc_mk3;MBC Mk. III;
modification/subc_mk3/desc;Allows installation of 1000 lb bombs.;
modification/subc_mk3_2;MBC Mk. III/II;
modification/subc_mk3_2/desc;Allows installation of additional 1000 lb bombs.;
modification/blackoutG_change;%s to max positive G-force;
modification/redoutG_change;%s to max negative G-force;
plane_engine_type;Type;
plane_engine_type/inline;Inline;
plane_engine_type/radial;Radial;
plane_engine_type/jet;Jet;
plane_engine_type/rocket;Rocket;
plane_engine_type/pvrd;Ramjet;
plane_engine_type/turboprop;Turboprop;
plane_engine_type/turboshaft;Turboshaft;
plane_engine_type/unknown;Unknown;
plane_engine_cooling_type;Cooling type;
plane_engine_cooling_type_air;Air;
plane_engine_cooling_type_water;Water;
engine_power;Power;
engine_thrust;Thrust;
measureUnits/kgf;kgf;
engine_manufacturer/maybach;Maybach;
engine_manufacturer/gnome_et_rhone;Gnome et Rhône;
engine_manufacturer/junkers;Junkers;
engine_model/jumo004d;Jumo 004D;
engine_model/14m4/5;14M 4/5;
engine_model/hl230p30;HL230 P30;
engine_model/mitsubishi_10zf_22wt;10ZF 22WT;
engine_configuration/v12;V12;
engine_type/petrol;Petrol;
engine_type/diesel;Diesel;
engine_type/gasturbine;Gas turbine;
engine_cylinders_postfix;-cylinder;
engine_displacement;Displacement;
measureUnits/displacement;{num} {num=liter/liters};
fuelTank/selfsealing;Self-sealing;
fuelTank/not_selfsealing;Not self-sealing;
engine_power_takeoff;Takeoff power;
engine_thrust_takeoff;Takeoff thrust;
engine_thrust_afterburner;Afterburner thrust;
engine_power_max;Max power;
engine_thrust_max;Max thrust;
radar;Radar;
radar_irst;Radar/IRST;
irst;IRST;
radar_tv;Radar/TV Tracker;
tv;TV Tracker;
radar_type;Type;
search_radar;Search Radar;
search_radar_irst;Search Radar/IRST;
search_irst;Search IRST;
search_radar_tv;Search Radar/TV;
search_tv;Search TV;
track_radar;Tracking Radar;
track_radar_irst;Tracking Radar/IRST;
track_irst;Tracking IRST;
track_radar_tv;Tracking Radar/TV;
track_tv;TV Tracker;
radar_range_finder;Radar Rangefinder;
radar_freq_band;Band;
radar_freq_band_0;A;
radar_freq_band_1;B;
radar_freq_band_2;C;
radar_freq_band_3;D;
radar_freq_band_4;E;
radar_freq_band_5;F;
radar_freq_band_6;G;
radar_freq_band_7;H;
radar_freq_band_8;I;
radar_freq_band_9;J;
radar_freq_band_10;K;
radar_freq_band_11;L;
radar_freq_band_12;M;
radar_range_max;Range;
radar_search_zone_max;Search Zone;
radar_air_search;Air Search
radar_ld;Look-Down;
radar_ld_head_on;Look-Down: Head On;
radar_ld_head_on_velocity;Look-Down: Head On (Velocity);
radar_ld_all_aspects;Look Down: All Aspect;
radar_lu;Look-Up;
radar_surface_search;Surface Search
radar_gtm;GTM
radar_sea;Sea
radar_gmti;GMTI
radar_tws;TWS;
radar_tws_plus;TWS+
radar_tws_esa;TWS ESA
radar_ram;RAM;
radar_iff;IFF;
radar_bvr_mode;BVR;
radar_acm_mode;ACM;
radar_hms_mode;HMD;
radar_nctr;NCTR, types
radar_sarh;SARH;
radar_mg;Missile Guidance;
radar_dl_channels;Datalink Channels;
rwr_threats_types;Threat Types;
rwr_tracked_threats_max;Max Tracked Targets;
rwr_tracking_detection;Tracking Detection;
rwr_launch_detection;Launch Detection;
rwr_tracking_threats_types;Tracking Threat Types;
rwr_launching_threats_types;Launching Threat Types;
rwr_scope_id_threats_types;Identified Threats on Scope;
rwr_present_id_threats_types;Identified Threats;
rwr_threats_unlimited;Unlimited;
rwr_signal_strength;Signal Strength;
rwr_iff;IFF;
mlws_type;Type
mlws_type_radar;Radar
mlws_type_ir;Optic
mlws_range_max;Range
mlws_range_finder;Rangefinder
avionics_sight_turret;Turret;
avionics_sight_cannon;Cannons;
avionics_sight_rocket;Rockets;
avionics_sight_bomb;Bombs;
avionics_sight_vision/tv;TV;
avionics_sight_vision/lltv;LLTV;
avionics_sight_vision/flir;FLIR;
avionics_sensor_radar;Radar;
avionics_sensor_irst;IRST;
avionics_sensor_tv;TV;
avionics_sensor_radar_irst;Radar/IRST;
avionics_sensor_rwr;RWR;
avionics_sensor_lws;LWS;
avionics_sensor_mlws;MAW;
avionics_aim_spi;SPI;
avionics_hmd;HMD;
avionics_aim_laser_designator;Laser Designator;
avionics_countermeasure_ircm;IRCM;
avionics_auto_cm;Auto CM
avionics_auto_cm_by_rwr;RWR
avionics_auto_cm_by_mlws;MAW
avionics_auto_cm_sensors;Sensors
avionics_auto_cm_programs;Programs
CCIP;CCIP;
sight_AUTO;EEGS;
CCRP;CCRP;
fuelTank/neutralGasSystem;Neutral gas pressurization system
fuelTank/fillingPolyurethane;Polyurethane filling
engine_manufacturer/klimov;Климов;
engine_manufacturer/detroit;Detroit Diesel
engine_manufacturer/cummins;Cummins
engine_manufacturer/navistar;Navistar
engine_model/maxxforce_13;MaxxForce 13
engine_model/vk_105p;ВК-105П;
engine_model/vk_105pf;ВК-105ПФ;
engine_model/vk_105r;ВК-105Р;
engine_model/vk_107a;ВК-107A;
engine_model/gtd_1000tf;ГТД-1000TФ;
engine_model/isbe_285;ISBe 285
engine_model/8v92ta;8V92TA
engine_model/gtd_1250;ГТД-1250;
engine_model/6td1;6ТД-1;
engine_model/6td2;6ТД-2
engine_model/udt_23t;УТД-23;
engine_manufacturer/shvetsov;Швецов;
engine_model/s12u;S12U;
engine_manufacturer/pzl_wola;PZL-Wola;
engine_model/M-82;АШ-82;
engine_model/M-82-f;АШ-82Ф;
engine_model/M-82-fn;АШ-82ФН;
engine_model/rd-10;РД-10;
engine_model/rd-500;РД-500;
engine_model/rd-20;РД-20A-2;
engine_model/rd-45f;РД-45Ф;
engine_model/vk-1;ВК-1;
engine_model/tv3_117v;ТВ3-117В;
engine_manufacturer/hpz;ХПЗ;
engine_model/d12;D12
engine_model/d13;D13
engine_manufacturer/volvo;Volvo
engine_model/v_2_is;В-2-ИС;
engine_model/5tdf;5ТДФ;
engine_manufacturer/chtz;ЧКЗ;
engine_model/mt_881_ka_500;MT 881 Ka-500
engine_manufacturer/general_motors;General Motors
engine_model/td_12;TD-12
engine_manufacturer/iveco;Iveco
engine_model/12150L;12150L;
engine_manufacturer/CNGC;CNGC;
engine_model/v_44;В-44;
engine_model/v_54;В-54;
engine_model/v_55v;В-55В;
engine_model/v_46_2s1;В-46-2С1;
engine_model/v_46_5m;В-46-5M;
engine_model/v_46_6;В-46-6;
engine_model/v_84_1;В-84-1;
engine_model/v_84_2s1;В-84-2С1
engine_model/v_84_amc;В-84АМС
engine_model/v_84_DT;В-84ДТ
engine_model/v_92s2;В-92S2;
engine_model/6v_53t;6V53T
engine_model/v_92s2f;В-92S2Ф;
engine_model/8v_150;8V150
engine_model/j60_no1_mk100b;Jaguar J.60 No. 1 Mk. 100B
engine_model/8va_34twk;8VA 34WTK;
engine_model/iveco_8262_6v;8262 6V
engine_model/2v_06_2;2В-06-2;
engine_model/2v_06_2s;2В-06-2С;
engine_manufacturer/yamz;ЯМЗ;
engine_model/238v;238В;
engine_manufacturer/transmash;Трансмаш;
engine_model/utd_29;УТД-29;
engine_model/utd_29t_01;УТД-29Т-01;
engine_model/wp_13;WP13.550/605
engine_model/utd_20;УТД-20;
engine_model/zis_16;ЗиС-16;
engine_manufacturer/utmz;УЗТМ;
engine_model/2dg_8m;2ДГ-8М;
engine_manufacturer/kamaz;КамАЗ;
engine_manufacturer/man;MAN
engine_model/740_632_400;740.632-400;
engine_model/d2066;D2066
engine_model/dxi11;DXi 11
engine_manufacturer/lycoming_engines;Lycoming Engines;
engine_model/t53_l_11;T53-L-11;
engine_model/t53_l_703;T53-L-703;
engine_model/m-11d;M-11D;
engine_model/m-25a;M-25A;
engine_manufacturer/gnome-rhone;Gnome et Rhône;
engine_model/m-22;M-22;
engine_model/m-25v;M-25В;
engine_model/m-62;M-62;
engine_model/m-63;M-63;
engine_manufacturer/mikulin;Микулин;
engine_model/am-35;АМ-35А;
engine_model/m-71;М-71;
engine_model/m-88;М-88;
engine_model/am-38;АМ-38;
engine_model/am-38f;АМ-38Ф;
engine_model/am-42;АМ-42;
engine_model/am-71f;М-71Ф;
engine_model/m-100;М-100;
engine_model/m-100a;М-100А;
engine_model/m-103a;М-103А;
engine_manufacturer/hispano-suiza;Hispano-Suiza;
engine_manufacturer/charomskiy;Чаромский;
engine_model/ach-30;АЧ-30;
engine_model/ash-73tk;АЧ-73TK;
engine_manufacturer/nakajima;中島;
engine_model/wj-6;WJ6
engine_manufacturer/weijiang;SAMIC
engine_model/kotobuki_41;寿四一型;
engine_model/sakae_12;栄一二型;
engine_model/sakae_21;栄二一型;
engine_model/sakae_22;栄二二型;
engine_manufacturer/mitsubishi;三菱;
engine_model/ha_32_mod_23;火星二三型;
engine_model/ha_43_11;ハ43-11;
engine_model/homare_21;誉二一型;
engine_model/homare_23;誉二三型;
engine_model/kasei_26;火星二六型;
engine_model/ne_20;ネ20;
engine_model/ha_43_32;ハ43-32;
engine_model/ha_104;ハ104;
engine_model/10zg32wt;10ZG32WT;
engine_manufacturer/general_electric;General Electric;
engine_model/j47_ge_27;J47-GE-27;
engine_manufacturer/kawasaki;川崎;
engine_model/ha9_IIa;ハ9-II甲;
engine_model/type_99;99式;
engine_model/ha_115;ハ115;
engine_model/ha_34_mod_01;ハ41;
engine_model/ha_109;ハ109;
engine_model/ha_40;ハ40;
engine_model/ha_140;ハ140;
engine_model/ha_112_2;ハ112-2;
engine_model/ha_112;ハ112;
engine_manufacturer/toko;特;
engine_model/ro_2;呂二号;
engine_model/ha_102;ハ102;
engine_model/ha_211_ru;ハ211ル;
engine_model/zuisei_13;瑞星13型;
engine_model/zuisei_11;瑞星11型;
engine_model/kinsei_44;金星44型;
engine_model/sakae_11;栄一一型;
engine_model/homare_12;誉一二型;
engine_model/ne_330;ネ330;
engine_model/ha_5;ハ5;
engine_model/kinsei_43;金星43型;
engine_model/kasei_22;火星二二型;
engine_model/kasei_15;火星一五型;
engine_model/ha_41;ハ41;
engine_model/mamoru_12;護一二型;
engine_model/nk9k_l;誉二四ル型;
engine_model/nk9h;誉二一型;
engine_model/ha_219ru;ハ219ル;
engine_model/ha_32;ハ32;
engine_model/jumo210c;Jumo 210C;
engine_manufacturer/p&w;Pratt & Whitney;
engine_model/r1340-27;R-1340-27;
engine_model/r1340-33;R-1340-33;
engine_model/r1830-17;R-1830-17;
engine_manufacturer/allison;Allison;
engine_model/1710-29;V-1710-29;
engine_model/1710-35;V-1710-35;
engine_model/1710-75;V-1710-75;
engine_model/1710-91;V-1710-91;
engine_model/1710-113;V-1710-113;
engine_model/1710-27;V-1710-27;
engine_model/1710-51;V-1710-51;
engine_model/1710-89;V-1710-89;
engine_model/1710-111;V-1710-111;
engine_model/1710-95;V-1710-95;
engine_model/1710-39;V-1710-39;
engine_model/1710-85;V-1710-85;
engine_model/r2800-63;R-2800-63;
engine_model/r2800-65;R-2800-65;
engine_model/1710-93;V-1710-93;
engine_model/1710-117;V-1710-117;
engine_model/1710-87;V-1710-87;
engine_model/1710-81;V-1710-81;
engine_model/r2800-73;R-2800-73;
engine_model/r2800-75;R-2800-75;
engine_model/r2800-57c;R-2800-57C;
engine_manufacturer/packard;Packard;
engine_model/1650-7;V-1650-7;
engine_model/1710-145;V-1710-145;
engine_model/1710-143;V-1710-143;
engine_model/j33-a-17;J33-A-17;
engine_model/j33-a-35;J33-A-35;
engine_model/j35-a-15;J35-A-15;
engine_model/j35-a-29;J35-A-29;
engine_model/j47_ge_13;J47-GE-13;
engine_manufacturer/wright;Wright;
engine_model/r-1820_04;Cyclone R-1820-04;
engine_model/r-1820g2;Cyclone R-1820G2;
engine_model/r-1820-22;Cyclone R-1820-22;
engine_model/r-1820-33;Cyclone R-1820-33;
engine_model/r-1820-34;Cyclone R-1820-34;
engine_model/r-1820-40;Cyclone R-1820-40;
engine_model/r-1820-62;Cyclone R-1820-62
engine_model/r1830-86;R-1830-86;
engine_model/r1830-94;R-1830-94;
engine_model/r2800-10;R-2800-10;
engine_model/r2800-8w;R-2800-8W;
engine_model/r2800-22w;R-2800-22W;
engine_model/r2800-34w;R-2800-34W;
engine_manufacturer/westinghouse;Westinghouse;
engine_model/j34-we-34;J34-WE-34;
engine_model/j42-p-8;J42-P-8;
engine_model/j42-p-5;J42-P-5;
engine_model/j42-p-8a;J42-P-8A;
engine_model/r985-48;R-985-48;
engine_model/r-1820-52;Cyclone R-1820-52;
engine_model/r-2600-23;R-2600-23;
engine_model/r-2600-20;R-2600-20;
engine_model/r-2600-8;R-2600-8;
engine_model/r-2600-29;R-2600-29;
engine_model/r-3350;R-3350;
engine_model/r-3350-26wd;R-3350-26WD;
engine_model/r-3350-26w;R-3350-26W;
engine_model/r-3350-26wa;R-3350-26WA;
engine_model/r1830-92;R-1830-92;
engine_model/r1830-64;R-1830-64;
engine_model/r-1820-53;Cyclone R-1820-53;
engine_model/r-1820-65;R-1820-65;
engine_model/r-1820-97;R-1820-97;
engine_model/r1830-65;R1830-65;
engine_model/r-3350-57;R-3350-57;
engine_model/j65-w-5;J65-W-5;
engine_model/j65-w-16a;J65-W-16A;
engine_model/r-3350-14;R-3350-14;
engine_model/r-1820-67;R-1820-67;
engine_model/r-1820-69;R-1820-69;
engine_model/r2800-27;R-2800-27;
engine_manufacturer/rolls-royce;Rolls-Royce;
engine_model/kestrel;Kestrel;
engine_model/merlin-3;Merlin Mk. III;
engine_model/merlin-20;Merlin Mk. XX;
engine_model/merlin-24;Merlin Mk. 24;
engine_model/eagle_viii;Eagle Mk. VIII
engine_model/iii_a;IIIa
engine_model/bd;Bd
engine_manufacturer/napier;Napier;
engine_model/sabre-2a;Sabre Mk. IIA;
engine_model/sabre-2;Sabre Mk. II;
engine_manufacturer/bristol;Bristol;
engine_model/centaurus-5;Centaurus Mk. V;
engine_model/orpheus_mk_801;Orpheus Mk. 801;
engine_model/orpheus_mk_803;Orpheus Mk. 803;
engine_manufacturer/de-haviland;de Haviland;
engine_model/goblin-2;Goblin Mk. II;
engine_model/goblin-3;Goblin Mk. 3;
engine_model/ghost_103;Ghost Mk. 103;
engine_model/avon_113;Avon Mk. 113;
engine_model/mercury-ix;Mercury Mk. IX;
engine_model/merlin-12;Merlin Mk. XII;
engine_model/merlin-45;Merlin Mk. 45;
engine_model/merlin-45m;Merlin Mk. 45M;
engine_model/merlin-61;Merlin Mk. 61;
engine_model/merlin-66;Merlin Mk. 66;
engine_model/merlin-68a;Merlin Mk. 68A;
engine_model/merlin-266;Merlin Mk. 266;
engine_model/griffon-65;Griffon Mk. 65;
engine_model/griffon-61;Griffon Mk. 61;
engine_model/derwent-8;Derwent Mk. 8;
engine_model/derwent-2;Derwent Mk. 2;
engine_model/derwent-5;Derwent Mk. 5;
engine_model/derwent_1;Derwent Mk. 1
engine_model/derwent;Derwent;
engine_model/griffon-2;Griffon Mk. 2;
engine_model/griffon-74;Griffon Mk. 74;
engine_model/centaurus-9;Centaurus Mk. IX;
engine_model/griffon-6;Griffon Mk. VI;
engine_model/griffon-88;Griffon Mk. 88;
engine_model/centaurus-18;Centaurus Mk. XVIII;
engine_model/nene-3;Nene Mk. 3;
engine_model/viper-535;Viper Mk. 535;
engine_model/mercury-xv;Mercury Mk. XV;
engine_model/s3c4-g;S3C4-G;
engine_model/hercules-vi;Hercules Mk. VI;
engine_model/hercules-III;Hercules Mk. III;
engine_model/hercules-xvii;Hercules Mk. XVII;
engine_model/merlin-25;Merlin Mk. 25;
engine_model/centaurus-57;Centaurus Mk. 57;
engine_model/pegasus_iii_m3;Pegasus Mk. III M3;
engine_model/pegasus_xviii;Pegasus Mk. XVIII;
engine_model/hercules_xi;Hercules Mk. XI;
engine_model/hercules_vi;Hercules Mk. VI;
engine_model/hercules_xvi;Hercules Mk. XVI;
engine_model/merlin-28;Merlin Mk. 28;
engine_model/avon_101;Avon Mk. 101;
engine_model/avon_109;Avon Mk. 109;
engine_model/s1h1;S1H1-G;
engine_model/s3cg;S3CG;
engine_manufacturer/armstrong_siddeley;Armstrong Siddeley;
engine_model/pyton_3;Python Mk. 3;
engine_model/12y45;12Y-45;
engine_manufacturer/avro_canada;Avro Canada;
engine_model/orenda_10;Orenda Mk. 10;
engine_model/am_34n;АМ-34Н;
engine_model/m_17;M-17;
engine_model/jumo_213a;Jumo 213A;
engine_manufacturer/bmw;BMW;
engine_model/bmw_6;VI;
engine_model/jumo_210d;Jumo 210D;
engine_model/jumo_210e;Jumo 210E;
engine_manufacturer/daimler_benz;Daimler-Benz;
engine_model/db_601a;DB-601A;
engine_model/db_601n;DB-601N;
engine_model/db_601e;DB-601E;
engine_model/db_605a;DB-605A;
engine_model/db_605am;DB-605AM;
engine_model/db_605asm;DB-605ASM;
engine_model/db_605db;DB-605DB;
engine_model/db_605dc;DB-605DC;
engine_model/db_610;DB-610;
engine_manufacturer/walter;Walter;
engine_model/hwk_109_509a-2;HWK 109-509A-2;
engine_model/jumo004b-1;Jumo 004B-1;
engine_model/bmw_003;003;
engine_model/bmw_003r;003-R;
engine_model/bmw_003e;003-E;
engine_manufacturer/fiat;Fiat;
engine_model/a74;A74;
engine_model/bmw_801_c1;801 C1;
engine_model/bmw_801_d2;801 D2;
engine_model/jumo_213e1;Jumo-213E1;
engine_model/db_603la;DB-603LA;
engine_model/db_603u;DB-603U;
engine_model/mtca;MTCA 12V;
engine_manufacturer/alfa_romeo;Alfa Romeo;
engine_model/ra_1000_rc_41;R.A.1000 RC.41;
engine_model/bramo_323;Bramo 323P;
engine_model/bmw_801_ml;801 ML;
engine_model/db_603a;DB-603A;
engine_model/db_603qa;DB-603QA;
engine_model/db_603qe;DB-603QE;
engine_model/db_603e;DB-603E;
engine_model/132a;132A;
engine_model/jumo_211d;Jumo 211D;
engine_model/jumo_211j;Jumo 211J;
engine_manufacturer/gnome_rhone;Gnome et Rhône;
engine_model/baumuster_14m;Baumuster 14M;
engine_model/iv_7_3;IV 7.3;
engine_model/jumo_211f;Jumo 211F;
engine_model/jumo_211b_1;Jumo 211B-1;
engine_model/126_rc_34;126 RC 34;
engine_model/k14_mistral;K-14;
engine_model/132h;132H;
engine_model/bmw_801_d;801 D;
engine_manufacturer/argus;Argus;
engine_model/as_410;AS 410;
engine_model/1710-77;V-1710-77;
engine_model/r2800-31;R-2800-31;
engine_model/ha_112_2ru;ハ112-IIル;
engine_model/kasei_14;火星一四型;
engine_model/j48-p-8a;J48-P-8A;
engine_model/hwk_109_509s;HWK 109-509s;
engine_model/bmw_109-718;BMW 109-718;
engine_model/r2800-79;R-2800-79;
engine_model/rd-20f;РД-21;
engine_model/vk_105pf2;ВК-105ПФ-2;
engine_model/r-1820-95;R-1820-95;
engine_model/RC.41;A80 RC.41;
engine_model/a-30;A30;
engine_model/a-30bis;A30 Bis;
engine_manufacturer/piaggio;Piaggio;
engine_model/P_X_R;P.X. R.
engine_model/P_XI_RC40;P.XI. R.C. 40;
engine_model/P.XII RC.35;P.XII RC.35;
engine_model/P_XI_RC40bis;P.XI.Bis R.C. 40;
engine_model/isotta;K-14fc;
engine_manufacturer/Isotta_Fraschini;Isotta Fraschini;
engine_model/jumo_210g;Jumo 210G;
engine_model/r2800-10w;R-2800-10w;
engine_model/r1830-45;R-1830-45;
engine_model/r1830-47;R-1830-47;
engine_model/atsuta_31;アツタ32型;
engine_manufacturer/atsuta;愛知;
engine_model/kinsei_62;金星62型;
engine_model/1650-9;V-1650-9;
engine_model/ash-73;АШ-73;
engine_model/ash-82v;АШ-82В;
engine_model/r3350_43;R-3350-43;
engine_model/merlin-130;Merlin Mk. 130;
engine_model/merlin-131;Merlin Mk. 131;
engine_model/r2800-18w;R-2800-18w;
engine_model/125_rc_35;125 R.C.35;
engine_model/r2800-42w;R-2800-42w;
engine_model/j48-p-6;J-48-P-6;
engine_model/bmw_801_tu;801 TU;
engine_model/12y31;12Y-31;
engine_model/12xbrs;12Xbrs;
engine_model/12xcrs;12Xcrs;
engine_model/12xgrs;12Xgrs;
engine_model/12ycrs;12Ycrs;
engine_model/14m_6;14M-6;
engine_model/14ab_10;14Ab-10;
engine_model/14ab_11;14Ab-11;
engine_model/14mars;14Mars;
engine_model/r-2600-13;R-2600-13;
engine_model/14r;14R;
engine_model/av_14_kirs;AV 14 Kirs;
engine_model/nene-mk104;Nene Mk. 104;
engine_model/atar_101c;Atar 101C;
engine_manufacturer/snecma;SNECMA;
engine_manufacturer/snecma_turbomeca_larzac;Groupement Turbomeca-SNECMA;
engine_model/04_c5;Larzac 04-C5;
engine_model/04_c6;Larzac 04-C6;
engine_model/04_c20;Larzac 04-C20;
engine_model/atar_101d3;Atar 101D3;
engine_model/atar_101e3;Atar 101E3;
engine_manufacturer/arsenal;Arsenal;
engine_model/12h-02;12H-02;
engine_model/12z;12Z;
engine_manufacturer/renault;Renault;
engine_model/12_r_03;12 R.03;
engine_model/12y29;12Y-29;
engine_model/14n-38;14N-38;
engine_model/14n-39;14N-39;
engine_model/14kfs;14Kfs;
engine_model/12Zars-15;12Zars-15;
engine_model/12Zars-16;12Zars-16;
engine_model/14n-48;14N-48;
modification/new_ship_engine;Engine Maintenance;
modification/new_ship_engine/desc;Timely maintenance of engines and their mechanisms enables high forward speed and acceleration.;
modification/new_ship_screw;Propeller Replacement;
modification/new_ship_screw/desc;Replacing the propellers increases acceleration and maximum forward speed.;
modification/new_ship_hull;Dry-Docking;
modification/new_ship_hull/desc;Cleaning the ship's bottom from seashells and algae. Increases maximum forward speed.;
modification/new_ship_rudder;Rudder Replacement;
modification/new_ship_rudder/desc;Replacing the rudder blades and steering mechanisms. Increases the ship's turning ability and decreases its turning time and radius.;
modification/ship_tool_kit;Damage Control;
modification/ship_tool_kit/desc;Damage control training. Allows more efficient repair of damaged modules.;
modification/manual_ship_extinguisher;Fire Control;
modification/manual_ship_extinguisher/desc;Fire control training. Allows more efficient extinguishing of fires.;
modification/ship_smoke_screen_system_mod;Smoke Screen;
modification/ship_smoke_screen_system_mod/desc;Allows use of smoke screen system.;
modification/new_ship_pumps;New Pumps;
modification/new_ship_pumps/desc;Augmented bilge pumps reduce the time required to pump the water out of the vessel.;
modification/ship_rangefinder;Improved Rangefinder;
modification/ship_rangefinder/desc;Increases the measurement accuracy of the distance to the enemy.;
modification/new_main_caliber_turrets;Primary Armament Targeting;
modification/new_main_caliber_turrets/desc;An augmented targeting mechanism for main armament. Increases the turn speed of the main turrets.;
modification/new_aux_caliber_turrets;Auxiliary Armament Targeting;
modification/new_aux_caliber_turrets/desc;An augmented targeting mechanism for auxiliary armament. Increases the turn speed of the auxiliary turrets.;
modification/new_aa_caliber_turrets;Anti-Air Armament Targeting;
modification/new_aa_caliber_turrets/desc;An augmented targeting mechanism for anti-air armament. Increases the turn speed of the anti-air turrets.;
modification/ship_additional_armor;Additional Armor;
modification/ship_additional_armor/desc;Sandbags and gun shields for extra protection from fire and shrapnel.;
modification/ship_anti_fragmentation_protection;Shrapnel Protection;
modification/ship_anti_fragmentation_protection/desc;Protects the inside of the vessel from shrapnel.;
modification/new_main_caliber_cannons;Gun Liner Replacement;
modification/new_main_caliber_cannons/desc;Replacing the gun liner reduces fire spread.;
engine_model/atar_101e5;Atar 101E5;
engine_model/tay_mk250;Tay Mk. 250;
modification/ship_main_caliber_support;Artillery Support;
modification/ship_main_caliber_support/desc;Battleship's main caliber support;
modification/torpedoes_movement_mode;Torpedo Mode;
modification/torpedoes_movement_mode/desc;An ability to increase the maximum torpedo travelling distance by reducing their speed;
modification/ship_depth_charge;Depth Charges;
modification/ship_depth_charge/desc;An ability to carry depth charges;
modification/ship_venting;Ventilation;
modification/ship_venting/desc;Improved ventilation of compartments decreases the crew loss in case of fire.;
modification/ship_ammo_wetting;Ammunition Wetting;
modification/ship_ammo_wetting/desc;Ammunition wetting system decreases the fire damage to ammunition.;
modification/ship_rocket_launcher;Rocket Launcher;
modification/ship_mines;Mines;
modification/ship_mines/desc;An ability to carry and set naval mines;
modification/ship_rocket_launcher/desc;Allows launching rockets or rocket-propelled bombs.;
modification/waterMassVelTime_change;%s to unwatering time;
modification/speedYawK_change;%s to main caliber gun pitch speed;
modification/speedPitchK_change;%s to main caliber turret yaw speed;
modification/mainSpeedYawK_change;%s to main caliber gun pitch speed;
modification/mainSpeedPitchK_change;%s to main caliber turret yaw speed;
modification/auxSpeedYawK_change;%s to auxiliary caliber gun pitch speed;
modification/auxSpeedPitchK_change;%s to auxiliary caliber turret yaw speed;
modification/aaSpeedYawK_change;%s to anti-air gun pitch speed;
modification/aaSpeedPitchK_change;%s to anti-air turret yaw speed;
modification/shipDistancePrecision_change;%s to rangefinder accuracy;
modification/extinguisherMinTime_change;%s to minimum fire extinguishing time;
modification/extinguisherMaxTime_change;%s to maximum fire extinguishing time;
modification/turnRadius_change;%s to turning radius;
modification/turnTime_change;%s to turning time;
modification/speedShip_change;%s to maximum forward speed;
modification/reverseSpeed_change;%s to maximum reverse speed;
modification/timeToMaxSpeed_change;%s to time to reach the maximum forward speed;
modification/timeToMaxReverseSpeed_change;%s to time to reach the maximum reverse speed;
modification/distToLiveTorpedo_change;%s to torpedo max distance;
modification/maxSpeedInWaterTorpedo_change;%s to torpedo max speed;
modification/diveDepthTorpedo_change;%s to torpedo movement depth;
engine_model/r-1535-2;R-1535-2;
engine_model/peregrine_1;Peregrine I;
engine_model/atsuta_21;アツタ21型;
engine_model/1710-33;V-1710-33;
modification/respawnCost_killScore_exp_fighter_change;{valueWithMod} SP for all fighters when a scouted target is destroyed by an ally (default value {valueWithoutMod});
modification/respawnCost_killScore_exp_assault_change;{valueWithMod} SP for all attackers when a scouted target is destroyed by an ally (default value {valueWithoutMod});
modification/respawnCost_killScore_exp_bomber_change;{valueWithMod} SP for all bombers when a scouted target is destroyed by an ally (default value {valueWithoutMod});
modification/respawnCost_hitScore_exp_fighter_change;{valueWithMod} SP for all fighters when a scouted target is critically damaged by an ally (default value {valueWithoutMod});
modification/respawnCost_hitScore_exp_assault_change;{valueWithMod} SP for all attackers when a scouted target is critically damaged by an ally (default value {valueWithoutMod});
modification/respawnCost_hitScore_exp_bomber_change;{valueWithMod} SP for all bombers when a scouted target is critically damaged by an ally (default value {valueWithoutMod});
modification/respawnCost_scoutScore_exp_fighter_change;{valueWithMod} SP for all fighters when a target is scouted by a player (default value {valueWithoutMod});
modification/respawnCost_scoutScore_exp_assault_change;{valueWithMod} SP for all attackers when a target is scouted by a player (default value {valueWithoutMod});
modification/respawnCost_scoutScore_exp_bomber_change;{valueWithMod} SP for all bombers when a target is scouted by a player (default value {valueWithoutMod});
modification/respawnCost_killScore_aircrafts_change;{valueWithMod} SP for all aircraft when a scouted target is destroyed by an ally (default value {valueWithoutMod});
modification/respawnCost_hitScore_aircrafts_change;{valueWithMod} SP for all aircraft when a scouted target is critically damaged by an ally (default value {valueWithoutMod});
modification/respawnCost_scoutScore_aircrafts_change;{valueWithMod} SP for all aircraft when a target is scouted by a player (default value {valueWithoutMod});
modification/healingTimeMultiplier_change;%s to crew replenishment rate;
modification/repairSpeedMultiplier_change;%s to repair rate;
modification/extinguisherReductionTime_change;%s to fire extinguishing time;
modification/extinguisherActivationAdditionalCount_change;{valueColored} {value=additional use in battle/additional uses in battle};
modification/medicalkitAdditionalCount_change;{valueColored} {value=additional use in battle/additional uses in battle};
modification/ship_acoustic_countermeasure_system_mod;Countermeasure;
modification/score_multiprier_with_uav;When your reconnaissance UAV is in the air, SP decrease {scoreMulWithUav} {scoreMulWithUav=time/times} slower
modification/12mm_usa_M2HB_APIT_navy_ammo_pack;API-T;
modification/15mm_ger_ap_navy_ammo_pack;API-T;
modification/15mm_ger_he_navy_ammo_pack;HEI-T;
15mm_ger_ap_navy/name;API-T;
15mm_ger_he_navy/name;HEI-T;
12mm_usa_M2HB_APIT_navy/name;API-T;
12mm_usa_M2HB_AP_navy/name;AP;
modification/12mm_usa_M2HB_API_navy_ammo_pack;API;
modification/12mm_usa_M2HB_AP_navy_ammo_pack;AP;
modification/7_7mm_lewis_navy_ap_ammo_pack;AP;
modification/7_7mm_lewis_navy_incendiary_pack;API;
7_7mm_lewis_navy_ap/name;AP;
7_7mm_lewis_navy_incendiary/name;API;
13mm_type93_naval_heit/name;HEI-T;
13mm_type93_naval_heit_ammo_pack/name;HEI-T;
13mm_type93_naval_apt_ammo_pack/name;APT;
13mm_type93_naval_apt/name;APT;
20mm_ger_c38_navy_ap/name;APT;
20mm_ger_c38_navy_he/name;HET;
modification/20mm_ger_c38_navy_ap_ammo_pack;AP-T;
modification/20mm_ger_c38_navy_he_ammo_pack;HE-T;
modification/20mm_oerlikon_navy_he_ammo_pack;HE;
modification/20mm_oerlikon_navy_ap_ammo_pack;AP;
25mm_type96_naval_ap/name;AP-T;
25mm_type96_naval_incendiary/name;HEI-T;
20mm_jp_type98_naval_he/name;HE-T;
20mm_jp_type98_naval_ap/name;AP-T;
40mm_type91_naval_he/name;HE;
40mm_type91_naval_sap/name;SAP;
40mm_type91_naval_dist_fuse/name;HE-DF;
20mm_oerlikon_navy_he/name;HE;
20mm_oerlikon_navy_ap/name;AP;
modification/76mm_usa_AA_radio_fuze_ammo_pack;HE-RF;
modification/76mm_usa_navy_AP_ammo_pack;AP;
76mm_usa_navy_AP/name;AP;
88mm_ger_flak36_navy_disnant_fuse_HE/name;HE-DF;
modification/88mm_ger_flak36_navy_disnant_fuse_HE_ammo_pack;HE-DF;
modification/20mm_ger_flak38_HE_ammo_pack;HE;
modification/20mm_ger_flak38_AP_ammo_pack;AP;
20mm_ger_flak38_HE/name;HE;
20mm_ger_flak38_AP/name;AP;
37mm_ger_skc30_HE/name;Panzergranate L'spur Zerl;
37mm_ger_skc30_APHE/name;Sprengranate L/4,1 Lh 37;
modification/37mm_ger_skc30_HE_ammo_pack;Panzergranate L'spur Zerl;
modification/37mm_ger_skc30_APHE_ammo_pack;Sprengranate L/4,1 Lh 37;
37mm_ger_flak_navy_he/name;HE;
37mm_ger_flak_navy_ap/name;AP-T;
modification/37mm_ger_flak_navy_he_ammo_pack;HE;
modification/37mm_ger_flak_navy_ap_ammo_pack;AP-T;
modification/ship_mortar;Mortar;
modification/ship_mortar/desc;Mortar;
40mm_bofors_l60_navy_ap/name;AP;
40mm_bofors_l60_navy_he/name;HE;
modification/40mm_bofors_l60_navy_ap_ammo_pack;AP;
modification/40mm_bofors_l60_navy_he_ammo_pack;HE;
modification/152mm_it_naval_APHE_delayed_fuse_ammo_pack;AP (delayed fuse);
modification/152mm_it_naval_HE_delayed_fuse_ammo_pack;HE (delayed fuse);
engine_model/griffon-83;Griffon Mk. 83;
engine_model/r1830-s1c3-g;R-1830-S1C3-G;
modification/76mm_ger_dm261_HE_radio_fuse_ammo_pack;HE-RF;
25mm_2m3_he_navy/name;HE;
25mm_2m3_ap_navy/name;AP;
modification/12mm_vickers_mk5_navy_API_ammo_pack;API;
modification/12mm_vickers_mk5_navy_HEI_ammo_pack;HEI;
12mm_vickers_mk5_navy_HEI/name;HEI;
12mm_vickers_mk5_navy_API/name;API;
12mm_dshk_navy_he/name;HE;
12mm_dshk_navy_ap/name;API-T;
engine_model/ha_45_type_99;ハ25;
engine_model/ha_25_type_99;ハ25
engine_manufacturer/tumansky;Туманский;
engine_model/M-87A;М-87А;
engine_model/M-87;М-87;
modification/new_gun;New MGs and Cannons;
engine_model/kestrel_iis;Kestrel Mk. IIS;
engine_model/kestrel_iv;Kestrel Mk. IV;
engine_model/kestrel_vfp;Kestrel Mk. VFP;
engine_model/ha_43_42;ハ43-42;
modification/30mm_mk_103_38_AP_navy_ammo_pack;API;
modification/30mm_mk_103_38_APCR_navy_ammo_pack;HEI-T;
30mm_mk_103_38_AP_navy/name;API;
30mm_mk_103_38_APCR_navy/name;HEI-T;
modification/ship_bomb_mortar;Bomb mortar;
modification/ship_bomb_mortar/desc;Allows installation of a bomb mortar.;
modification/ship_pg02_new_autocannon;JM61;
modification/ship_pg02_new_autocannon/desc;Reduces rate of fire of JM61 to 450 rpm.;
modification/ship_p493_freccia_torpedoes;Torpedo Tubes;
modification/ship_p493_freccia_torpedoes/desc;Allows installation of two torpedo tubes instead of the second Cannone Breda-Bofors da 40/70.;
modification/ship_pgh1_bofors_cannon;40 mm M1;
modification/ship_pgh1_bofors_cannon/desc;Allows installation of a single 40-mm M1 in place of the 152-mm Gun-Launcher.
engine_model/ha9_IId;ハ9-II丁;
engine_model/IAR-14KIVc32;K14-IV C32;
engine_model/IAR-14KIIc32;K14-II C32;
engine_manufacturer/IAR;IAR;
engine_model/db_601f;DB-601F;
engine_model/db_605b;DB-605B;
engine_model/1650-1;V-1650-1;
engine_manufacturer/honeywell;Honeywell;
engine_model/agt_1500;AGT1500;
engine_manufacturer/perkins;Perkins;
engine_model/cv12_6a;CV12-6A;
engine_model/cv12_9a;CV12-9A;
engine_model/di_16;DI16
engine_manufacturer/mtu;MTU;
engine_model/mb_838_ca_m500;MB 873 Ka-501;
engine_model/mb_873_ka_501;MB 873 Ka-501;
engine_model/mt_883_ka_501;MT 883 Ka-501;
engine_model/mt_883;MT 883;
engine_manufacturer/wartsila;Wärtsilä;
engine_model/v8x_1500;V8X-1500;
engine_manufacturer/scania;Scania;
engine_model/dsi_14;DSI14;
engine_model/ds_16;DI16;
modification/37mm_ussr_61K_naval_AP_HE_ammo_pack;API-T;
transmission_type/auto;Automatic;
transmission_type/mech;Mechanical;
transmission_manufacturer/allison;Allison;
transmission_model/x_1100_3b;X-1100-3B;
transmission_manufacturer/perkins;Perkins;
transmission_model/x_300;X-300;
transmission_manufacturer/david_brown;David Brown;
transmission_model/tn54e;TN54E;
transmission_manufacturer/renk;Renk;
transmission_model/hswl_295;HSWL 295;
transmission_model/lsg_3000;LSG 3000;
transmission_model/mt1500;MT1500;
transmission_manufacturer/sesm;SESM;
transmission_model/esm_500;ESM 500;
transmission_manufacturer/zf;ZF
transmission_model/7hp_902;7HP902
modification/cd_98_main_rotor;Replacing helicopter blades;
modification/cd_98_main_rotor/desc;Replacement of worn helicopter blades with a new one.;
modification/cd_98_main_rotor_type2;Replacing helicopter blades;
modification/cd_98_main_rotor_type2/desc;Replacement of worn helicopter blades with a new one.;
modification/cd_98_main_rotor_type3;Replacing helicopter blades;
modification/cd_98_main_rotor_type3/desc;Replacement of worn helicopter blades with a new one.;
modification/heli_structure;Helicopter frame;
modification/heli_structure/desc;Replacement of damaged airframe elements increases overall durability and flight performance due to weight reduction.;
modification/heli_flak_jacket;Flak jacket;
modification/heli_flak_jacket/desc;Allows partial protection of the crew from fragmentation effect of flak and aerial shells.;
modification/heli_flak_jacket_and_armor;Flak jacket;
modification/heli_flak_jacket_and_armor/desc;Allows partial protection of the crew from fragmentation effect of flak and aerial shells.;
modification/mi_24_s5_2/desc;Allows installation of additional С-5 rockets.;
modification/mi_24_s5_2;УБ-16-57;
modification/mi_24_s8/desc;Allows installation of additional С-8 rockets.;
modification/mi_24_s8;Б-8В20;
modification/mi_24_s8_block/desc;Allows installation of additional С-8 rockets.;
modification/mi_24_s8_block;С-8;
modification/yak_38_b8m1/desc;Allows installation of additional С-8 rockets.;
modification/yak_38_b8m1;Б-8М1;
modification/su_s5_s8/desc;Allows installation of additional С-5 and С-8 rockets;
modification/su_s5_s8;С-5/С-8;
modification/it_al_25/desc;Allows installation of ARF/8M3 rockets.;
modification/it_al_25;ARF/8M3;
modification/mi_24_su_9M17M/desc;Allows installation of 9М17 missiles.;
modification/mi_24_su_9M17M;2П32М/К-4В;
modification/mi_8_su_9M14/desc;Allows installation of 9М14 missiles.;
modification/mi_8_su_9M14;9М14;
modification/mi_35_9M114_4/desc;Allows installation of 9М114 missiles.;
modification/mi_35_9M114_4;АПУ-8/4-У 4 (9М114);
modification/mi_35_9M114_8/desc;Allows installation of additional 9М114 missiles.;
modification/mi_35_9M114_8;АПУ-8/4-У 8 (9М120);
modification/mi_35_9M120_4/desc;Allows installation of 9М120 missiles.;
modification/mi_35_9M120_4;АПУ-8/4-У 4 (9М120);
modification/ka_52_9m120_6/desc;Allows installation of 9М120 missiles.;
modification/ka_52_9m120_6;АПУ-6;
modification/mi_35_9M120_8/desc;Allows installation of additional 9М120 missiles.;
modification/mi_35_9M120_8;АПУ-8/4-У 8 (9М114);
modification/mi_24_su_9M114/desc;Allows installation of 9М114 missiles.;
modification/mi_24_su_9M114;РП-2-149ТК;
modification/mi_24_su_9M114_2/desc;Allows installation of additional 9М114 missiles.;
modification/mi_24_su_9M114_2;РП-2-149ТК 2;
modification/mi_24_su_9M114_4/desc;Allows installation of additional 9М114 missiles.;
modification/mi_24_su_9M114_4;РП-2-149ТК 4;
modification/cn_q5_type_100/desc;Allows installation of 100 kg bombs.;
modification/cn_q5_type_100;100-2型
modification/cn_q5_type_250/desc;Allows installation of 250 kg bombs.;
modification/cn_q5_type_250;250-3型;
modification/cn_q5_type_500/desc;Allows installation of 500 kg bombs.;
modification/cn_q5_type_500;500-3型;
modification/cn_type_250_ls_6/desc;Allows installation of 250 kg bombs and LS-6/250;
modification/cn_type_250_ls_6;250 kg / LS-6/250;
modification/cn_type_500_ls_6/desc;Allows installation of 500 kg bombs and LS-6/500;
modification/cn_type_500_ls_6;500 kg / LS-6/500;
modification/su_17_ofab_100/desc;Allows installatino of 100 kg bombs.;
modification/su_17_ofab_100;ОФАБ-100-120;
modification/ofab_100m_mb/desc;Allows the installation of 100 kg bombs.
modification/ofab_100m_mb;ОФАБ-100М / МВ
modification/fab_250m_54/desc;Allows the installation of 250 kg bombs.
modification/fab_250m_54;ФАБ-250М-54
modification/fab_500m_54/desc;Allows the installation of 500 kg bombs.
modification/fab_500m_54;ФАБ-500М-54
modification/mi_24_fab_250/desc;Allows installation of 250 kg bombs.;
modification/mi_24_fab_250;ФАБ-250;
modification/su_fab_250_us_mk82/desc;Allows the installation of 250 kg and 500 lb bombs.
modification/su_fab_250_us_mk82;ФАБ-250 / Mk 82
modification/mi_24_fab_500/desc;Allows installation of 500 kg bombs.;
modification/mi_24_fab_500;ФАБ-500;
modification/su_fab_500_us_mk83/desc;Allows the installation of 500 kg and 1000 lb bombs.
modification/su_fab_500_us_mk83;ФАБ-500 / Mk 83
modification/mi_4_fab_100/desc;Allows installation of 100 kg bombs.;
modification/mi_4_fab_100;ФАБ-100;
modification/su_45_36_an_torpedo/desc;Allows installation of torpedo.;
modification/su_45_36_an_torpedo;45-36AН;
modification/su_fab_100/desc;Allows installation of 100 kg bombs.;
modification/su_fab_100;ФАБ-100;
modification/su_fab_250/desc;Allows installation of 250 kg bombs.;
modification/su_fab_250;ФАБ-250;
modification/su_fab_500/desc;Allows installation of 500 kg bombs.;
modification/su_fab_500;ФАБ-500;
modification/su_fab_1000/desc;Allows installation of 1000 kg bombs.;
modification/su_fab_1000;ФАБ-1000;
modification/su_fab_1500/desc;Allows installation of 1500 kg bombs.;
modification/su_fab_1500;ФАБ-1500М-46;
modification/fr_50kg_type_61c/desc;Allows installation of 50 kg bombs.;
modification/fr_50kg_type_61c;Type 61C;
modification/ah_1g_M129/desc;Allows installation of 40 mm M129 automatic grenade launchers.;
modification/ah_1g_M129;M129;
modification/ah_1g_M75/desc;Allows installation of 40 mm M75 automatic grenade launchers.;
modification/ah_1g_M75;M5;
modification/as_12_atgm/desc;Allows installatino of AS.12 missiles.;
modification/as_12_atgm;AS.12;
modification/ah_1_TOW/desc;Allows installation of BGM-71C missiles.;
modification/ah_1_TOW;BGM-71C;
modification/ah_1_TOW_2/desc;Allows installation of additional BGM-71C missiles.;
modification/ah_1_TOW_2;BGM-71C 2;
modification/ah_1_TOW2/desc;Allows installation of BGM-71D missiles.;
modification/ah_1_TOW2;BGM-71D;
modification/tr_umtas_x4/desc;Allows installation of L-UMTAS missiles.;
modification/tr_umtas_x4;L-UMTAS;
modification/ah_1_TOW2_2/desc;Allows installation of additional BGM-71D missiles.;
modification/ah_1_TOW2_2;BGM-71D 2;
modification/ah_1_TOW_16/desc;Allows installation of additional block with BGM-71C missiles.;
modification/ah_1_TOW_16;BGM-71C 3;
modification/ah_1_TOW_2_16/desc;Allows installation of additional block with BGM-71D missiles.;
modification/ah_1_TOW_2_16;BGM-71D 3;
modification/cn_ba_9/desc;Allows installation of Blue Arrow 9 missiles.;
modification/cn_ba_9;Blue Arrow 9;
modification/cn_akd_9/desc;Allows installation of AKD-9 missiles.;
modification/cn_akd_9;AKD-9;
modification/cn_akd_10/desc;Allows installation of AKD-10 missiles.;
modification/cn_akd_10;AKD-10;
modification/cn_cm_502kg/desc;Allows the installation of CM-502KG missiles.
modification/cn_cm_502kg;CM-502KG
modification/ah_1_m200_2/desc;Allows installation of 2.75” FFAR rockets.;
modification/ah_1_m200_2;M200A1;
modification/ah_1_m261_hydra_70/desc;Allows installation of 2.75” Hydra-70 rockets.;
modification/ah_1_m261_hydra_70;M261 LWL;
modification/uh_1_xm159/desc;Allows installation of additional 2.75” FFAR rockets.;
modification/uh_1_xm159;XM159;
modification/ah_AGM_22/desc;Allows installation of AGM-22 missiles.;
modification/ah_AGM_22;M156;
modification/mi_35_su_9M120/desc;Allows installation of 9М120 missiles.;
modification/mi_35_su_9M120;9М120;
modification/mi_28_C13/desc;Allows installation of С-13 rockets.;
modification/mi_28_C13;Б-13Л5;
modification/mi_28nm_9M123/desc;Allows installation of 9М123М missiles.;
modification/mi_28nm_9M123;9М123М;
modification/us_hydra_70/desc;Allows installation of SSWAFAR Mk 66 rockets.;
modification/us_hydra_70;LAU-61C/A;
modification/sa_ss11/desc;Allows installation of AS.11 missiles.;
modification/sa_ss11;AS.11;
modification/rb_52/desc;Allows installation of Rb 52 missiles.;
modification/rb_52;Rb 52;
modification/br_skyfire_70;AV-LM-70/7-SF / AV-LM-70/19-SF;
modification/br_skyfire_70/desc;Allows installation of AV-SF-70 rockets.;
engine_model/vk-2500-ii;VK-2500-II turboshaft;
engine_model/T700-GE-401C;T700-GE-401C turboshaft;
engine_model/am-42fb;АМ-42ФБ;
40mm_qf_mkxv_he/name;HE;
40mm_qf_mkxv_ap/name;AP;
20mm_shvak_navy_he/name;HE;
20mm_shvak_navy_ap/name;AP;
20mm_ger_mg151_20_navy_ap/name;AP;
20mm_ger_mg151_20_navy_he/name;HE;
37mm_ussr_70K_naval_HE/name;HE;
37mm_ussr_70K_naval_AP/name;AP;
modification/37mm_ussr_70K_naval_HE_ammo_pack;HE;
modification/37mm_ussr_70K_naval_AP_ammo_pack;AP;
20mm_it_breda_he/name;HE;
20mm_it_breda_ap/name;AP;
engine_manufacturer/turbomeca;Turbomeca;
engine_manufacturer/turbo_union;Turbo-Union;
engine_model/rb199_34r_mk101;RB199-34R Mk. 101;
engine_model/rb199_34r_mk103;RB199-34R Mk. 103;
engine_model/rb199_34r_mk104;RB199-34R Mk. 104;
engine_model/rb199_34r_mk105;RB199-34R Mk. 105;
engine_model/artouste_iic6;Artouste IIC6 turboshaft;
engine_model/t53l13;T53-L-13 turboshaft;
engine_model/250c20b;250-C20B turboshaft;
engine_model/250c20r3;250-C20R3 turboshaft;
engine_model/14n-66;14N-66;
engine_model/14n-67;14N-67;
30mm_ussr_naval_he/name;HE;
30mm_ussr_naval_he_frag/name;HEI;
modification/mig_15_ish_fab_250/desc;Allows installation of 250 kg bombs.;
modification/mig_15_ish_fab_250;ФАБ-250;
modification/mig_15_ish_fab_500/desc;Allows installation of 500 kg bombs.;
modification/mig_15_ish_fab_500;ФАБ-500;
modification/mig_15_ish_fab_100/desc;Allows installation of 100 kg bombs.;
modification/mig_15_ish_fab_100;ФАБ-100;
modification/uh_1d_lr68/desc;Allows installation of TDA rockets.;
modification/uh_1d_lr68;IL.68.22.I;
modification/us_2_75_in_ffar_lau_3a/desc;Allows installation of FFAR rockets.;
modification/us_2_75_in_ffar_lau_3a;LAU-3/A;
modification/us_2_75_in_ffar_lau_x6a/desc;Allows installation of FFAR rockets.;
modification/us_2_75_in_ffar_lau_x6a;Aero X-6A;
modification/us_2_75_in_ffar_lau_32/desc;Allows installation of FFAR rockets.;
modification/us_2_75_in_ffar_lau_32;LAU-32;
modification/us_2_75_in_ffar_lau_51/desc;Allows installation of FFAR rockets.;
modification/us_2_75_in_ffar_lau_51;LAU-51;
modification/us_hydra_70_lau_68/desc;Allows installation of FFAR rockets.;
modification/us_hydra_70_lau_68;LAU-68;
modification/us_2_75_in_ffar_rl_7/desc;Allows installation of FFAR rockets.;
modification/us_2_75_in_ffar_rl_7;RL-7;
modification/f4c_zuni/desc;Allows installation of 5â€ FFAR rockets.;
modification/f4c_zuni;LAU-10/A;
modification/f8u_zuni/desc;Allows installation of 5â€ FFAR rockets.;
modification/f8u_zuni;LAU-33;
modification/t2_rl4_zuni/desc;Allows installation of 5â€ FFAR rockets.;
modification/t2_rl4_zuni;RL-4;
modification/jp_jlau_3a/desc;Allows installation of FFAR rockets.;
modification/jp_jlau_3a;JLAU-3/A;
modification/mig_15bis_ish_c1of/desc;Allows installation of С-1ОФ rockets.;
modification/mig_15bis_ish_c1of;ОРО-212;
modification/swe_m49_56;m/49-56;
modification/swe_m49_56/desc;Allows installation of m/49-56 rockets.;
modification/swe_m57b;m/57;
modification/swe_m57b/desc;Allows installation of m/57 rockets.;
modification/swe_m56d;m/57d;
modification/swe_m56d/desc;Allows installation of m/56d rockets.;
modification/swe_rb24/desc;Allows installation of Rb 24 air-to-air missiles.;
modification/swe_rb24;Rb 24;
modification/swe_rb24j/desc;Allows installation of Rb 24J air-to-air missiles.;
modification/swe_rb24j;Rb 24J;
modification/swe_135mm_m70b;m/70;
modification/swe_135mm_m70b/desc;Allows installation of m/70 rockets.;
modification/swe_rb71/desc;Allows installation of Rb 71 air-to-air missiles.;
modification/swe_rb71;Rb 71;
modification/swd_rb99/desc;Allows installation of Rb 99 air-to-air missiles.
modification/swd_rb99;Rb 99;
modification/sws_flz_lwf_ll_64/desc;Allows the installation of Flz.Lwf. LL 64/79 missiles.
modification/sws_flz_lwf_ll_64;Flz.Lwf. LL 64/79
modification/us_aim_7d/desc;Allows installation of AIM-7D air-to-air missiles.;
modification/us_aim_7d;AIM-7D;
modification/us_aim_7c/desc;AIM-7C;
modification/us_aim_7c;Allows installatino of AIM-7C air-to-air missiles.;
modification/us_aim_7e/desc;Allows installation of AIM-7E air-to-air missiles.;
modification/us_aim_7e;AIM-7E;
modification/us_aim_7e2/desc;Allows installation of AIM-7E-2 air-to-air missiles.;
modification/us_aim_7e2;AIM-7E-2;
modification/us_aim_7f/desc;Allows installation of AIM-7F air-to-air missiles.;
modification/us_aim_7f;AIM-7F;
modification/us_aim_7m/desc;Allows installation of AIM-7M air-to-air missiles.;
modification/us_aim_7m;AIM-7M;
modification/us_aim_7p/desc;Allows installation of AIM-7P air-to-air missiles.
modification/us_aim_7p;AIM-7P
modification/us_aim_54a/desc;Allows installation of AIM-54A air-to-air missiles.;
modification/us_aim_54a;LAU-93;
modification/us_aim_54c/desc;Allows installation of AIM-54C air-to-air missiles.;
modification/us_aim_54c;LAU-132;
modification/us_aim_120a/desc;Allows installation of AIM-120A air-to-air missiles.;
modification/us_aim_120a;AIM-120A;
modification/us_aim_120b/desc;Allows installation of AIM-120B air-to-air missiles.;
modification/us_aim_120b;AIM-120B;
modification/us_aim_120c/desc;Allows installation of AIM-120C air-to-air missiles.
modification/us_aim_120c;AIM-120C
modification/sa_r_darter/desc;Allows installation of R-Darter air-to-air missiles.;
modification/sa_r_darter;R-Darter;
modification/il_derby/desc;Allows installation of יברד air-to-air missiles.;
modification/il_derby;יברד
modification/it_aspide/desc;Allows installation of Aspide 1A air-to-air missiles.;
modification/it_aspide;Aspide;
modification/ir_sedjil/desc;Allows installation of لیجس air-to-air missiles.;
modification/ir_sedjil;لیجس
modification/ir_fakour_90/desc;Allows installation of 90 روکف air-to-air missiles.;
modification/ir_fakour_90;90 روکف;
modification/ir_yasser/desc;Allows installation of رسای rockets.;
modification/ir_yasser;رسای
modification/uk_skyflash/desc;Allows installation of Skyflash air-to-air missiles.;
modification/uk_skyflash;Skyflash;
modification/uk_skyflash_temp/desc;Allows installation of Skyflash SuperTEMP air-to-air missiles.;
modification/uk_skyflash_temp;Skyflash SuperTEMP;
modification/us_aim_4g/desc;Allows the installation of AIM-4G air-to-air missiles.
modification/us_aim_4g;AIM-4G
modification/us_aim_4f/desc;Allows the installation of AIM-4F air-to-air missiles.
modification/us_aim_4f;AIM-4F
modification/us_aim_9b/desc;Allows installation of AIM-9B air-to-air missiles.;
modification/us_aim_9b;AIM-9B;
modification/us_aim_9b_fgw_2/desc;Allows installation of AIM-9B/FGW Mod. 2 air-to-air missiles.;
modification/us_aim_9b_fgw_2;AIM-9B/FGW Mod. 2;
modification/us_aim_9d/desc;Allows installation of AIM-9D air-to-air missiles.;
modification/us_aim_9d;AIM-9D;
modification/us_aim_9g/desc;Allows installation of AIM-9G air-to-air missiles.;
modification/us_aim_9g;AIM-9G;
modification/us_aim_9h/desc;Allows installation of AIM-9H air-to-air missiles.;
modification/us_aim_9h;LAU-7/A;
modification/us_aim_9l/desc;Allows installation of AIM-9L air-to-air missiles.;
modification/us_aim_9l;AIM-9L;
modification/us_aim_9l_i/desc;Allows installation of AIM-9L/I air-to-air missiles.;
modification/us_aim_9l_i;AIM-9L/I;
modification/us_aim_9l_i_1/desc;Allows installation of AIM-9L/I-1 air-to-air missiles.;
modification/us_aim_9l_i_1;AIM-9L/I-1;
modification/us_aim_9m/desc;Allows installation of AIM-9M air-to-air missiles.;
modification/us_aim_9m;AIM-9M;
modification/us_aim_9n/desc;Allows installation of AIM-9N air-to-air missiles.
modification/us_aim_9n;AIM-9N
modification/swd_rb74/desc;Allows installation of Rb 74 air-to-air missiles.;
modification/swd_rb74;Rb 74;
modification/swd_rb74m/desc;Allows installation of AIM-9M-4 air-to-air missiles.;
modification/swd_rb74m;AIM-9M;
modification/us_aim_9p/desc;Allows installation of AIM-9P air-to-air missiles.;
modification/us_aim_9p;AIM-9P;
modification/us_aim_9p4/desc;Allows installation of AIM-9P-4 air-to-air missiles.;
modification/us_aim_9p4;AIM-9P-4;
modification/f5_us_aim_9b/desc;Allows installation of AIM-9B air-to-air missiles and Flares/Chaff.;
modification/f5_us_aim_9b;AIM-9B Flares/Chaff;
modification/f5_us_aim_9e/desc;Allows installation of AIM-9E air-to-air missiles and Flares/Chaff.;
modification/f5_us_aim_9e;AIM-9E Flares/Chaff;
modification/fr_matra_r_530e/desc;Allows installation of Matra R530 IR air-to-air missiles.;
modification/fr_matra_r_530e;Matra R530 IR;
modification/fr_matra_r_530/desc;Allows installation of Matra R530 EM air-to-air missiles.;
modification/fr_matra_r_530;Matra R530 EM;
modification/fr_matra_r_530_f/desc;Allows installation of Matra Super 530F air-to-air missiles.;
modification/fr_matra_r_530_f;Matra 530F;
modification/fr_matra_r_530_d/desc;Allows installation of Matra R530D air-to-air missiles.;
modification/fr_matra_r_530_d;Matra R530D;
modification/fr_matra_r_511/desc;Allows installation of Matra R511 air-to-air missiles.;
modification/fr_matra_r_511;Matra R511;
modification/fr_matra_r_550_magic_1/desc;Allows installation of Matra R550 air-to-air missiles.;
modification/fr_matra_r_550_magic_1;Matra R550;
modification/fr_matra_r_550_magic_2/desc;Allows installation of Matra R550 Mk. 2 air-to-air missiles.;
modification/fr_matra_r_550_magic_2;Matra R550 Mk. 2;
modification/fr_mica_em/desc;Allows installation of MICA-EM air-to-air missiles.;
modification/fr_mica_em;MICA-EM;
modification/uk_fireflash/desc;Allows installation of Fireflash air-to-air missiles.;
modification/uk_fireflash;Fireflash;
modification/uk_aim_sraam/desc;Allows installation of SRAAM air-to-air missiles.;
modification/uk_aim_sraam;SRAAM;
modification/us_agm_179/desc;Allows the installation of AGM-179 (SAL) missiles.
modification/us_agm_179;AGM-179 (SAL)
modification/us_agm_179_ir/desc;Allows the installation of AGM-179 (IR) missiles.
modification/us_agm_179_ir;AGM-179 (IR)
modification/ah_1_AIM_9_LTC/desc;Allows installation of AIM-9 air-to-air missiles and MAW.;
modification/ah_1_AIM_9_LTC;AIM-9/MAW;
modification/ah_mk1_starstreak/desc;Allows installation of Starstreak air-to-air missiles.;
modification/ah_mk1_starstreak;ATASK;
modification/stinger_heli_false_thermal_targets/desc;Allows installation of AIM-9 air-to-air missiles and ICM.;
modification/stinger_heli_false_thermal_targets;AIM-9/ICM;
modification/AMASE_heli_false_thermal_targets/desc;Allows installation additional block ICM.;
modification/AMASE_heli_false_thermal_targets;AMASE;
modification/us_aim_9e/desc;Allows installation of AIM-9E air-to-air missiles.;
modification/us_aim_9e;AIM-9E;
modification/us_aim_9j/desc;Allows installation of AIM-9J air-to-air missiles.;
modification/us_aim_9j;AIM-9J;
modification/nord_aa_20/desc;Allows installation of AA.20 air-to-air missiles.;
modification/nord_aa_20;AA.20;
modification/sea_hawk_mk101/desc;Allows installation of AIM-9B air-to-air missiles.;
modification/sea_hawk_mk101;Mk. 101;
modification/us_aim_9c/desc;Allows installation of AIM-9C air-to-air missiles.;
modification/us_aim_9c;AIM-9C;
modification/aam_firestreak/desc;Allows installation of Firestreak air-to-air missiles.;
modification/aam_firestreak;Firestreak;
modification/aam_redtop/desc;Allows installation of Red Top air-to-air missiles.;
modification/aam_redtop;Red Top;
modification/fr_aam_shafrir/desc;Allows installation of רירפש air-to-air missiles.;
modification/fr_aam_shafrir;רירפש;
modification/fr_aam_shafrir_2/desc;Allows installation of 2 רירפש air-to-air missiles.;
modification/fr_aam_shafrir_2;2 רירפש
modification/il_python_3/desc;Allows installation of 3 ןותיפ air-to-air missiles.;
modification/il_python_3;3 ןותיפ
modification/mi_24_r_60/desc;Allows installation of Р-60 air-to-air missiles.;
modification/mi_24_r_60;Р-60;
modification/mi_24_r_60_2/desc;Allows installation of additional Р-60 air-to-air missiles.;
modification/mi_24_r_60_2;Р-60 2;
modification/mi_24_r_60m/desc;Allows installation of Р-60МК air-to-air missiles.;
modification/mi_24_r_60m;Р-60МК;
modification/mig_23mf_r_60mk/desc;Allows installation of Р-60МК air-to-air missiles.;
modification/mig_23mf_r_60mk;АПУ-60-2;
modification/mig_19_r3s/desc;Allows installation of Р-3C air-to-air missiles.;
modification/mig_19_r3s;АПУ-28;
modification/mig_21_r3r/desc;Allows installation of Р-3Р air-to-air missiles.;
modification/mig_21_r3r;Р-3Р;
modification/mig_23_r_23/desc;Allows installation of Р-23Р and Р-23Т air-to-air missiles.;
modification/mig_23_r_23;АПУ-23М;
modification/mig_23_r_23r/desc;Allows installation of Р-23Р air-to-air missiles.;
modification/mig_23_r_23r;АПУ-23М;
modification/mig_23_r_23t/desc;Allows installation of Р-23Т air-to-air missiles.;
modification/mig_23_r_23t;АПУ-23М;
modification/mig_23_r_24r/desc;Allows installation of Р-24Р air-to-air missiles.;
modification/mig_23_r_24r;АПУ-23М1;
modification/mig_23_r_24t/desc;Allows installation of Р-24Т air-to-air missiles.;
modification/mig_23_r_24t;АПУ-23М1;
modification/mig_23_r_24/desc;Allows installation of Р-24Р and Р-24Т air-to-air missiles.;
modification/mig_23_r_24;АПУ-23М1;
modification/mig_19_pl2/desc;Allows installation of K/AKK-2 air-to-air missiles.;
modification/mig_19_pl2;PF2;
modification/j_7_pl5b/desc;Allows installation of K/AKK-5B air-to-air missiles.;
modification/j_7_pl5b;PF5/PF7;
modification/cn_pl5c/desc;Allows installation of K/AKK-5C air-to-air missiles.;
modification/cn_pl5c;PF7;
modification/cn_pl5e2/desc;Allows installation of K/AKK-5EII air-to-air missiles.;
modification/cn_pl5e2;PF9;
modification/j_7_pl7/desc;Allows installation of K/AKK-7 air-to-air missiles.;
modification/j_7_pl7;PL7;
modification/jp_aam3/desc;Allows installation of AAM-3 air-to-air missiles.;
modification/jp_aam3;AAM-3;
modification/jp_aam4/desc;Allows installation of AAM-4 air-to-air missiles.;
modification/jp_aam4;AAM-4;
modification/cn_pl8/desc;Allows installation of K/AKK-8 air-to-air missiles.;
modification/cn_pl8;PF7A;
modification/cn_pl8b/desc;Allows installation of K/AKK-8B air-to-air missiles.
modification/cn_pl8b;PF8A
modification/cn_pl11/desc;Allows installation of K/AKK-11 air-to-air missiles.;
modification/cn_pl11;PF10;
modification/cn_pl12/desc;Allows installation of K/AKK-12 air-to-air missiles.;
modification/cn_pl12;K/AKK-12
modification/cn_sd10/desc;Allows installation of SD-10A air-to-air missiles.;
modification/cn_sd10;SD-10A;
modification/cn_pf10/desc;Allows installation of K/AKK-11 air-to-air missiles.;
modification/cn_pf10;PF10;
modification/mig_19_r13m/desc;Allows installation of Р-13M air-to-air missiles.;
modification/mig_19_r13m;АПУ-13МТ;
modification/us_500lb_m64/desc;Allows installation of 500 lb bombs.;
modification/us_500lb_m64;M64;
modification/us_500lb_m82/desc;Allows installation of 500 lb bombs.;
modification/us_500lb_m82;M82;
modification/us_500lb_m82_2/desc;Allows installation of additional 500 lb bombs.;
modification/us_500lb_m82_2;M82-2;
modification/us_mine_mk13_mod0/desc;Allows installation of 1000 lb mines.;
modification/us_mine_mk13_mod0;Mk 13 Mod 0;
modification/us_1000lb_m83/desc;Allows installation of 1000 lb bombs.;
modification/us_1000lb_m83;M83;
modification/us_1000lb_m83_2/desc;Allows installation of additional 1000 lb bombs.;
modification/us_1000lb_m83_2;M83-2;
modification/us_250lb_anm57/desc;Allows installation of 250 lb bombs.;
modification/us_250lb_anm57;AN/M57A1 BOX;
modification/us_500lb_anm64a1/desc;Allows installation of 500 lb bombs.;
modification/us_500lb_anm64a1;AN/M64A1 BOX;
modification/us_250lb_mk81/desc;Allows installation of 250 lb bombs.;
modification/us_250lb_mk81;Mk 81;
modification/us_500lb_mk82/desc;Allows installation of 500 lb bombs.;
modification/us_500lb_mk82;Mk 82;
modification/us_750lb_m117a1/desc;Allows installation of 750 lb bombs.;
modification/us_750lb_m117a1;M117;
modification/us_1000lb_mk83/desc;Allows installation of 1000 lb bombs.;
modification/us_1000lb_mk83;Mk 83;
modification/us_2000lb_mk84/desc;Allows installation of 2000 lb bombs.;
modification/us_2000lb_mk84;Mk 84;
modification/us_3000lb_mk118/desc;Allows installation of 3000 lb bombs.;
modification/us_3000lb_mk118;M118;
modification/us_4000lb_anm56_box/desc;Allows installation of 4000 lb bombs.;
modification/us_4000lb_anm56_box;AN/M56;
modification/br_bafg_230/desc;Allows installation of 230 kg bombs.;
modification/br_bafg_230;BAFG-230;
modification/br_bafg_460/desc;Allows installation of 460 kg bombs.;
modification/br_bafg_460;BAFG-460;
modification/br_bafg_920/desc;Allows installation of 920 kg bombs.;
modification/br_bafg_920;BAFG-920;
modification/vliegtuigbom_100kg/desc;Allows installation of 100 kg bombs.;
modification/vliegtuigbom_100kg;Vliegtuigbom 100;
modification/vliegtuigbom_300kg/desc;Allows installation of 300 kg bombs.;
modification/vliegtuigbom_300kg;Vliegtuigbom 300;
modification/vliegtuigbom_400kg/desc;Allows installation of 400 kg bombs.;
modification/vliegtuigbom_400kg;Vliegtuigbom 400;
modification/alkan_502_500lb/desc;Allows installation of 500 lb bombs.;
modification/alkan_502_500lb;ALCAN 502 500;
modification/alkan_502_1000lb/desc;Allows installation of 500 lb bombs.;
modification/alkan_502_1000lb;ALCAN 502 1000;
modification/us_500lb_m64_2/desc;Allows installation of additional 500 lb bombs.;
modification/us_500lb_m64_2;M64/2;
modification/us_750lb_m117/desc;Allows installation of 750 lb bombs.;
modification/us_750lb_m117;M117;
modification/us_1000lb_m65/desc;Allows installation of 1000 lb bombs.;
modification/us_1000lb_m65;M65;
modification/us_2000lb_m66/desc;Allows installation of 2000 lb bombs.;
modification/us_2000lb_m66;M66;
modification/us_mk_77/desc;Allows installation of Mk 77 Mod 4 incendiary bombs.
modification/us_mk_77;Mk 77 Mod 4;
modification/us_blu27_b/desc;Allows installation of BLU-27/B incendiary bombs.
modification/us_blu27_b;BLU-27/B;
modification/us_blu_1/desc;Allows installation of BLU-1 incendiary bombs.;
modification/us_blu_1;BLU-1;
modification/br_binc_300/desc;Allows installatino of BINC-300 incendiary bombs.
modification/br_binc_300;BINC-300;
modification/sws_400kg_febb_napalmbombe/desc;Allows installatino of FeBb incendiary bombs.;
modification/sws_400kg_febb_napalmbombe;FeBb Napalmbombe;
modification/zb_500/desc;Allows installation of ЗБ-500 incendiary bombs.;
modification/zb_500;ЗБ-500
modification/zb_360/desc;Allows installation of ЗБ-360 incendiary bombs.;
modification/zb_360;ЗБ-360;
modification/flamm_250/desc;Allows installation of C. 250 incendiary bombs.;
modification/flamm_250;C. 250;
modification/flamm_500/desc;Allows installation of C. 500 incendiary bombs.;
modification/flamm_500;C. 500;
modification/brandbomb_m58/desc;Allows installation of m/58 incendiary bombs.;
modification/brandbomb_m58;m/58;
modification/aerea_559g/desc;Allows installation of Aerea 559G1 incendiary bombs.;
modification/aerea_559g;Aerea 559G1;
modification/us_mk78_mod0/desc;Allows installation of Mk 78 Mod 0 incendiary bombs.;
modification/us_mk78_mod0;Mk 78 Mod 0;
modification/us_500lb_mk77_mod4/desc;Allows installation of Mk 77 Mod 4 incendiary bombs.;
modification/us_500lb_mk77_mod4;Mk 77 Mod 4;
modification/us_750_lb_m116a2/desc;Allows installation of M116A2 incendiary bombs.;
modification/us_750_lb_m116a2;M116A2;
modification/us_1000_lb_mk_79_mod_0/desc;Allows installation of Mk 79 Mod 0 incendiary bombs.;
modification/us_1000_lb_mk_79_mod_0;Mk 79 Mod 0;
modification/il_m380l_mk2/desc;Allows installation of Mk. 2 incendiary bombs.;
modification/il_m380l_mk2;Mk. 2;
modification/fr_460l_secan_63/desc;Allows installation of SECAN 63 incendiary bombs.;
modification/fr_460l_secan_63;SECAN 63;
modification/ah_1_AGM_114_8/desc;Allows installation of AGM-114 Hellfire missiles.;
modification/ah_1_AGM_114_8;M310;
modification/ah_1_AGM_114_16/desc;Allows installation of additional AGM-114 Hellfire missiles.;
modification/ah_1_AGM_114_16;M299;
modification/ah_1_AIM_9/desc;Allows installation of AIM-9 missiles.;
modification/ah_1_AIM_9;AIM-9;
modification/heli_false_thermal_targets/desc;Allows deployment of flares.;
modification/heli_false_thermal_targets;Flares;
modification/aircrafts_false_thermal_targets/desc;Allows deployment of flares.;
modification/aircrafts_false_thermal_targets;Flares;
modification/q_5b_ltc/desc;Allows deployment of flares.;
modification/q_5b_ltc;Flares;
modification/MAW_system_heli_false_thermal_targets/desc;Missile approach warning system. Allows automatic deployment of flares.;
modification/MAW_system_heli_false_thermal_targets;MAW;
modification/MAW_system_heli_false_thermal_targets_large/desc;Missile approach warning system. Allows automatic deployment of flares.;
modification/MAW_system_heli_false_thermal_targets_large;MAW;
modification/PIDS_false_thermal_targets/desc;Missile approach warning system. Allows automatic deployment of flares.;
modification/PIDS_false_thermal_targets;MAW;
modification/boz_false_thermal_targets/desc;Missile approach warning system, allowing false heat target shoot off.
modification/boz_false_thermal_targets;MAW BOZ
modification/uk_terma_mcp_false_thermal_targets/desc;Missile approach warning system. Allows automatic deployment of flares.;
modification/uk_terma_mcp_false_thermal_targets;MAW
modification/Radar_warning_receiver_system/desc;Radar warning receiver.;
modification/Radar_warning_receiver_system;RWR;
modification/q_5b/desc;Radar warning receiver.;
modification/q_5b;RWR;
modification/heli_screen_exhaust_device/desc;Allows installation devices that shield the exhaust.;
modification/heli_screen_exhaust_device;HIRSS;
modification/heli_atam_mistral/desc;Allows installation of Mistral missiles.;
modification/heli_atam_mistral;ATAM;
modification/cn_ty_90/desc;Allows installation of AKK-90 missiles.;
modification/cn_ty_90;PF90;
modification/mi_35_9M39/desc;Allows installation of 9М39 missiles.;
modification/mi_35_9M39;9М39;
modification/mi_8_9M336/desc;Allows installation of 9М336 missiles.
modification/mi_8_9M336;9М336
modification/sa_heli_hot/desc;Allows installation of HOT missiles.;
modification/sa_heli_hot;HOT;
modification/sa_heli_hot_2/desc;Allows installation of HOT-2 missiles.;
modification/sa_heli_hot_2;HOT-2;
modification/cn_hj8/desc;Allows installation of AFT08A missiles.;
modification/cn_hj8;AFT08A;
modification/cn_hj8_c/desc;Allows installation of AFT08C missiles.;
modification/cn_hj8_c;AFT08C;
modification/cn_hj8_e/desc;Allows installation of AFT08E missiles.;
modification/cn_hj8_e;AFT08E;
modification/cn_hj8_h/desc;Allows installation of AFT08H missiles.;
modification/cn_hj8_h;AFT08H;
modification/sea_hawk_25lb_rocket_ap_mk1;RP-3, AP Mk. I;
modification/sea_hawk_25lb_rocket_ap_mk1/desc;Allows installation of RP-3, AP Mk. I rockets.;
modification/sea_hawk_25lb_rocket_ap_mk2;RP-3, AP Mk. II;
modification/sea_hawk_25lb_rocket_ap_mk2/desc;Allows installation of RP-3, AP Mk. II rockets.;
modification/sea_hawk_60lb_rocket_mk1;RP-3, SAP Mk. I;
modification/sea_hawk_60lb_rocket_mk1/desc;Allows installation of RP-3, SAP Mk. I rockets.;
modification/sea_hawk_2x250lb/desc;Allows installation of 250 lb bombs.;
modification/sea_hawk_2x250lb;2 250-lb GP;
modification/bomb_2x_250lb/desc;Allows installation of 250 lb bombs.;
modification/bomb_2x_250lb;250 lb GP;
modification/bomb_2x_500lb/desc;Allows installation of 500 lb bombs.;
modification/bomb_2x_500lb;500 lb GP;
modification/60lb_rocket_hvar_rp_3;HVAR / RP-3;
modification/60lb_rocket_hvar_rp_3/desc;Allows installation of HVAR and RP-3 rockets.;
modification/sea_hawk_2x500lb/desc;Allows installation of 500 lb bombs.;
modification/sea_hawk_2x500lb;2 500-lb GP;
modification/buccaneer_540lb/desc;Allows installation of 540 lb bombs.;
modification/buccaneer_540lb;540 lb;
modification/sea_hawk_4x500lb/desc;Allows installation of additional 500 lb bombs.;
modification/sea_hawk_4x500lb;4 500-lb GP;
modification/sea_hawk_2x1000lb/desc;Allows installation of 1000 lb bombs.;
modification/sea_hawk_2x1000lb;1000-lb GP;
modification/swift_2x1000lb_mc/desc;Allows installation of 1000 lb bombs.;
modification/swift_2x1000lb_mc;1000-lb MC;
modification/stinger_aam/desc;Allows installation of AIM-92 missiles.;
modification/stinger_aam;AIM-92;
modification/us_agm_65a/desc;Allows installation of AGM-65A missiles.;
modification/us_agm_65a;AGM-65A;
modification/us_agm_65b/desc;Allows installation of AGM-65B missiles.;
modification/us_agm_65b;AGM-65B;
modification/us_agm_65d/desc;Allows installation of AGM-65D missiles.;
modification/us_agm_65d;AGM-65D;
modification/us_agm_65g/desc;Allows installation of AGM-65G missiles.;
modification/us_agm_65g;AGM-65G;
modification/us_agm_65h/desc;Allows installation of AGM-65H missiles.;
modification/us_agm_65h;AGM-65H;
modification/us_agm_65e/desc;Allows installation of AGM-65E missiles.;
modification/us_agm_65e;AGM-65E;
modification/us_agm_65f/desc;Allows installation of AGM-65F missiles.;
modification/us_agm_65f;AGM-65F;
modification/us_agm_65l/desc;Allows installation of AGM-65L missiles.;
modification/us_agm_65l;AGM-65L;
modification/us_agm_130/desc;Allows installation of AGM-130A missiles.;
modification/us_agm_130;AGM-130A;
modification/uk_brimstone_dm/desc;Allows installation of Brimstone missiles.
modification/uk_brimstone_dm;Brimstone
modification/atgm_mokopa/desc;Allows installation of ZT6 Mokopa missiles.;
modification/atgm_mokopa;ZT6;
modification/sa_zt_35_ingwe/desc;Allows installation of ZT3-A2 missiles.
modification/sa_zt_35_ingwe;ZT3-A2
modification/tiger_hot3/desc;Allows installation of HOT-3 missiles.;
modification/tiger_hot3;HOT-3;
modification/tiger_atgw3/desc;Allows installation of PARS 3 LR missiles.;
modification/tiger_atgw3;PARS 3 LR;
modification/tiger_trigat_lr/desc;Allows installation of TRIGAT-LR missiles.
modification/tiger_trigat_lr;TRIGAT-LR
modification/tr_cirit_x4/desc;Allows installation of CIRIT missiles.;
modification/tr_cirit_x4;CIRIT;
modification/il_gatr;GATR;
modification/il_gatr/desc;Allows installatino of GATR missiles.;
modification/us_apkws/desc;Allows installation of AGR-20 APKWS missiles.;
modification/us_apkws;AGR-20 APKWS;
modification/cn_fire_snake_90a/desc;Allows installation of FS90A missiles.;
modification/cn_fire_snake_90a;FS90A;
modification/cn_fire_snake_70a/desc;Allows the installation of FS70A missiles.
modification/cn_fire_snake_70a;FS70A
modification/atgm_spike_x2/desc;Allows installation of Spike-ER missiles.;
modification/atgm_spike_x2;Spike-ER;
modification/atgm_spike_x4/desc;Allows installation of additional Spike-ER missiles.;
modification/atgm_spike_x4;Spike-ER 4;
modification/tiger_tel12/desc;Allows installation additional of TDA rockets.;
modification/tiger_tel12;TELSON 12;
modification/tiger_hmp400_lcc;FN HMP400 LCC;
modification/tiger_hmp400_lcc/desc;Allows installation of gun pods FN HMP400 LCC.;
modification/tiger_rmp_lc;FN RMP LC;
modification/tiger_rmp_lc/desc;Allows installation of gun pods FN RMP LC.;
modification/ka_9K121/desc;Allows installation of 9М127 missiles.;
modification/ka_9K121;9К121;
modification/su_lmur/desc;Allows the installation of Х-39 missiles.
modification/su_lmur;Х-39
modification/a_129_hl_19_70/desc;Allows installation of Hydra-70 rockets.;
modification/a_129_hl_19_70;HL-19-70;
modification/tr_fz207/desc;Allows installation of FZ49 rockets.;
modification/tr_fz207;HL-19-70;
modification/tr_fz49/desc;Allows installation of FZ49 rockets.;
modification/tr_fz49;HL-19-70;
modification/8_cm_flz_rakete;8 cm Flz.-Rakete;
modification/8_cm_flz_rakete/desc;Allows installation of 8 cm Flz.-Rakete Oerlikon rockets.;
modification/sws_flz_lwf_63_80/desc;Allows installation of Flz.Lwf. LL 63/80 air-to-air missiles.;
modification/sws_flz_lwf_63_80;Flz.Lwf. LL 63/80;
modification/sws_flz_lwf_63_75/desc;Allows the installation of Flz.Lwf. LL 63/75 air-to-air missiles.
modification/sws_flz_lwf_63_75;Flz.Lwf. LL 63/75
modification/sws_flz_lwf_63/desc;Allows installation of Flz.Lwf. LL 63 air-to-air missiles.;
modification/sws_flz_lwf_63;Flz.Lwf. LL 63;
modification/sws_200_kg_sprengbombe;200 kg Sprengbombe;
modification/sws_200_kg_sprengbombe/desc;Allows installation of 200 kg bombs.;
modification/sws_400_kg_sprengbombe;400 kg Sprengbombe;
modification/sws_400_kg_sprengbombe/desc;Allows installation of 400 kg bombs.;
modification/sws_450_kg_sprengbombe_68_70;450 kg Sprengbombe 68/70;
modification/sws_450_kg_sprengbombe_68_70/desc;Allows installation of 450 kg bombs.;
modification/sws_flz_lwf_lb_82/desc;Allows installation of Flz Lwf LB 82 missiles.;
modification/sws_flz_lwf_lb_82;Flz Lwf LB 82;
modification/ship_race_speed_boost;Event action: speed boost;
modification/air_extinguisher/desc;Engine fire system.;
modification/air_extinguisher;EFS;
modification/automatic_air_extinguisher/desc;Automatic engine fire system.;
modification/automatic_air_extinguisher;Automatic EFS;
engine_model/j57_p_21;J57-P-21;
engine_model/rd-9b;РД-9Б;
engine_model/sapphire_mk_205;Sapphire Mk. 205;
engine_model/sapphire_mk_206;Sapphire Mk. 206;
engine_model/14_n_25;14 N 25;
engine_model/sapphire_mk_209;Sapphire Mk. 209;
engine_model/sapphire_mk_210;Sapphire Mk. 210;
engine_model/sapphire_mk_assa_7;Sapphire ASSa Mk. 7;
engine_model/db_603s;DB-603A(S);
engine_model/r_2600_6;R-2600-6;
engine_model/r_2600_12;R-2600-12;
engine_model/1710-63;V-1710-63;
engine_model/r_2600_22;R-2600-22;
engine_model/bmw801tj;801 TJ;
engine_model/m-88p;M-88P;
engine_model/r2800-34;R-2800-34;
engine_model/atar_101g_2;Atar 101G2;
engine_manufacturer/ishikawa-harima;川島播磨;
engine_model/TF40-801A;TF40-801A;
engine_model/J85-GE-13A;J85-GE-13A;
engine_model/db_605a1;DB-605A1;
engine_model/orenda_14;Orenda Mk. 14;
engine_model/nene-mk103;Nene Mk. 103;
engine_model/astazou_14;Astazou XIV;
engine_model/astazou_3b;Astazou IIIB;
engine_model/r-1820-84;R-1820-84;
20mm_jm61_rfs_naval_hei/name;HEI;
20mm_jm61_rfs_naval_apit/name;API-T;
20mm_jm61_rfs_naval_apds/name;APDS;
12mm_breda_safat_he/name;HE;
12mm_breda_safat_incendiary/name;I;
12mm_breda_safat_ap/name;AP;
engine_model/jumo_213e;Jumo 213E;
engine_model/avon_203;Avon Mk. 203;
engine_model/avon_207;Avon Mk. 207;
engine_model/j31_ge_3;J31-GE-3;
engine_model/j47_ge_17b;J47-GE-17B;
engine_model/r4360_4w;R-4360-4W;
engine_model/t40_a_6;T40-A-6;
engine_model/p_xix_rc_45;P.XIX. R.C. 45;
engine_model/M-87b;М-87Б;
engine_model/j79_ge_15;J79-GE-15;
engine_model/j35-a-21b;J35-A-21B;
engine_model/j35-a-35;J35-A-35;
engine_model/r-11f-300;Р-11Ф-300;
engine_model/gem_60;GEM 60;
engine_model/gem_41-2;GEM 41-2;
engine_model/nimbus_mk101;Nimbus Mk. 101;
engine_model/nimbus_mk103;Nimbus Mk. 103;
engine_manufacturer/bristol_suddeley;Bristol Siddeley;
engine_manufacturer/mtu_turbomeca_rolls-royce;MTU Turbomeca Rolls-Royce;
engine_model/mtr390-2c;MTR390-2c;
engine_model/mtr390-e;MTR390-E;
engine_model/avon_105;Avon Mk. 105;
engine_model/avon_116;Avon Mk. 116;
engine_manufacturer/shenyang_liming;沈阳;
engine_model/wp-7b;WP-7B;
engine_model/wp-6a;WP-6A;
engine_model/wp-6a-iii;WP-6A-III;
engine_model/m-85;М-85;
engine_model/m-86;М-86;
engine_manufacturer/zavod_29;Завод №29;
engine_model/am_34nb;АМ-34НБ;
engine_model/r-1820-g5;R-1820-G5;
engine_model/r-1820-87;R-1820-87;
engine_model/spey_202;Spey Mk. 202;
engine_model/spey_203;Spey Mk. 203;
engine_model/spey_807;Spey Mk. 807;
engine_manufacturer/svenska_flygmotor;Svenska Flygmotor;
engine_model/rm2b;RM2B;
engine_model/rm5a;RM6A;
engine_model/rm6a;LHTEC;
engine_manufacturer/lhtec;CTS800-2;
engine_model/cts800-2;TV3-117VMA;
engine_model/tv3_117vma;TV3-117VMA;
engine_manufacturer/sfa;SFA;
engine_model/swc3;STWC3;
engine_manufacturer/saurer;Saurer
engine_model/ys-2;YS-2
engine_model/ha_115_2;ハ115-II;
engine_model/homare_42;誉四二型;
engine_model/pegasus_xxiv;Pegasus Mk. XXIV;
engine_model/jupiter_viif;Jupiter Mk. VIIF;
engine_model/rm2;RM2;
engine_model/rm1;RM1;
engine_model/rm1a;RM1A;
engine_model/atar_8c2;Atar 8C2;
engine_model/T700-GE-701;T700-GE-701 turboshaft;
engine_model/T700-GE-701C;T700-GE-701C turboshaft;
engine_model/T700-GE-700;T700-GE-700 turboshaft;
engine_manufacturer/rolls-royce_turbomeca_limited;Rolls-Royce Turbomeca Limited;
engine_model/RTM322;RTM322 turboshaft;
engine_model/r-13f-300;Р-13Ф-300;
engine_model/r-13-300;Р-13-300;
engine_model/mercury-xxiv;Mercury Mk. XXIV;
engine_model/j79_ge_17;J79-GE-17;
engine_model/rm6c;RM 6C;
engine_model/avon_302;Avon Mk. 302;
engine_model/r2800-83wa;R-2800-83WA;
engine_model/j57_p_7;J57-P-7;
engine_model/j57_p_8;J57-P-8
engine_model/wp-5;WP-5;
engine_model/kasei_25;火星二五型;
engine_model/pegasus_30;Pegasus Mk. 30;
engine_model/avon_202;Avon Mk. 202;
engine_model/j79_ge_19;J79-GE-19;
engine_model/j79_ge_3;J79-GE-3;
engine_model/j79_ge_3b;J79-GE-3B;
engine_model/j79_ge_7;J79-GE-7;
engine_model/j79_ge_11;J79-GE-11;
engine_model/atar_9b;Atar 9B;
engine_manufacturer/saturn;Сатурн;
engine_manufacturer/salut;Салют
engine_model/al_7f_1_100;AL-7F-1-100;
engine_model/j71-a-2;J71-A-2;
engine_model/j71-a-13;J71-A-13
modification/40mm_vickers_terni_mod_1915_17_he_df;HE-TF;
engine_model/mamoru_11;護一一型;
engine_model/j79_ge_7a;J79-GE-7A;
engine_model/M-82-ir;АШ-82ИР;
engine_model/bmw_13k;13 K;
engine_model/j65-w-18;J65-W-18;
engine_model/al_7f_1_200;AL-7F-1-200;
engine_model/r2800-59;R-2800-59;
engine_model/r2800-43;R-2800-43;
engine_model/adour_mk102;Adour Mk. 102;
engine_model/al_7f_1_250;AL-7F-1-250;
engine_model/wp-6;WP-6;
engine_model/d-1a;Д-1-А-1100;
engine_manufacturer/isaev;Исаев;
engine_manufacturer/kolesov;Колесов;
engine_model/rd-36-35fv;РД-36-35ФВ;
engine_model/r-27v-300;Р-27В-300;
engine_model/r-25-300;Р-25-300;
engine_model/rm9b;RM 9B;
engine_model/pegasus_101;Pegasus Mk. 101;
engine_model/pegasus_103;Pegasus Mk. 103;
engine_model/pegasus_104;Pegasus Mk. 104;
engine_model/pegasus_105;Pegasus Mk. 105;
engine_model/pegasus_106;Pegasus Mk. 106;
engine_model/pegasus_107;Pegasus Mk. 107;
engine_model/f402-rr-401;F402-RR-401;
engine_model/f402-rr-402;F402-RR-402;
engine_model/f402-rr-408;F402-RR-408;
engine_model/r_4360_4_wasp_major;R-4360-4 Wasp Major;
engine_model/a_74_rc_38;A.74 R.C.38;
engine_model/rd-38;РД-38;
engine_model/r-28v-300;Р-28В-300;
engine_model/j52-p-6a;J52-P-6A;
engine_model/j52-p-8a;J52-P-8A;
engine_model/j52-p-8as;J52-P-8As;
engine_model/j52-p-8b;J52-P-8B;
engine_model/j52-p-408;J52-P-408;
engine_model/tf_41_a_1;TF-41-A-1;
engine_model/tf_41_a_2;TF-41-A-2;
engine_model/gem_2_1004d;GEM 2-1004D;
engine_model/250c20r1;250-C20R1;
engine_model/spey_101;Spey 101;
engine_model/r-11f2s-300;Р-11Ф2С-300;
engine_model/j85-ge-17b;J-85-GE-17B;
engine_model/j65-w-7;J65-W-7;
engine_model/j65-w-3;J65-W-3;
engine_model/am-37p;АМ-37П;
engine_model/mercury-viii;Mercury Mk. VIII;
engine_model/j85_ge_13;J85-GE-13;
engine_model/al_21f_3;АЛ-21Ф-3;
engine_model/tr_1;TR-1;
engine_manufacturer/lulka;Люлька;
engine_model/atar_9c;Atar 9C;
engine_model/nene-102;Nene Mk. 102;
engine_model/j57_p_16;J57-P-16;
engine_model/merlin_225;Merlin Mk. 225;
engine_manufacturer/mtu_aero_engines;MTU Aero Engines;
engine_model/j79_mtu_17a;J79-MTU-17A;
engine_model/j79_mtu_j1k;J79-MTU-J1K;
engine_manufacturer/ultraflight;UltraFlight;
engine_model/willy_willy_9;Willy-Willy-9;
engine_model/willy_willy_mini_9;Willy-Willy-9-mini;
engine_model/power_pull_2000;PowerPull-2000;
engine_manufacturer/super_engine;Super Engine;
engine_model/zx-785-se;ZX-785-se;
engine_manufacturer/w&p;W&P;
engine_model/big_boss;Big Boss;
engine_model/dragon_6;Dragon-6;
engine_manufacturer/gnome;Gnome;
engine_model/little_pony;Little Pony;
engine_model/zzzzoom;Zzzzoom-Boom;
engine_model/big_pony;Big Pony;
engine_model/al_61f;AL-61F;
engine_model/centaurus-59;Centaurus Mk. 59;
engine_model/avon_208;Avon Mk. 208;
engine_model/r-11af-300;Р-11АФ-300;
engine_model/verdon_350;Verdon-350;
engine_model/r-29-300;R-29-300;
engine_model/wp-7f;WP-7F;
engine_model/j85_ge_21a;J85-GE-21A;
engine_model/derwent-9;Derwent Mk. 9;
engine_model/wp-13f;WP-13F;
20mm_rh202_naval_heit/name;HEIT;
modification/20mm_rh202_naval_heit_ammo_pack;HEIT;
20mm_rh202_naval_apit/name;APIT;
modification/20mm_rh202_naval_apit_ammo_pack;APIT;
20mm_rh202_naval_apds/name;APDS;
modification/20mm_rh202_naval_apds_ammo_pack;APDS;
engine_model/sc3-g;SC3-G;
engine_model/sakae_31a;栄三一型甲;
engine_model/gyron_junior_dgj_2;Gyron Junior DGJ.2;
engine_model/mk4b;火星一二型;
engine_model/jumo_211n;Jumo 211N;
engine_model/128_rc_18;128 RC.18;
engine_model/sgr_1820_f_3;SGR-1820 F-3;
modification/57mm_britain_6pdr_apc_navy_ammo_pack;Shot Mk. 8;
57mm_britain_6pdr_apc_navy/name;Shot Mk. 8;
engine_model/r-29b-300;Р-29Б-300;
engine_model/rm8a;RM8A;
engine_model/rm8b;RM8B;
engine_model/rm6b;RM6B;
engine_model/jumo_205d;Jumo 205D;
engine_model/m_43v;АМ-43В;
engine_model/griffon-57a;Griffon Mk. 57A;
engine_model/j57_p_20a;J57-P-20A;
engine_model/j57_p_20;J57-P-20;
modification/305mm_ussr_52_obr1907_1941_navy_he;ОФ обр. 1928 г.;
modification/305mm_ussr_52_obr1907_1941_navy_he_ammo_pack;ОФ обр. 1928 г.;
modification/127mm_usa_mk42_mod0_common_sap;Common SAP Mk 42 Mod 0;
modification/127mm_usa_mk42_mod0_common_sap_ammo_pack;Common SAP Mk 42 Mod 0;
modification/127mm_usa_mk41_mod0_he_vt;HC-VT Mk 41 Mod 0;
modification/127mm_usa_mk41_mod0_he_vt_ammo_pack;HC-VT Mk 41 Mod 0;
modification/343mm_uk_navy_cpc_h;CPC;
modification/343mm_uk_navy_cpc_h_ammo_pack;CPC;
modification/343mm_uk_mark1a_navy_apc;APC Mk. Ia;
modification/343mm_uk_mark1a_navy_apc_ammo_pack;APC Mk. Ia;
modification/343mm_uk_navy_cpc_l;CPC;
modification/343mm_uk_navy_cpc_l_ammo_pack;CPC;
modification/343mm_uk_mark2a_navy_apc;APC Mk. IIa;
modification/343mm_uk_mark2a_navy_apc_ammo_pack;APC Mk. IIa;
modification/76mm_it_armstrong_navy_aphe;Perforante;
modification/76mm_it_ansaldo_navy_he_df;Controaerea;
modification/76mm_it_ansaldo_navy_he_df_ammo_pack;Controaerea;
modification/76mm_it_ansaldo_navy_he;Dirompente;
modification/76mm_it_ansaldo_navy_he_ammo_pack;Dirompente;
modification/tank_bulldozer_blade;Dozer Blade;
modification/tank_bulldozer_blade/desc;Allows installation of dozer blade for entrenchment.;
modification/tank_bulldozer_blade_bhishma;Dozer Blade;
modification/tank_bulldozer_blade_bhishma;Allows installation of dozer blade for entrenchment.;
modification/t_90s_twmp;TWMP;
modification/t_90s_twmp/desc;Allows installation of Track-Width Mine Plough.;
engine_model/vk-2500p;ВК-2500П;
engine_model/r-35-300;Р-35-300;
engine_model/gr_2600-a5b;GR-2600-A5B;
modification/343mm_uk_mark3a_navy_apc;APC Mk. IIIa;
modification/343mm_uk_mark3a_navy_apc_ammo_pack;APC Mk. IIIa;
engine_model/adour_mk104;Adour Mk. 104;
modification/ship_supportPlane;Hydroplane;
modification/ship_supportPlane/desc;Allows for launching a scout hydroplane.;
engine_model/merlin-55m;Merlin Mk. 55M;
engine_model/r-29bs-300;Р-29БС-300;
engine_model/tf34_ge_100a;TF34-GE-100A;
engine_model/tf34_ge_100;TF34-GE-100;
engine_model/j75-p-19w;J75-P-19W;
engine_model/j79_ge_j1e;J79-GE-J1E
engine_model/j79_ge_10;J79-GE-10;
engine_model/j79_ge_10b;J79-GE-10B;
modification/280mm_ger_skc34_sprgr_kz_navy_he;Sprengranate L/4,4 Kz.;
modification/280mm_ger_skc34_pzgr_navy_apc;Panzergranate L/4,4;
modification/280mm_ger_skc34_pzgr_navy_apc_ammo_pack;Panzergranate L/4,4;
modification/280mm_ger_skc34_spgr_bdz_navy_sap;Sprengranate L/4,4 Bd.Z.;
modification/280mm_ger_skc34_spgr_bdz_navy_sap_ammo_pack;Sprengranate L/4,4 Bd.Z.;
modification/280mm_ger_skc34_aa_distant_fuse_navy_he;Sprengranate L/4,4 Zt.Z.;
modification/280mm_ger_skc34_aa_distant_fuse_navy_he_ammo_pack;Sprengranate L/4,4 Zt.Z.;
modification/380mm_ger_skc34_aa_distant_fuse_navy_he;Sprengranate L/4,6 Zt.Z.;
modification/380mm_ger_skc34_aa_distant_fuse_navy_he_ammo_pack;Sprengranate L/4,6 Zt.Z.;
modification/76mm_us_mk34_navy_he;HE Mk 34 Mod 0;
modification/76mm_us_mk34_navy_he_radio_fuse;HE-VT Mk 34 Mod 0;
modification/76mm_us_mk34_navy_he_radio_fuse_ammo_pack;HE-VT Mk 34 Mod 0;
modification/76mm_it_om1_he;OM-1;
modification/76mm_it_om2_he;OM-2;
modification/76mm_it_om2_he_ammo_pack;OM-2;
modification/76mm_it_om2_he_radio_fuse;OM-2;
modification/76mm_it_om2_he_radio_fuse_ammo_pack;OM-2;
engine_model/wp-13a-ii;WP-13A-II;
engine_model/atar_9k_50;Atar 9K-50;
modification/381mm_uk_bl_mk1_4crh_navy_cpc;Mk. IIa CPC;
modification/381mm_uk_bl_mk1_4crh_navy_apc;Mk. IIa APC;
modification/381mm_uk_bl_mk1_4crh_navy_apc_ammo_pack;Mk. IIa APC;
modification/381mm_uk_bl_mk1_6crh_navy_apc;Mk. XVIIb APC
modification/381mm_uk_bl_mk1_6crh_navy_apc_ammo_pack;Mk. XVIIb APC
modification/381mm_uk_bl_mk1_6crh_22b_navy_apc;Mk. XXIIb APC
modification/381mm_uk_bl_mk1_6crh_22b_navy_apc_ammo_pack;Mk. XXIIb APC
modification/380mm_germ_skl_45_base_fuse_navy_he;Sprengranate L/4,1 Bd.Z.;
modification/380mm_germ_skl_45_navy_apcbc;Panzergranate L/3,5;
modification/380mm_germ_skl_45_navy_apcbc_ammo_pack;Panzergranate L/3,5;
modification/350mm_germ_skl_45_navy_apcbc;Panzergranate L/3,6
modification/350mm_germ_skl_45_navy_apcbc_ammo_pack;Panzergranate L/3,6
modification/305mm_ussr_54_b_50_navy_ap;APCBC;
modification/305mm_ussr_54_b_50_navy_ap_ammo_pack;APCBC;
engine_model/tf30_p_412a;TF30-P-412A;
engine_model/RSr_2_Soar;RSr.2 Soar;
engine_manufacturer/zhuzhou_aero-engine_factory;SAMIC;
engine_model/wz-8c;WZ-8C;
engine_model/r-95sh;Р-95Ш;
engine_model/r-195;Р-195;
engine_model/mercury_viia;Mercury Mk. VIIAS;
engine_manufacturer/umpo;УМПО;
modification/tank_support_ucav;Scout UAV;
modification/tank_support_ucav/desc;Ability to carry and launch a scout UAV.;
modification/152mm_it_45cal_schneider_naval_he;Dirompente;
modification/152mm_it_45cal_schneider_naval_ap;Perforante;
modification/152mm_it_45cal_schneider_naval_ap_ammo_pack;Perforante;
modification/152mm_it_45cal_schneider_mod1916_naval_ap;Perforante;
modification/152mm_it_45cal_schneider_mod1916_naval_ap_ammo_pack;Perforante;
modification/25mm_mk38_naval_he;HEI-T;
modification/25mm_mk38_naval_he_ammo_pack;HEI-T;
modification/25mm_mk38_naval_apds;APDS;
modification/25mm_mk38_naval_apds_ammo_pack;APDS;
25mm_mk38_naval_he/name;HEI-T;
25mm_mk38_naval_apds/name;APDS;
engine_model/wz-8a;WZ-8A;
engine_model/wz-8d;WZ-8D;
engine_model/wz-9;WZ-9;
engine_model/makila_1k2;Makila 1K2;
engine_model/m53-5;M53-5;
engine_model/m53-p2;M53-P2
engine_model/cts800-4a;CTS800-4a;
engine_model/avon_115;Avon Mk. 115;
modification/mig_29_r_27/desc;Allows installation of Р-27Р and Р-27Т air-to-air missiles.;
modification/mig_29_r_27;АПУ-470;
modification/mig_29_r_73/desc;Allows installation of Р-73 air-to-air missiles.;
modification/mig_29_r_73;АПУ-73-1Д1;
modification/mig_29_r_73e/desc;Allows installation of Р-73Э air-to-air missiles.;
modification/mig_29_r_73e;Р-73Э;
modification/mig_29_r_27r/desc;Allows installation of Р-27Р air-to-air missiles.;
modification/mig_29_r_27r;АПУ-470;
modification/mig_29_r_27t/desc;Allows installation of Р-27Т air-to-air missiles.;
modification/mig_29_r_27t;АПУ-470;
modification/su_27sm_r_27t_r_27et/desc;Allows installation of Р-27ЭТ air-to-air missiles.;
modification/su_27sm_r_27t_r_27et;Р-27ЭТ;
modification/su_27sm_r_27r_r_27er/desc;Allows installation of Р-27ЭР air-to-air missiles.;
modification/su_27sm_r_27r_r_27er;Р-27ЭР;
modification/su_r_27t1_r_27et1/desc;Allows installation of Р-27ЭТ1 air-to-air missiles.;
modification/su_r_27t1_r_27et1;Р-27ЭТ1;
modification/su_r_27r1_r_27er1/desc;Allows installation of Р-27ЭР1 air-to-air missiles.;
modification/su_r_27r1_r_27er1;Р-27ЭР1;
modification/mig_29_r_27er/desc;Allows installation of Р-27ЭР air-to-air missiles.;
modification/mig_29_r_27er;Р-27ЭР;
modification/mig_29_r_27et/desc;Allows installation of Р-27ЭТ air-to-air missiles.;
modification/mig_29_r_27et;Р-27ЭТ;
modification/mig_29_r_27et1/desc;Allows installation of Р-27ЭТ1 air-to-air missiles.;
modification/mig_29_r_27et1;Р-27ЭТ1;
modification/mig_29_r_27r1/desc;Allows installation of Р-27ЭР1 air-to-air missiles.;
modification/mig_29_r_27r1;Р-27ЭР1;
modification/mig_29_r_27t1/desc;Allows installation of Р-27Т1 air-to-air missiles.;
modification/mig_29_r_27t1;Р-27Т1;
modification/mig_29_r_27er1/desc;Allows installation of Р-27ЭР1 air-to-air missiles.;
modification/mig_29_r_27er1;Р-27ЭР1;
engine_model/f100_pw_220;F100-PW-220;
engine_model/f100_pw_229;F100-PW-229
engine_model/rd-33;РД-33;
modification/yak_141_r_77/desc;Allows installation of Р-77 air-to-air missiles.;
modification/yak_141_r_77;Р-77;
modification/su_r_77_1/desc;Allows installation of Р-77-1 air-to-air missiles.
modification/su_r_77_1;Р-77-1
modification/j_11a_rvv_ae/desc;Allows instalaltino of RVV-AE air-to-air missiles.;
modification/j_11a_rvv_ae;RVV-AE;
modification/mig_21_bison_r_77e/desc;Allows installatino of Р-77Э air-to-air missiles.;
modification/mig_21_bison_r_77e;Р-77Э;
modification/128mm_ger_c41_naval_HE;Sprengranate L/4,5 Kz. m.Hb.;
modification/128mm_ger_c41_naval_HE_base_fuze;Sprengranate L/4,5 Bd.Z. m.Hb.;
modification/128mm_ger_c41_naval_HE_base_fuze_ammo_pack;Sprengranate L/4,5 Bd.Z. m.Hb.;
modification/128mm_ger_c41_naval_HE_dist_fuze_ap;Sprengranate L/4,5 Zt.Z. m.Hb.;
modification/128mm_ger_c41_naval_HE_dist_fuze_ap_ammo_pack;Sprengranate L/4,5 Zt.Z. m.Hb.;
engine_model/wp-13f1;WP-13F-I;
modification/120mm_ussr_50cal_Bofors_he;HE;
modification/37mm_fr_50_he;OE
modification/138mm_fr_40_1927_he;OE
modification/138mm_fr_40_1927_sap;SAP
modification/100mm_45_fr_navy_ap;mle 1913
modification/100mm_45_fr_navy_ap_ammo_pack;mle 1913
modification/65mm_50_navy_ap;mle 1902
modification/65mm_50_navy_ap_ammo_pack;mle 1902
modification/138mm_fr_40_1927_sap_ammo_pack;SAP
engine_model/rd-41;РД-41;
engine_model/r79v-300;Р-79В-300;
modification/155mm_fr_m1924_navy_he;OE mle 1924;
modification/155mm_fr_m1924_naval_he_base_fuse;OE-TF mle 1924;
modification/155mm_fr_m1924_naval_he_base_fuse_ammo_pack;OE-TF mle 1924;
modification/155mm_fr_m1924_navy_sap;SAP mle 1924;
modification/155mm_fr_m1924_navy_sap_ammo_pack;SAP mle 1924;
modification/75mm_oea_mle1925_navy_he_nose_fuse;OEA mle 1925;
modification/320mm_it_40_navy_sap;Granata Perforante;
modification/320mm_it_40_palla_navy_apcbc;Granata Perforante Palla;
modification/320mm_it_40_palla_navy_apcbc_ammo_pack;Granata Perforante Palla;
modification/90mm_50_it_navy_he_df;HE-TF;
engine_model/250c30;250-C30;
engine_model/250c30r;250-C30R;
engine_model/wp-13b-ii;WP-13B-II;
engine_model/f110-ge-400;F110-GE-400;
engine_model/f110-ge-100;F110-GE-100;
engine_model/f110-ge-129/F110-GE-129
engine_model/gnome_h_1200;Gnome H.1200;
modification/203mm_fr_oea_mle1927_navy_he;OEA mle 1927;
modification/203mm_opf_mle1927_navy_sapc;OPF mle 1927;
modification/203mm_opf_mle1927_navy_sapc_ammo_pack;OPF mle 1927;
modification/90mm_50_fr_oea_mle1925_navy_he;OEA mle 1925;
modification/90mm_50_fr_oea_mle1925_navy_he_df;OEA mle 1925;
modification/90mm_50_fr_oea_mle1925_navy_he_df_ammo_pack;OEA mle 1925;
modification/305mm_fr_45_opf_mle1910_navy_apc;OPF mle 1910;
modification/305mm_fr_45_opf_mle1910_navy_apc_ammo_pack;OPF mle 1910;
modification/130mm_fr_45_1933_navy_sap;OPF mle 1933
modification/130mm_fr_45_1933_navy_sap_ammo_pack;OPF mle 1933
modification/130mm_fr_45_1934_navy_he_df;OEA mle 1934 (TF)
modification/130mm_fr_45_1934_navy_he_df_ammo_pack;OPF mle 1934 (TF)
modification/138mm_fr_55_1910_sap;OPF mle 1910;
modification/138mm_fr_55_1910_sap_ammo_pack;OPF mle 1910;
modification/138mm_fr_55_1921_sap;OPF mle 1921;
modification/138mm_fr_55_1921_sap_ammo_pack;OPF mle 1921;
modification/340mm_fr_mle_1912_navy_apc;OPF mle 1912;
modification/340mm_fr_mle_1912_navy_apc_ammo_pack;OPF mle 1912;
modification/340mm_fr_mle_1921_navy_apc;OPF mle 1921;
modification/340mm_fr_mle_1921_navy_apc_ammo_pack;OPF mle 1921;
modification/330mm_fr_mle_1935_navy_sapcbc;OPF mle 1935
modification/330mm_fr_mle_1935_navy_sapcbc_ammo_pack;OPF mle 1935
modification/130mm_fr_40_1932_navy_he;OEA mle 1932;
modification/130mm_fr_40_1923_navy_sap;OPF mle 1923;
modification/130mm_fr_40_1923_navy_sap_ammo_pack;OPF mle 1923;
modification/152mm_fr_m1937_navy_he;OEA mle 1937;
modification/152mm_fr_m1937_naval_sap;OPF mle 1937;
modification/152mm_fr_m1937_naval_sap_ammo_pack;OPF mle 1937;
modification/152mm_fr_us_navy_apcbc;OPF mle 1923;
modification/152mm_fr_us_navy_apcbc_ammo_pack;OPF mle 1923;
modification/200mm_jp_type3_navy_common;三式榴弾;
modification/200mm_jp_type3_navy_apc;三式徹甲弾;
modification/200mm_jp_type3_navy_apc_ammo_pack;三式徹甲弾;
modification/410mm_jp_common_type0_navy_he;〇式榴弾;
modification/410mm_jp_no5_navy_apc;五式徹甲弾;
modification/410mm_jp_no5_navy_apc_ammo_pack;五式徹甲弾;
modification/410mm_jp_no3_navy_apc;三式徹甲弾;
modification/410mm_jp_no3_navy_apc_ammo_pack;三式徹甲弾;
modification/406mm_us_mk13_navy_he;HC Mk 13
modification/406mm_us_mk3_navy_apcbc;APCBC Mk 3
modification/406mm_us_mk3_navy_apcbc_ammo_pack;APCBC Mk 3
modification/406mm_us_mk5_navy_apcbc;APCBC Mk 5
modification/406mm_us_mk5_navy_apcbc_ammo_pack;APCBC Mk 5
modification/406mm_us_mk8_mod6_navy_apcbc;APCBC Mk 8 Mod 6
modification/406mm_us_mk8_mod6_navy_apcbc_ammo_pack;APCBC Mk 8 Mod 6
modification/87_6mm_uk_navy_apc_ammo_pack;Mk. I APC;
modification/406mm_ussr_navy_sapcbc;обр. 1928 г.
modification/406mm_ussr_navy_apcbc;обр. 1928 г.
modification/406mm_ussr_navy_apcbc_ammo_pack;обр. 1928 г.
modification/460mm_jp_type91_navy_apc;九一式徹甲弾
modification/460mm_jp_type91_navy_apc_ammo_pack;九一式徹甲弾
modification/380mm_45_fr_mle1936_navy_apcbc;OPF Mle 1936
modification/380mm_45_fr_mle1936_navy_apcbc_ammo_pack;OPF Mle 1936
modification/380mm_45_fr_mle1943_navy_apcbc;OPF Mle 1943
modification/380mm_45_fr_mle1943_navy_apcbc_ammo_pack;OPF Mle 1943
modification/381mm_50_it_navy_apcbc;Palla
modification/381mm_50_it_navy_apcbc_ammo_pack;Palla
87_6mm_uk_navy_apc/name;Mk. I APC;
modification/381mm_uk_bl_mk1_4crh_mk1a_navy_apc;Mk. Ia APC;
modification/381mm_uk_bl_mk1_4crh_mk1a_navy_apc_ammo_pack;Mk. Ia APC;
counterMeasures/lsz_8vn;ЛСЗ-8ВН
engine_model/tv2_117a;TV2-117A;
engine_model/atar_8k_50;Atar 8K-50;
engine_model/rd-33_serie_2;РД-33;
engine_model/rd-33_serie_3;РД-33;
engine_model/rd-93;РД-93;
engine_model/tf30_p_3;TF30-P-3;
engine_model/tv3_117vm;ТВ3-117ВМ;
engine_manufacturer/xaec;XAEC;
engine_model/ws_9;WS-9;
engine_model/al_31f;АЛ-31Ф;
engine_model/al_31f_m1;АЛ-31Ф-М1;
engine_model/al_31fn;АЛ-31ФН;
engine_model/f100_pw_100;F100-PW-220E;
engine_model/f100_ihi_100;F100-IHI-100E;
engine_model/f100_ihi_200e;F100-IHI-200E;
engine_model/f100_ihi_220e;F100-IHI-220E;
engine_model/rm12;RM 12;
engine_model/f404_ge_100;F404-GE-100;
engine_model/adour_mk811;Adour Mk. 811;
engine_model/avon_302c;Avon Mk. 301C;
engine_model/j79_ihi_11;J79-IHI-11;
engine_model/AVDS-1790-5A;AVDS-1790-5A;
engine_model/tf30_p_103;TF30-P-103;
engine_model/tf30_p_100;TF30-P-100;
engine_model/tf30_p_109;TF30-P-109;
engine_model/f404_f1d2;F404-F1D2
engine_model/f402-rr-406;F402-RR-406;
engine_model/vk-2500_03;ВК-2500-03
engine_model/viper_633_41;Viper Mk. 633-41
engine_model/viper_633_47;Viper Mk. 633-47
engine_model/m88_2;M88-2
engine_manufacturer/eurojet;EuroJet
engine_model/ej200;EJ200
engine_model/al_31f_series_3;АЛ-31Ф
engine_model/14n-35;14N-35
engine_model/al_31fp;АЛ-31ФП
engine_model/f404_ge_400;F404-GE-400
engine_model/f404_ge_402;F404-GE-402
engine_model/ws_10a;WS-10A
engine_model/orpheus_mk_703;Orpheus Mk.703
engine_model/f110-ihi-129;F110-IHI-129
engine_model/ai_25tl;АИ-25ТЛ 
engine_manufacturer/ivchenko;Ивченко
engine_model/j85_can_15;J85-CAN-15
engine_manufacturer/orenda;Orenda
engine_model/t800_lht_801;T800-LHT-801
engine_model/wz-9c;WZ-9C
engine_model/vk-1f;ВК-1Ф
engine_model/j75-p-17;J75-P-17
engine_model/T700-GE-701D;T700-GE-701D
CLIPPED_LANG_KEEP_IT_ALWAYS_FIRST;


